[2025-08-11 15:45:48,687] [INFO] [app] - Получено 10 блогов)
[2025-08-11 16:46:19,040] [INFO] [app] - Пользователь не существует: user@example.com
[2025-08-11 16:46:25,806] [INFO] [app] - Пользователь не существует: user@example.com
[2025-08-11 16:46:58,239] [ERROR] [app] - Глобальная ошибка на POST /auth/register: Error 61 connecting to localhost:6379. Connection refused.
  + Exception Group Traceback (most recent call last):
  |   File "/Users/alex/Desktop/Dev/api_mp/venv/lib/python3.9/site-packages/starlette/_utils.py", line 77, in collapse_excgroups
  |     yield
  |   File "/Users/alex/Desktop/Dev/api_mp/venv/lib/python3.9/site-packages/starlette/middleware/base.py", line 187, in __call__
  |     recv_stream.close()
  |   File "/Users/alex/Desktop/Dev/api_mp/venv/lib/python3.9/site-packages/anyio/_backends/_asyncio.py", line 772, in __aexit__
  |     raise BaseExceptionGroup(
  | exceptiongroup.ExceptionGroup: unhandled errors in a TaskGroup (1 sub-exception)
  +-+---------------- 1 ----------------
    | Traceback (most recent call last):
    |   File "/Users/alex/Desktop/Dev/api_mp/venv/lib/python3.9/site-packages/starlette/middleware/errors.py", line 164, in __call__
    |     await self.app(scope, receive, _send)
    |   File "/Users/alex/Desktop/Dev/api_mp/venv/lib/python3.9/site-packages/starlette/middleware/base.py", line 187, in __call__
    |     recv_stream.close()
    |   File "/Library/Developer/CommandLineTools/Library/Frameworks/Python3.framework/Versions/3.9/lib/python3.9/contextlib.py", line 135, in __exit__
    |     self.gen.throw(type, value, traceback)
    |   File "/Users/alex/Desktop/Dev/api_mp/venv/lib/python3.9/site-packages/starlette/_utils.py", line 83, in collapse_excgroups
    |     raise exc
    |   File "/Users/alex/Desktop/Dev/api_mp/venv/lib/python3.9/site-packages/starlette/middleware/base.py", line 184, in __call__
    |     response = await self.dispatch_func(request, call_next)
    |   File "/Users/alex/Desktop/Dev/api_mp/middleware/auth.py", line 22, in dispatch
    |     response = await call_next(request)
    |   File "/Users/alex/Desktop/Dev/api_mp/venv/lib/python3.9/site-packages/starlette/middleware/base.py", line 159, in call_next
    |     raise app_exc
    |   File "/Users/alex/Desktop/Dev/api_mp/venv/lib/python3.9/site-packages/starlette/middleware/base.py", line 144, in coro
    |     await self.app(scope, receive_or_disconnect, send_no_error)
    |   File "/Users/alex/Desktop/Dev/api_mp/venv/lib/python3.9/site-packages/starlette/middleware/exceptions.py", line 63, in __call__
    |     await wrap_app_handling_exceptions(self.app, conn)(scope, receive, send)
    |   File "/Users/alex/Desktop/Dev/api_mp/venv/lib/python3.9/site-packages/starlette/_exception_handler.py", line 53, in wrapped_app
    |     raise exc
    |   File "/Users/alex/Desktop/Dev/api_mp/venv/lib/python3.9/site-packages/starlette/_exception_handler.py", line 42, in wrapped_app
    |     await app(scope, receive, sender)
    |   File "/Users/alex/Desktop/Dev/api_mp/venv/lib/python3.9/site-packages/starlette/routing.py", line 716, in __call__
    |     await self.middleware_stack(scope, receive, send)
    |   File "/Users/alex/Desktop/Dev/api_mp/venv/lib/python3.9/site-packages/starlette/routing.py", line 736, in app
    |     await route.handle(scope, receive, send)
    |   File "/Users/alex/Desktop/Dev/api_mp/venv/lib/python3.9/site-packages/starlette/routing.py", line 290, in handle
    |     await self.app(scope, receive, send)
    |   File "/Users/alex/Desktop/Dev/api_mp/venv/lib/python3.9/site-packages/starlette/routing.py", line 78, in app
    |     await wrap_app_handling_exceptions(app, request)(scope, receive, send)
    |   File "/Users/alex/Desktop/Dev/api_mp/venv/lib/python3.9/site-packages/starlette/_exception_handler.py", line 53, in wrapped_app
    |     raise exc
    |   File "/Users/alex/Desktop/Dev/api_mp/venv/lib/python3.9/site-packages/starlette/_exception_handler.py", line 42, in wrapped_app
    |     await app(scope, receive, sender)
    |   File "/Users/alex/Desktop/Dev/api_mp/venv/lib/python3.9/site-packages/starlette/routing.py", line 75, in app
    |     response = await f(request)
    |   File "/Users/alex/Desktop/Dev/api_mp/venv/lib/python3.9/site-packages/fastapi/routing.py", line 302, in app
    |     raw_response = await run_endpoint_function(
    |   File "/Users/alex/Desktop/Dev/api_mp/venv/lib/python3.9/site-packages/fastapi/routing.py", line 213, in run_endpoint_function
    |     return await dependant.call(**values)
    |   File "/Users/alex/Desktop/Dev/api_mp/routers/auth.py", line 33, in register
    |     send_registration_email.delay(user.email, user.name)
    |   File "/Users/alex/Desktop/Dev/api_mp/venv/lib/python3.9/site-packages/celery/app/task.py", line 444, in delay
    |     return self.apply_async(args, kwargs)
    |   File "/Users/alex/Desktop/Dev/api_mp/venv/lib/python3.9/site-packages/celery/app/task.py", line 601, in apply_async
    |     return app.send_task(
    |   File "/Users/alex/Desktop/Dev/api_mp/venv/lib/python3.9/site-packages/celery/app/base.py", line 929, in send_task
    |     self.backend.on_task_call(P, task_id)
    |   File "/Users/alex/Desktop/Dev/api_mp/venv/lib/python3.9/site-packages/celery/backends/redis.py", line 378, in on_task_call
    |     self.result_consumer.consume_from(task_id)
    |   File "/Users/alex/Desktop/Dev/api_mp/venv/lib/python3.9/site-packages/celery/backends/redis.py", line 169, in consume_from
    |     return self.start(task_id)
    |   File "/Users/alex/Desktop/Dev/api_mp/venv/lib/python3.9/site-packages/celery/backends/redis.py", line 147, in start
    |     self._consume_from(initial_task_id)
    |   File "/Users/alex/Desktop/Dev/api_mp/venv/lib/python3.9/site-packages/celery/backends/redis.py", line 177, in _consume_from
    |     self._pubsub.subscribe(key)
    |   File "/Library/Developer/CommandLineTools/Library/Frameworks/Python3.framework/Versions/3.9/lib/python3.9/contextlib.py", line 135, in __exit__
    |     self.gen.throw(type, value, traceback)
    |   File "/Users/alex/Desktop/Dev/api_mp/venv/lib/python3.9/site-packages/celery/backends/redis.py", line 130, in reconnect_on_error
    |     self._ensure(self._reconnect_pubsub, ())
    |   File "/Users/alex/Desktop/Dev/api_mp/venv/lib/python3.9/site-packages/celery/backends/redis.py", line 389, in ensure
    |     return retry_over_time(
    |   File "/Users/alex/Desktop/Dev/api_mp/venv/lib/python3.9/site-packages/kombu/utils/functional.py", line 318, in retry_over_time
    |     return fun(*args, **kwargs)
    |   File "/Users/alex/Desktop/Dev/api_mp/venv/lib/python3.9/site-packages/celery/backends/redis.py", line 106, in _reconnect_pubsub
    |     metas = self.backend.client.mget(self.subscribed_to)
    |   File "/Users/alex/Desktop/Dev/api_mp/venv/lib/python3.9/site-packages/redis/commands/core.py", line 2009, in mget
    |     return self.execute_command("MGET", *args, **options)
    |   File "/Users/alex/Desktop/Dev/api_mp/venv/lib/python3.9/site-packages/redis/client.py", line 559, in execute_command
    |     return self._execute_command(*args, **options)
    |   File "/Users/alex/Desktop/Dev/api_mp/venv/lib/python3.9/site-packages/redis/client.py", line 565, in _execute_command
    |     conn = self.connection or pool.get_connection(command_name, **options)
    |   File "/Users/alex/Desktop/Dev/api_mp/venv/lib/python3.9/site-packages/redis/connection.py", line 1422, in get_connection
    |     connection.connect()
    |   File "/Users/alex/Desktop/Dev/api_mp/venv/lib/python3.9/site-packages/redis/connection.py", line 363, in connect
    |     raise ConnectionError(self._error_message(e))
    | redis.exceptions.ConnectionError: Error 61 connecting to localhost:6379. Connection refused.
    +------------------------------------

During handling of the above exception, another exception occurred:

Traceback (most recent call last):
  File "/Users/alex/Desktop/Dev/api_mp/venv/lib/python3.9/site-packages/starlette/middleware/errors.py", line 164, in __call__
    await self.app(scope, receive, _send)
  File "/Users/alex/Desktop/Dev/api_mp/venv/lib/python3.9/site-packages/starlette/middleware/base.py", line 187, in __call__
    recv_stream.close()
  File "/Library/Developer/CommandLineTools/Library/Frameworks/Python3.framework/Versions/3.9/lib/python3.9/contextlib.py", line 135, in __exit__
    self.gen.throw(type, value, traceback)
  File "/Users/alex/Desktop/Dev/api_mp/venv/lib/python3.9/site-packages/starlette/_utils.py", line 83, in collapse_excgroups
    raise exc
  File "/Users/alex/Desktop/Dev/api_mp/venv/lib/python3.9/site-packages/starlette/middleware/base.py", line 184, in __call__
    response = await self.dispatch_func(request, call_next)
  File "/Users/alex/Desktop/Dev/api_mp/middleware/auth.py", line 22, in dispatch
    response = await call_next(request)
  File "/Users/alex/Desktop/Dev/api_mp/venv/lib/python3.9/site-packages/starlette/middleware/base.py", line 159, in call_next
    raise app_exc
  File "/Users/alex/Desktop/Dev/api_mp/venv/lib/python3.9/site-packages/starlette/middleware/base.py", line 144, in coro
    await self.app(scope, receive_or_disconnect, send_no_error)
  File "/Users/alex/Desktop/Dev/api_mp/venv/lib/python3.9/site-packages/starlette/middleware/exceptions.py", line 63, in __call__
    await wrap_app_handling_exceptions(self.app, conn)(scope, receive, send)
  File "/Users/alex/Desktop/Dev/api_mp/venv/lib/python3.9/site-packages/starlette/_exception_handler.py", line 53, in wrapped_app
    raise exc
  File "/Users/alex/Desktop/Dev/api_mp/venv/lib/python3.9/site-packages/starlette/_exception_handler.py", line 42, in wrapped_app
    await app(scope, receive, sender)
  File "/Users/alex/Desktop/Dev/api_mp/venv/lib/python3.9/site-packages/starlette/routing.py", line 716, in __call__
    await self.middleware_stack(scope, receive, send)
  File "/Users/alex/Desktop/Dev/api_mp/venv/lib/python3.9/site-packages/starlette/routing.py", line 736, in app
    await route.handle(scope, receive, send)
  File "/Users/alex/Desktop/Dev/api_mp/venv/lib/python3.9/site-packages/starlette/routing.py", line 290, in handle
    await self.app(scope, receive, send)
  File "/Users/alex/Desktop/Dev/api_mp/venv/lib/python3.9/site-packages/starlette/routing.py", line 78, in app
    await wrap_app_handling_exceptions(app, request)(scope, receive, send)
  File "/Users/alex/Desktop/Dev/api_mp/venv/lib/python3.9/site-packages/starlette/_exception_handler.py", line 53, in wrapped_app
    raise exc
  File "/Users/alex/Desktop/Dev/api_mp/venv/lib/python3.9/site-packages/starlette/_exception_handler.py", line 42, in wrapped_app
    await app(scope, receive, sender)
  File "/Users/alex/Desktop/Dev/api_mp/venv/lib/python3.9/site-packages/starlette/routing.py", line 75, in app
    response = await f(request)
  File "/Users/alex/Desktop/Dev/api_mp/venv/lib/python3.9/site-packages/fastapi/routing.py", line 302, in app
    raw_response = await run_endpoint_function(
  File "/Users/alex/Desktop/Dev/api_mp/venv/lib/python3.9/site-packages/fastapi/routing.py", line 213, in run_endpoint_function
    return await dependant.call(**values)
  File "/Users/alex/Desktop/Dev/api_mp/routers/auth.py", line 33, in register
    send_registration_email.delay(user.email, user.name)
  File "/Users/alex/Desktop/Dev/api_mp/venv/lib/python3.9/site-packages/celery/app/task.py", line 444, in delay
    return self.apply_async(args, kwargs)
  File "/Users/alex/Desktop/Dev/api_mp/venv/lib/python3.9/site-packages/celery/app/task.py", line 601, in apply_async
    return app.send_task(
  File "/Users/alex/Desktop/Dev/api_mp/venv/lib/python3.9/site-packages/celery/app/base.py", line 929, in send_task
    self.backend.on_task_call(P, task_id)
  File "/Users/alex/Desktop/Dev/api_mp/venv/lib/python3.9/site-packages/celery/backends/redis.py", line 378, in on_task_call
    self.result_consumer.consume_from(task_id)
  File "/Users/alex/Desktop/Dev/api_mp/venv/lib/python3.9/site-packages/celery/backends/redis.py", line 169, in consume_from
    return self.start(task_id)
  File "/Users/alex/Desktop/Dev/api_mp/venv/lib/python3.9/site-packages/celery/backends/redis.py", line 147, in start
    self._consume_from(initial_task_id)
  File "/Users/alex/Desktop/Dev/api_mp/venv/lib/python3.9/site-packages/celery/backends/redis.py", line 177, in _consume_from
    self._pubsub.subscribe(key)
  File "/Library/Developer/CommandLineTools/Library/Frameworks/Python3.framework/Versions/3.9/lib/python3.9/contextlib.py", line 135, in __exit__
    self.gen.throw(type, value, traceback)
  File "/Users/alex/Desktop/Dev/api_mp/venv/lib/python3.9/site-packages/celery/backends/redis.py", line 130, in reconnect_on_error
    self._ensure(self._reconnect_pubsub, ())
  File "/Users/alex/Desktop/Dev/api_mp/venv/lib/python3.9/site-packages/celery/backends/redis.py", line 389, in ensure
    return retry_over_time(
  File "/Users/alex/Desktop/Dev/api_mp/venv/lib/python3.9/site-packages/kombu/utils/functional.py", line 318, in retry_over_time
    return fun(*args, **kwargs)
  File "/Users/alex/Desktop/Dev/api_mp/venv/lib/python3.9/site-packages/celery/backends/redis.py", line 106, in _reconnect_pubsub
    metas = self.backend.client.mget(self.subscribed_to)
  File "/Users/alex/Desktop/Dev/api_mp/venv/lib/python3.9/site-packages/redis/commands/core.py", line 2009, in mget
    return self.execute_command("MGET", *args, **options)
  File "/Users/alex/Desktop/Dev/api_mp/venv/lib/python3.9/site-packages/redis/client.py", line 559, in execute_command
    return self._execute_command(*args, **options)
  File "/Users/alex/Desktop/Dev/api_mp/venv/lib/python3.9/site-packages/redis/client.py", line 565, in _execute_command
    conn = self.connection or pool.get_connection(command_name, **options)
  File "/Users/alex/Desktop/Dev/api_mp/venv/lib/python3.9/site-packages/redis/connection.py", line 1422, in get_connection
    connection.connect()
  File "/Users/alex/Desktop/Dev/api_mp/venv/lib/python3.9/site-packages/redis/connection.py", line 363, in connect
    raise ConnectionError(self._error_message(e))
redis.exceptions.ConnectionError: Error 61 connecting to localhost:6379. Connection refused.
[2025-08-11 16:50:07,560] [INFO] [app] - Пользователь не существует: user222@example.com
[2025-08-11 16:50:15,071] [ERROR] [app] - Ошибка при коммите создания пользователя в БД (sqlalchemy.dialects.postgresql.asyncpg.IntegrityError) <class 'asyncpg.exceptions.UniqueViolationError'>: duplicate key value violates unique constraint "ix_users_phone"
DETAIL:  Key (phone)=(+79255775746) already exists.
[SQL: INSERT INTO users (email, name, phone, hashed_password, is_superuser) VALUES ($1::VARCHAR, $2::VARCHAR, $3::VARCHAR, $4::VARCHAR, $5::BOOLEAN) RETURNING users.id]
[parameters: ('user22232@example.com', 'strings123', '+79255775746', '$2b$12$kmNoP8nHGD5vyFVMmVhbYevwjyQ1xCNKqU40yvUbpK3qUc1X0ZWJy', False)]
(Background on this error at: https://sqlalche.me/e/20/gkpj)
Traceback (most recent call last):
  File "/Users/alex/Desktop/Dev/api_mp/venv/lib/python3.9/site-packages/sqlalchemy/dialects/postgresql/asyncpg.py", line 545, in _prepare_and_execute
    self._rows = deque(await prepared_stmt.fetch(*parameters))
  File "/Users/alex/Desktop/Dev/api_mp/venv/lib/python3.9/site-packages/asyncpg/prepared_stmt.py", line 176, in fetch
    data = await self.__bind_execute(args, 0, timeout)
  File "/Users/alex/Desktop/Dev/api_mp/venv/lib/python3.9/site-packages/asyncpg/prepared_stmt.py", line 267, in __bind_execute
    data, status, _ = await self.__do_execute(
  File "/Users/alex/Desktop/Dev/api_mp/venv/lib/python3.9/site-packages/asyncpg/prepared_stmt.py", line 256, in __do_execute
    return await executor(protocol)
  File "asyncpg/protocol/protocol.pyx", line 206, in bind_execute
asyncpg.exceptions.UniqueViolationError: duplicate key value violates unique constraint "ix_users_phone"
DETAIL:  Key (phone)=(+79255775746) already exists.

The above exception was the direct cause of the following exception:

Traceback (most recent call last):
  File "/Users/alex/Desktop/Dev/api_mp/venv/lib/python3.9/site-packages/sqlalchemy/engine/base.py", line 1963, in _exec_single_context
    self.dialect.do_execute(
  File "/Users/alex/Desktop/Dev/api_mp/venv/lib/python3.9/site-packages/sqlalchemy/engine/default.py", line 943, in do_execute
    cursor.execute(statement, parameters)
  File "/Users/alex/Desktop/Dev/api_mp/venv/lib/python3.9/site-packages/sqlalchemy/dialects/postgresql/asyncpg.py", line 580, in execute
    self._adapt_connection.await_(
  File "/Users/alex/Desktop/Dev/api_mp/venv/lib/python3.9/site-packages/sqlalchemy/util/_concurrency_py3k.py", line 132, in await_only
    return current.parent.switch(awaitable)  # type: ignore[no-any-return,attr-defined] # noqa: E501
  File "/Users/alex/Desktop/Dev/api_mp/venv/lib/python3.9/site-packages/sqlalchemy/util/_concurrency_py3k.py", line 196, in greenlet_spawn
    value = await result
  File "/Users/alex/Desktop/Dev/api_mp/venv/lib/python3.9/site-packages/sqlalchemy/dialects/postgresql/asyncpg.py", line 558, in _prepare_and_execute
    self._handle_exception(error)
  File "/Users/alex/Desktop/Dev/api_mp/venv/lib/python3.9/site-packages/sqlalchemy/dialects/postgresql/asyncpg.py", line 508, in _handle_exception
    self._adapt_connection._handle_exception(error)
  File "/Users/alex/Desktop/Dev/api_mp/venv/lib/python3.9/site-packages/sqlalchemy/dialects/postgresql/asyncpg.py", line 792, in _handle_exception
    raise translated_error from error
sqlalchemy.dialects.postgresql.asyncpg.AsyncAdapt_asyncpg_dbapi.IntegrityError: <class 'asyncpg.exceptions.UniqueViolationError'>: duplicate key value violates unique constraint "ix_users_phone"
DETAIL:  Key (phone)=(+79255775746) already exists.

The above exception was the direct cause of the following exception:

Traceback (most recent call last):
  File "/Users/alex/Desktop/Dev/api_mp/services/user.py", line 31, in create_user
    await session.commit()
  File "/Users/alex/Desktop/Dev/api_mp/venv/lib/python3.9/site-packages/sqlalchemy/ext/asyncio/session.py", line 1014, in commit
    await greenlet_spawn(self.sync_session.commit)
  File "/Users/alex/Desktop/Dev/api_mp/venv/lib/python3.9/site-packages/sqlalchemy/util/_concurrency_py3k.py", line 203, in greenlet_spawn
    result = context.switch(value)
  File "/Users/alex/Desktop/Dev/api_mp/venv/lib/python3.9/site-packages/sqlalchemy/orm/session.py", line 2032, in commit
    trans.commit(_to_root=True)
  File "<string>", line 2, in commit
  File "/Users/alex/Desktop/Dev/api_mp/venv/lib/python3.9/site-packages/sqlalchemy/orm/state_changes.py", line 139, in _go
    ret_value = fn(self, *arg, **kw)
  File "/Users/alex/Desktop/Dev/api_mp/venv/lib/python3.9/site-packages/sqlalchemy/orm/session.py", line 1313, in commit
    self._prepare_impl()
  File "<string>", line 2, in _prepare_impl
  File "/Users/alex/Desktop/Dev/api_mp/venv/lib/python3.9/site-packages/sqlalchemy/orm/state_changes.py", line 139, in _go
    ret_value = fn(self, *arg, **kw)
  File "/Users/alex/Desktop/Dev/api_mp/venv/lib/python3.9/site-packages/sqlalchemy/orm/session.py", line 1288, in _prepare_impl
    self.session.flush()
  File "/Users/alex/Desktop/Dev/api_mp/venv/lib/python3.9/site-packages/sqlalchemy/orm/session.py", line 4345, in flush
    self._flush(objects)
  File "/Users/alex/Desktop/Dev/api_mp/venv/lib/python3.9/site-packages/sqlalchemy/orm/session.py", line 4481, in _flush
    transaction.rollback(_capture_exception=True)
  File "/Users/alex/Desktop/Dev/api_mp/venv/lib/python3.9/site-packages/sqlalchemy/util/langhelpers.py", line 224, in __exit__
    raise exc_value.with_traceback(exc_tb)
  File "/Users/alex/Desktop/Dev/api_mp/venv/lib/python3.9/site-packages/sqlalchemy/orm/session.py", line 4441, in _flush
    flush_context.execute()
  File "/Users/alex/Desktop/Dev/api_mp/venv/lib/python3.9/site-packages/sqlalchemy/orm/unitofwork.py", line 466, in execute
    rec.execute(self)
  File "/Users/alex/Desktop/Dev/api_mp/venv/lib/python3.9/site-packages/sqlalchemy/orm/unitofwork.py", line 642, in execute
    util.preloaded.orm_persistence.save_obj(
  File "/Users/alex/Desktop/Dev/api_mp/venv/lib/python3.9/site-packages/sqlalchemy/orm/persistence.py", line 93, in save_obj
    _emit_insert_statements(
  File "/Users/alex/Desktop/Dev/api_mp/venv/lib/python3.9/site-packages/sqlalchemy/orm/persistence.py", line 1233, in _emit_insert_statements
    result = connection.execute(
  File "/Users/alex/Desktop/Dev/api_mp/venv/lib/python3.9/site-packages/sqlalchemy/engine/base.py", line 1415, in execute
    return meth(
  File "/Users/alex/Desktop/Dev/api_mp/venv/lib/python3.9/site-packages/sqlalchemy/sql/elements.py", line 523, in _execute_on_connection
    return connection._execute_clauseelement(
  File "/Users/alex/Desktop/Dev/api_mp/venv/lib/python3.9/site-packages/sqlalchemy/engine/base.py", line 1637, in _execute_clauseelement
    ret = self._execute_context(
  File "/Users/alex/Desktop/Dev/api_mp/venv/lib/python3.9/site-packages/sqlalchemy/engine/base.py", line 1842, in _execute_context
    return self._exec_single_context(
  File "/Users/alex/Desktop/Dev/api_mp/venv/lib/python3.9/site-packages/sqlalchemy/engine/base.py", line 1982, in _exec_single_context
    self._handle_dbapi_exception(
  File "/Users/alex/Desktop/Dev/api_mp/venv/lib/python3.9/site-packages/sqlalchemy/engine/base.py", line 2351, in _handle_dbapi_exception
    raise sqlalchemy_exception.with_traceback(exc_info[2]) from e
  File "/Users/alex/Desktop/Dev/api_mp/venv/lib/python3.9/site-packages/sqlalchemy/engine/base.py", line 1963, in _exec_single_context
    self.dialect.do_execute(
  File "/Users/alex/Desktop/Dev/api_mp/venv/lib/python3.9/site-packages/sqlalchemy/engine/default.py", line 943, in do_execute
    cursor.execute(statement, parameters)
  File "/Users/alex/Desktop/Dev/api_mp/venv/lib/python3.9/site-packages/sqlalchemy/dialects/postgresql/asyncpg.py", line 580, in execute
    self._adapt_connection.await_(
  File "/Users/alex/Desktop/Dev/api_mp/venv/lib/python3.9/site-packages/sqlalchemy/util/_concurrency_py3k.py", line 132, in await_only
    return current.parent.switch(awaitable)  # type: ignore[no-any-return,attr-defined] # noqa: E501
  File "/Users/alex/Desktop/Dev/api_mp/venv/lib/python3.9/site-packages/sqlalchemy/util/_concurrency_py3k.py", line 196, in greenlet_spawn
    value = await result
  File "/Users/alex/Desktop/Dev/api_mp/venv/lib/python3.9/site-packages/sqlalchemy/dialects/postgresql/asyncpg.py", line 558, in _prepare_and_execute
    self._handle_exception(error)
  File "/Users/alex/Desktop/Dev/api_mp/venv/lib/python3.9/site-packages/sqlalchemy/dialects/postgresql/asyncpg.py", line 508, in _handle_exception
    self._adapt_connection._handle_exception(error)
  File "/Users/alex/Desktop/Dev/api_mp/venv/lib/python3.9/site-packages/sqlalchemy/dialects/postgresql/asyncpg.py", line 792, in _handle_exception
    raise translated_error from error
sqlalchemy.exc.IntegrityError: (sqlalchemy.dialects.postgresql.asyncpg.IntegrityError) <class 'asyncpg.exceptions.UniqueViolationError'>: duplicate key value violates unique constraint "ix_users_phone"
DETAIL:  Key (phone)=(+79255775746) already exists.
[SQL: INSERT INTO users (email, name, phone, hashed_password, is_superuser) VALUES ($1::VARCHAR, $2::VARCHAR, $3::VARCHAR, $4::VARCHAR, $5::BOOLEAN) RETURNING users.id]
[parameters: ('user22232@example.com', 'strings123', '+79255775746', '$2b$12$kmNoP8nHGD5vyFVMmVhbYevwjyQ1xCNKqU40yvUbpK3qUc1X0ZWJy', False)]
(Background on this error at: https://sqlalche.me/e/20/gkpj)
[2025-08-11 16:50:15,145] [ERROR] [app] - Глобальная ошибка на POST /auth/register: (sqlalchemy.dialects.postgresql.asyncpg.IntegrityError) <class 'asyncpg.exceptions.UniqueViolationError'>: duplicate key value violates unique constraint "ix_users_phone"
DETAIL:  Key (phone)=(+79255775746) already exists.
[SQL: INSERT INTO users (email, name, phone, hashed_password, is_superuser) VALUES ($1::VARCHAR, $2::VARCHAR, $3::VARCHAR, $4::VARCHAR, $5::BOOLEAN) RETURNING users.id]
[parameters: ('user22232@example.com', 'strings123', '+79255775746', '$2b$12$kmNoP8nHGD5vyFVMmVhbYevwjyQ1xCNKqU40yvUbpK3qUc1X0ZWJy', False)]
(Background on this error at: https://sqlalche.me/e/20/gkpj)
Traceback (most recent call last):
  File "/Users/alex/Desktop/Dev/api_mp/venv/lib/python3.9/site-packages/sqlalchemy/dialects/postgresql/asyncpg.py", line 545, in _prepare_and_execute
    self._rows = deque(await prepared_stmt.fetch(*parameters))
  File "/Users/alex/Desktop/Dev/api_mp/venv/lib/python3.9/site-packages/asyncpg/prepared_stmt.py", line 176, in fetch
    data = await self.__bind_execute(args, 0, timeout)
  File "/Users/alex/Desktop/Dev/api_mp/venv/lib/python3.9/site-packages/asyncpg/prepared_stmt.py", line 267, in __bind_execute
    data, status, _ = await self.__do_execute(
  File "/Users/alex/Desktop/Dev/api_mp/venv/lib/python3.9/site-packages/asyncpg/prepared_stmt.py", line 256, in __do_execute
    return await executor(protocol)
  File "asyncpg/protocol/protocol.pyx", line 206, in bind_execute
asyncpg.exceptions.UniqueViolationError: duplicate key value violates unique constraint "ix_users_phone"
DETAIL:  Key (phone)=(+79255775746) already exists.

The above exception was the direct cause of the following exception:

Traceback (most recent call last):
  File "/Users/alex/Desktop/Dev/api_mp/venv/lib/python3.9/site-packages/sqlalchemy/engine/base.py", line 1963, in _exec_single_context
    self.dialect.do_execute(
  File "/Users/alex/Desktop/Dev/api_mp/venv/lib/python3.9/site-packages/sqlalchemy/engine/default.py", line 943, in do_execute
    cursor.execute(statement, parameters)
  File "/Users/alex/Desktop/Dev/api_mp/venv/lib/python3.9/site-packages/sqlalchemy/dialects/postgresql/asyncpg.py", line 580, in execute
    self._adapt_connection.await_(
  File "/Users/alex/Desktop/Dev/api_mp/venv/lib/python3.9/site-packages/sqlalchemy/util/_concurrency_py3k.py", line 132, in await_only
    return current.parent.switch(awaitable)  # type: ignore[no-any-return,attr-defined] # noqa: E501
  File "/Users/alex/Desktop/Dev/api_mp/venv/lib/python3.9/site-packages/sqlalchemy/util/_concurrency_py3k.py", line 196, in greenlet_spawn
    value = await result
  File "/Users/alex/Desktop/Dev/api_mp/venv/lib/python3.9/site-packages/sqlalchemy/dialects/postgresql/asyncpg.py", line 558, in _prepare_and_execute
    self._handle_exception(error)
  File "/Users/alex/Desktop/Dev/api_mp/venv/lib/python3.9/site-packages/sqlalchemy/dialects/postgresql/asyncpg.py", line 508, in _handle_exception
    self._adapt_connection._handle_exception(error)
  File "/Users/alex/Desktop/Dev/api_mp/venv/lib/python3.9/site-packages/sqlalchemy/dialects/postgresql/asyncpg.py", line 792, in _handle_exception
    raise translated_error from error
sqlalchemy.dialects.postgresql.asyncpg.AsyncAdapt_asyncpg_dbapi.IntegrityError: <class 'asyncpg.exceptions.UniqueViolationError'>: duplicate key value violates unique constraint "ix_users_phone"
DETAIL:  Key (phone)=(+79255775746) already exists.

The above exception was the direct cause of the following exception:

Traceback (most recent call last):
  File "/Users/alex/Desktop/Dev/api_mp/venv/lib/python3.9/site-packages/starlette/middleware/errors.py", line 164, in __call__
    await self.app(scope, receive, _send)
  File "/Users/alex/Desktop/Dev/api_mp/venv/lib/python3.9/site-packages/starlette/middleware/base.py", line 187, in __call__
    recv_stream.close()
  File "/Library/Developer/CommandLineTools/Library/Frameworks/Python3.framework/Versions/3.9/lib/python3.9/contextlib.py", line 135, in __exit__
    self.gen.throw(type, value, traceback)
  File "/Users/alex/Desktop/Dev/api_mp/venv/lib/python3.9/site-packages/starlette/_utils.py", line 83, in collapse_excgroups
    raise exc
  File "/Users/alex/Desktop/Dev/api_mp/venv/lib/python3.9/site-packages/starlette/middleware/base.py", line 184, in __call__
    response = await self.dispatch_func(request, call_next)
  File "/Users/alex/Desktop/Dev/api_mp/middleware/auth.py", line 22, in dispatch
    response = await call_next(request)
  File "/Users/alex/Desktop/Dev/api_mp/venv/lib/python3.9/site-packages/starlette/middleware/base.py", line 159, in call_next
    raise app_exc
  File "/Users/alex/Desktop/Dev/api_mp/venv/lib/python3.9/site-packages/starlette/middleware/base.py", line 144, in coro
    await self.app(scope, receive_or_disconnect, send_no_error)
  File "/Users/alex/Desktop/Dev/api_mp/venv/lib/python3.9/site-packages/starlette/middleware/exceptions.py", line 63, in __call__
    await wrap_app_handling_exceptions(self.app, conn)(scope, receive, send)
  File "/Users/alex/Desktop/Dev/api_mp/venv/lib/python3.9/site-packages/starlette/_exception_handler.py", line 53, in wrapped_app
    raise exc
  File "/Users/alex/Desktop/Dev/api_mp/venv/lib/python3.9/site-packages/starlette/_exception_handler.py", line 42, in wrapped_app
    await app(scope, receive, sender)
  File "/Users/alex/Desktop/Dev/api_mp/venv/lib/python3.9/site-packages/starlette/routing.py", line 716, in __call__
    await self.middleware_stack(scope, receive, send)
  File "/Users/alex/Desktop/Dev/api_mp/venv/lib/python3.9/site-packages/starlette/routing.py", line 736, in app
    await route.handle(scope, receive, send)
  File "/Users/alex/Desktop/Dev/api_mp/venv/lib/python3.9/site-packages/starlette/routing.py", line 290, in handle
    await self.app(scope, receive, send)
  File "/Users/alex/Desktop/Dev/api_mp/venv/lib/python3.9/site-packages/starlette/routing.py", line 78, in app
    await wrap_app_handling_exceptions(app, request)(scope, receive, send)
  File "/Users/alex/Desktop/Dev/api_mp/venv/lib/python3.9/site-packages/starlette/_exception_handler.py", line 53, in wrapped_app
    raise exc
  File "/Users/alex/Desktop/Dev/api_mp/venv/lib/python3.9/site-packages/starlette/_exception_handler.py", line 42, in wrapped_app
    await app(scope, receive, sender)
  File "/Users/alex/Desktop/Dev/api_mp/venv/lib/python3.9/site-packages/starlette/routing.py", line 75, in app
    response = await f(request)
  File "/Users/alex/Desktop/Dev/api_mp/venv/lib/python3.9/site-packages/fastapi/routing.py", line 302, in app
    raw_response = await run_endpoint_function(
  File "/Users/alex/Desktop/Dev/api_mp/venv/lib/python3.9/site-packages/fastapi/routing.py", line 213, in run_endpoint_function
    return await dependant.call(**values)
  File "/Users/alex/Desktop/Dev/api_mp/routers/auth.py", line 31, in register
    user = await create_user(db, user_in)
  File "/Users/alex/Desktop/Dev/api_mp/services/user.py", line 31, in create_user
    await session.commit()
  File "/Users/alex/Desktop/Dev/api_mp/venv/lib/python3.9/site-packages/sqlalchemy/ext/asyncio/session.py", line 1014, in commit
    await greenlet_spawn(self.sync_session.commit)
  File "/Users/alex/Desktop/Dev/api_mp/venv/lib/python3.9/site-packages/sqlalchemy/util/_concurrency_py3k.py", line 203, in greenlet_spawn
    result = context.switch(value)
  File "/Users/alex/Desktop/Dev/api_mp/venv/lib/python3.9/site-packages/sqlalchemy/orm/session.py", line 2032, in commit
    trans.commit(_to_root=True)
  File "<string>", line 2, in commit
  File "/Users/alex/Desktop/Dev/api_mp/venv/lib/python3.9/site-packages/sqlalchemy/orm/state_changes.py", line 139, in _go
    ret_value = fn(self, *arg, **kw)
  File "/Users/alex/Desktop/Dev/api_mp/venv/lib/python3.9/site-packages/sqlalchemy/orm/session.py", line 1313, in commit
    self._prepare_impl()
  File "<string>", line 2, in _prepare_impl
  File "/Users/alex/Desktop/Dev/api_mp/venv/lib/python3.9/site-packages/sqlalchemy/orm/state_changes.py", line 139, in _go
    ret_value = fn(self, *arg, **kw)
  File "/Users/alex/Desktop/Dev/api_mp/venv/lib/python3.9/site-packages/sqlalchemy/orm/session.py", line 1288, in _prepare_impl
    self.session.flush()
  File "/Users/alex/Desktop/Dev/api_mp/venv/lib/python3.9/site-packages/sqlalchemy/orm/session.py", line 4345, in flush
    self._flush(objects)
  File "/Users/alex/Desktop/Dev/api_mp/venv/lib/python3.9/site-packages/sqlalchemy/orm/session.py", line 4481, in _flush
    transaction.rollback(_capture_exception=True)
  File "/Users/alex/Desktop/Dev/api_mp/venv/lib/python3.9/site-packages/sqlalchemy/util/langhelpers.py", line 224, in __exit__
    raise exc_value.with_traceback(exc_tb)
  File "/Users/alex/Desktop/Dev/api_mp/venv/lib/python3.9/site-packages/sqlalchemy/orm/session.py", line 4441, in _flush
    flush_context.execute()
  File "/Users/alex/Desktop/Dev/api_mp/venv/lib/python3.9/site-packages/sqlalchemy/orm/unitofwork.py", line 466, in execute
    rec.execute(self)
  File "/Users/alex/Desktop/Dev/api_mp/venv/lib/python3.9/site-packages/sqlalchemy/orm/unitofwork.py", line 642, in execute
    util.preloaded.orm_persistence.save_obj(
  File "/Users/alex/Desktop/Dev/api_mp/venv/lib/python3.9/site-packages/sqlalchemy/orm/persistence.py", line 93, in save_obj
    _emit_insert_statements(
  File "/Users/alex/Desktop/Dev/api_mp/venv/lib/python3.9/site-packages/sqlalchemy/orm/persistence.py", line 1233, in _emit_insert_statements
    result = connection.execute(
  File "/Users/alex/Desktop/Dev/api_mp/venv/lib/python3.9/site-packages/sqlalchemy/engine/base.py", line 1415, in execute
    return meth(
  File "/Users/alex/Desktop/Dev/api_mp/venv/lib/python3.9/site-packages/sqlalchemy/sql/elements.py", line 523, in _execute_on_connection
    return connection._execute_clauseelement(
  File "/Users/alex/Desktop/Dev/api_mp/venv/lib/python3.9/site-packages/sqlalchemy/engine/base.py", line 1637, in _execute_clauseelement
    ret = self._execute_context(
  File "/Users/alex/Desktop/Dev/api_mp/venv/lib/python3.9/site-packages/sqlalchemy/engine/base.py", line 1842, in _execute_context
    return self._exec_single_context(
  File "/Users/alex/Desktop/Dev/api_mp/venv/lib/python3.9/site-packages/sqlalchemy/engine/base.py", line 1982, in _exec_single_context
    self._handle_dbapi_exception(
  File "/Users/alex/Desktop/Dev/api_mp/venv/lib/python3.9/site-packages/sqlalchemy/engine/base.py", line 2351, in _handle_dbapi_exception
    raise sqlalchemy_exception.with_traceback(exc_info[2]) from e
  File "/Users/alex/Desktop/Dev/api_mp/venv/lib/python3.9/site-packages/sqlalchemy/engine/base.py", line 1963, in _exec_single_context
    self.dialect.do_execute(
  File "/Users/alex/Desktop/Dev/api_mp/venv/lib/python3.9/site-packages/sqlalchemy/engine/default.py", line 943, in do_execute
    cursor.execute(statement, parameters)
  File "/Users/alex/Desktop/Dev/api_mp/venv/lib/python3.9/site-packages/sqlalchemy/dialects/postgresql/asyncpg.py", line 580, in execute
    self._adapt_connection.await_(
  File "/Users/alex/Desktop/Dev/api_mp/venv/lib/python3.9/site-packages/sqlalchemy/util/_concurrency_py3k.py", line 132, in await_only
    return current.parent.switch(awaitable)  # type: ignore[no-any-return,attr-defined] # noqa: E501
  File "/Users/alex/Desktop/Dev/api_mp/venv/lib/python3.9/site-packages/sqlalchemy/util/_concurrency_py3k.py", line 196, in greenlet_spawn
    value = await result
  File "/Users/alex/Desktop/Dev/api_mp/venv/lib/python3.9/site-packages/sqlalchemy/dialects/postgresql/asyncpg.py", line 558, in _prepare_and_execute
    self._handle_exception(error)
  File "/Users/alex/Desktop/Dev/api_mp/venv/lib/python3.9/site-packages/sqlalchemy/dialects/postgresql/asyncpg.py", line 508, in _handle_exception
    self._adapt_connection._handle_exception(error)
  File "/Users/alex/Desktop/Dev/api_mp/venv/lib/python3.9/site-packages/sqlalchemy/dialects/postgresql/asyncpg.py", line 792, in _handle_exception
    raise translated_error from error
sqlalchemy.exc.IntegrityError: (sqlalchemy.dialects.postgresql.asyncpg.IntegrityError) <class 'asyncpg.exceptions.UniqueViolationError'>: duplicate key value violates unique constraint "ix_users_phone"
DETAIL:  Key (phone)=(+79255775746) already exists.
[SQL: INSERT INTO users (email, name, phone, hashed_password, is_superuser) VALUES ($1::VARCHAR, $2::VARCHAR, $3::VARCHAR, $4::VARCHAR, $5::BOOLEAN) RETURNING users.id]
[parameters: ('user22232@example.com', 'strings123', '+79255775746', '$2b$12$kmNoP8nHGD5vyFVMmVhbYevwjyQ1xCNKqU40yvUbpK3qUc1X0ZWJy', False)]
(Background on this error at: https://sqlalche.me/e/20/gkpj)
[2025-08-11 16:51:03,593] [ERROR] [app] - Ошибка при коммите создания пользователя в БД (sqlalchemy.dialects.postgresql.asyncpg.IntegrityError) <class 'asyncpg.exceptions.UniqueViolationError'>: duplicate key value violates unique constraint "ix_users_phone"
DETAIL:  Key (phone)=(+79255575746) already exists.
[SQL: INSERT INTO users (email, name, phone, hashed_password, is_superuser) VALUES ($1::VARCHAR, $2::VARCHAR, $3::VARCHAR, $4::VARCHAR, $5::BOOLEAN) RETURNING users.id]
[parameters: ('user222232@example.com', 'strings222123', '+79255575746', '$2b$12$Uze.lT9EFgAQJwsQN5oxIOFKy2stolOSfLUvzpfSOzoNBUW3bJ7s2', False)]
(Background on this error at: https://sqlalche.me/e/20/gkpj)
Traceback (most recent call last):
  File "/Users/alex/Desktop/Dev/api_mp/venv/lib/python3.9/site-packages/sqlalchemy/dialects/postgresql/asyncpg.py", line 545, in _prepare_and_execute
    self._rows = deque(await prepared_stmt.fetch(*parameters))
  File "/Users/alex/Desktop/Dev/api_mp/venv/lib/python3.9/site-packages/asyncpg/prepared_stmt.py", line 176, in fetch
    data = await self.__bind_execute(args, 0, timeout)
  File "/Users/alex/Desktop/Dev/api_mp/venv/lib/python3.9/site-packages/asyncpg/prepared_stmt.py", line 267, in __bind_execute
    data, status, _ = await self.__do_execute(
  File "/Users/alex/Desktop/Dev/api_mp/venv/lib/python3.9/site-packages/asyncpg/prepared_stmt.py", line 256, in __do_execute
    return await executor(protocol)
  File "asyncpg/protocol/protocol.pyx", line 206, in bind_execute
asyncpg.exceptions.UniqueViolationError: duplicate key value violates unique constraint "ix_users_phone"
DETAIL:  Key (phone)=(+79255575746) already exists.

The above exception was the direct cause of the following exception:

Traceback (most recent call last):
  File "/Users/alex/Desktop/Dev/api_mp/venv/lib/python3.9/site-packages/sqlalchemy/engine/base.py", line 1963, in _exec_single_context
    self.dialect.do_execute(
  File "/Users/alex/Desktop/Dev/api_mp/venv/lib/python3.9/site-packages/sqlalchemy/engine/default.py", line 943, in do_execute
    cursor.execute(statement, parameters)
  File "/Users/alex/Desktop/Dev/api_mp/venv/lib/python3.9/site-packages/sqlalchemy/dialects/postgresql/asyncpg.py", line 580, in execute
    self._adapt_connection.await_(
  File "/Users/alex/Desktop/Dev/api_mp/venv/lib/python3.9/site-packages/sqlalchemy/util/_concurrency_py3k.py", line 132, in await_only
    return current.parent.switch(awaitable)  # type: ignore[no-any-return,attr-defined] # noqa: E501
  File "/Users/alex/Desktop/Dev/api_mp/venv/lib/python3.9/site-packages/sqlalchemy/util/_concurrency_py3k.py", line 196, in greenlet_spawn
    value = await result
  File "/Users/alex/Desktop/Dev/api_mp/venv/lib/python3.9/site-packages/sqlalchemy/dialects/postgresql/asyncpg.py", line 558, in _prepare_and_execute
    self._handle_exception(error)
  File "/Users/alex/Desktop/Dev/api_mp/venv/lib/python3.9/site-packages/sqlalchemy/dialects/postgresql/asyncpg.py", line 508, in _handle_exception
    self._adapt_connection._handle_exception(error)
  File "/Users/alex/Desktop/Dev/api_mp/venv/lib/python3.9/site-packages/sqlalchemy/dialects/postgresql/asyncpg.py", line 792, in _handle_exception
    raise translated_error from error
sqlalchemy.dialects.postgresql.asyncpg.AsyncAdapt_asyncpg_dbapi.IntegrityError: <class 'asyncpg.exceptions.UniqueViolationError'>: duplicate key value violates unique constraint "ix_users_phone"
DETAIL:  Key (phone)=(+79255575746) already exists.

The above exception was the direct cause of the following exception:

Traceback (most recent call last):
  File "/Users/alex/Desktop/Dev/api_mp/services/user.py", line 31, in create_user
    await session.commit()
  File "/Users/alex/Desktop/Dev/api_mp/venv/lib/python3.9/site-packages/sqlalchemy/ext/asyncio/session.py", line 1014, in commit
    await greenlet_spawn(self.sync_session.commit)
  File "/Users/alex/Desktop/Dev/api_mp/venv/lib/python3.9/site-packages/sqlalchemy/util/_concurrency_py3k.py", line 203, in greenlet_spawn
    result = context.switch(value)
  File "/Users/alex/Desktop/Dev/api_mp/venv/lib/python3.9/site-packages/sqlalchemy/orm/session.py", line 2032, in commit
    trans.commit(_to_root=True)
  File "<string>", line 2, in commit
  File "/Users/alex/Desktop/Dev/api_mp/venv/lib/python3.9/site-packages/sqlalchemy/orm/state_changes.py", line 139, in _go
    ret_value = fn(self, *arg, **kw)
  File "/Users/alex/Desktop/Dev/api_mp/venv/lib/python3.9/site-packages/sqlalchemy/orm/session.py", line 1313, in commit
    self._prepare_impl()
  File "<string>", line 2, in _prepare_impl
  File "/Users/alex/Desktop/Dev/api_mp/venv/lib/python3.9/site-packages/sqlalchemy/orm/state_changes.py", line 139, in _go
    ret_value = fn(self, *arg, **kw)
  File "/Users/alex/Desktop/Dev/api_mp/venv/lib/python3.9/site-packages/sqlalchemy/orm/session.py", line 1288, in _prepare_impl
    self.session.flush()
  File "/Users/alex/Desktop/Dev/api_mp/venv/lib/python3.9/site-packages/sqlalchemy/orm/session.py", line 4345, in flush
    self._flush(objects)
  File "/Users/alex/Desktop/Dev/api_mp/venv/lib/python3.9/site-packages/sqlalchemy/orm/session.py", line 4481, in _flush
    transaction.rollback(_capture_exception=True)
  File "/Users/alex/Desktop/Dev/api_mp/venv/lib/python3.9/site-packages/sqlalchemy/util/langhelpers.py", line 224, in __exit__
    raise exc_value.with_traceback(exc_tb)
  File "/Users/alex/Desktop/Dev/api_mp/venv/lib/python3.9/site-packages/sqlalchemy/orm/session.py", line 4441, in _flush
    flush_context.execute()
  File "/Users/alex/Desktop/Dev/api_mp/venv/lib/python3.9/site-packages/sqlalchemy/orm/unitofwork.py", line 466, in execute
    rec.execute(self)
  File "/Users/alex/Desktop/Dev/api_mp/venv/lib/python3.9/site-packages/sqlalchemy/orm/unitofwork.py", line 642, in execute
    util.preloaded.orm_persistence.save_obj(
  File "/Users/alex/Desktop/Dev/api_mp/venv/lib/python3.9/site-packages/sqlalchemy/orm/persistence.py", line 93, in save_obj
    _emit_insert_statements(
  File "/Users/alex/Desktop/Dev/api_mp/venv/lib/python3.9/site-packages/sqlalchemy/orm/persistence.py", line 1233, in _emit_insert_statements
    result = connection.execute(
  File "/Users/alex/Desktop/Dev/api_mp/venv/lib/python3.9/site-packages/sqlalchemy/engine/base.py", line 1415, in execute
    return meth(
  File "/Users/alex/Desktop/Dev/api_mp/venv/lib/python3.9/site-packages/sqlalchemy/sql/elements.py", line 523, in _execute_on_connection
    return connection._execute_clauseelement(
  File "/Users/alex/Desktop/Dev/api_mp/venv/lib/python3.9/site-packages/sqlalchemy/engine/base.py", line 1637, in _execute_clauseelement
    ret = self._execute_context(
  File "/Users/alex/Desktop/Dev/api_mp/venv/lib/python3.9/site-packages/sqlalchemy/engine/base.py", line 1842, in _execute_context
    return self._exec_single_context(
  File "/Users/alex/Desktop/Dev/api_mp/venv/lib/python3.9/site-packages/sqlalchemy/engine/base.py", line 1982, in _exec_single_context
    self._handle_dbapi_exception(
  File "/Users/alex/Desktop/Dev/api_mp/venv/lib/python3.9/site-packages/sqlalchemy/engine/base.py", line 2351, in _handle_dbapi_exception
    raise sqlalchemy_exception.with_traceback(exc_info[2]) from e
  File "/Users/alex/Desktop/Dev/api_mp/venv/lib/python3.9/site-packages/sqlalchemy/engine/base.py", line 1963, in _exec_single_context
    self.dialect.do_execute(
  File "/Users/alex/Desktop/Dev/api_mp/venv/lib/python3.9/site-packages/sqlalchemy/engine/default.py", line 943, in do_execute
    cursor.execute(statement, parameters)
  File "/Users/alex/Desktop/Dev/api_mp/venv/lib/python3.9/site-packages/sqlalchemy/dialects/postgresql/asyncpg.py", line 580, in execute
    self._adapt_connection.await_(
  File "/Users/alex/Desktop/Dev/api_mp/venv/lib/python3.9/site-packages/sqlalchemy/util/_concurrency_py3k.py", line 132, in await_only
    return current.parent.switch(awaitable)  # type: ignore[no-any-return,attr-defined] # noqa: E501
  File "/Users/alex/Desktop/Dev/api_mp/venv/lib/python3.9/site-packages/sqlalchemy/util/_concurrency_py3k.py", line 196, in greenlet_spawn
    value = await result
  File "/Users/alex/Desktop/Dev/api_mp/venv/lib/python3.9/site-packages/sqlalchemy/dialects/postgresql/asyncpg.py", line 558, in _prepare_and_execute
    self._handle_exception(error)
  File "/Users/alex/Desktop/Dev/api_mp/venv/lib/python3.9/site-packages/sqlalchemy/dialects/postgresql/asyncpg.py", line 508, in _handle_exception
    self._adapt_connection._handle_exception(error)
  File "/Users/alex/Desktop/Dev/api_mp/venv/lib/python3.9/site-packages/sqlalchemy/dialects/postgresql/asyncpg.py", line 792, in _handle_exception
    raise translated_error from error
sqlalchemy.exc.IntegrityError: (sqlalchemy.dialects.postgresql.asyncpg.IntegrityError) <class 'asyncpg.exceptions.UniqueViolationError'>: duplicate key value violates unique constraint "ix_users_phone"
DETAIL:  Key (phone)=(+79255575746) already exists.
[SQL: INSERT INTO users (email, name, phone, hashed_password, is_superuser) VALUES ($1::VARCHAR, $2::VARCHAR, $3::VARCHAR, $4::VARCHAR, $5::BOOLEAN) RETURNING users.id]
[parameters: ('user222232@example.com', 'strings222123', '+79255575746', '$2b$12$Uze.lT9EFgAQJwsQN5oxIOFKy2stolOSfLUvzpfSOzoNBUW3bJ7s2', False)]
(Background on this error at: https://sqlalche.me/e/20/gkpj)
[2025-08-11 16:51:03,614] [ERROR] [app] - Глобальная ошибка на POST /auth/register: (sqlalchemy.dialects.postgresql.asyncpg.IntegrityError) <class 'asyncpg.exceptions.UniqueViolationError'>: duplicate key value violates unique constraint "ix_users_phone"
DETAIL:  Key (phone)=(+79255575746) already exists.
[SQL: INSERT INTO users (email, name, phone, hashed_password, is_superuser) VALUES ($1::VARCHAR, $2::VARCHAR, $3::VARCHAR, $4::VARCHAR, $5::BOOLEAN) RETURNING users.id]
[parameters: ('user222232@example.com', 'strings222123', '+79255575746', '$2b$12$Uze.lT9EFgAQJwsQN5oxIOFKy2stolOSfLUvzpfSOzoNBUW3bJ7s2', False)]
(Background on this error at: https://sqlalche.me/e/20/gkpj)
Traceback (most recent call last):
  File "/Users/alex/Desktop/Dev/api_mp/venv/lib/python3.9/site-packages/sqlalchemy/dialects/postgresql/asyncpg.py", line 545, in _prepare_and_execute
    self._rows = deque(await prepared_stmt.fetch(*parameters))
  File "/Users/alex/Desktop/Dev/api_mp/venv/lib/python3.9/site-packages/asyncpg/prepared_stmt.py", line 176, in fetch
    data = await self.__bind_execute(args, 0, timeout)
  File "/Users/alex/Desktop/Dev/api_mp/venv/lib/python3.9/site-packages/asyncpg/prepared_stmt.py", line 267, in __bind_execute
    data, status, _ = await self.__do_execute(
  File "/Users/alex/Desktop/Dev/api_mp/venv/lib/python3.9/site-packages/asyncpg/prepared_stmt.py", line 256, in __do_execute
    return await executor(protocol)
  File "asyncpg/protocol/protocol.pyx", line 206, in bind_execute
asyncpg.exceptions.UniqueViolationError: duplicate key value violates unique constraint "ix_users_phone"
DETAIL:  Key (phone)=(+79255575746) already exists.

The above exception was the direct cause of the following exception:

Traceback (most recent call last):
  File "/Users/alex/Desktop/Dev/api_mp/venv/lib/python3.9/site-packages/sqlalchemy/engine/base.py", line 1963, in _exec_single_context
    self.dialect.do_execute(
  File "/Users/alex/Desktop/Dev/api_mp/venv/lib/python3.9/site-packages/sqlalchemy/engine/default.py", line 943, in do_execute
    cursor.execute(statement, parameters)
  File "/Users/alex/Desktop/Dev/api_mp/venv/lib/python3.9/site-packages/sqlalchemy/dialects/postgresql/asyncpg.py", line 580, in execute
    self._adapt_connection.await_(
  File "/Users/alex/Desktop/Dev/api_mp/venv/lib/python3.9/site-packages/sqlalchemy/util/_concurrency_py3k.py", line 132, in await_only
    return current.parent.switch(awaitable)  # type: ignore[no-any-return,attr-defined] # noqa: E501
  File "/Users/alex/Desktop/Dev/api_mp/venv/lib/python3.9/site-packages/sqlalchemy/util/_concurrency_py3k.py", line 196, in greenlet_spawn
    value = await result
  File "/Users/alex/Desktop/Dev/api_mp/venv/lib/python3.9/site-packages/sqlalchemy/dialects/postgresql/asyncpg.py", line 558, in _prepare_and_execute
    self._handle_exception(error)
  File "/Users/alex/Desktop/Dev/api_mp/venv/lib/python3.9/site-packages/sqlalchemy/dialects/postgresql/asyncpg.py", line 508, in _handle_exception
    self._adapt_connection._handle_exception(error)
  File "/Users/alex/Desktop/Dev/api_mp/venv/lib/python3.9/site-packages/sqlalchemy/dialects/postgresql/asyncpg.py", line 792, in _handle_exception
    raise translated_error from error
sqlalchemy.dialects.postgresql.asyncpg.AsyncAdapt_asyncpg_dbapi.IntegrityError: <class 'asyncpg.exceptions.UniqueViolationError'>: duplicate key value violates unique constraint "ix_users_phone"
DETAIL:  Key (phone)=(+79255575746) already exists.

The above exception was the direct cause of the following exception:

Traceback (most recent call last):
  File "/Users/alex/Desktop/Dev/api_mp/venv/lib/python3.9/site-packages/starlette/middleware/errors.py", line 164, in __call__
    await self.app(scope, receive, _send)
  File "/Users/alex/Desktop/Dev/api_mp/venv/lib/python3.9/site-packages/starlette/middleware/base.py", line 187, in __call__
    recv_stream.close()
  File "/Library/Developer/CommandLineTools/Library/Frameworks/Python3.framework/Versions/3.9/lib/python3.9/contextlib.py", line 135, in __exit__
    self.gen.throw(type, value, traceback)
  File "/Users/alex/Desktop/Dev/api_mp/venv/lib/python3.9/site-packages/starlette/_utils.py", line 83, in collapse_excgroups
    raise exc
  File "/Users/alex/Desktop/Dev/api_mp/venv/lib/python3.9/site-packages/starlette/middleware/base.py", line 184, in __call__
    response = await self.dispatch_func(request, call_next)
  File "/Users/alex/Desktop/Dev/api_mp/middleware/auth.py", line 22, in dispatch
    response = await call_next(request)
  File "/Users/alex/Desktop/Dev/api_mp/venv/lib/python3.9/site-packages/starlette/middleware/base.py", line 159, in call_next
    raise app_exc
  File "/Users/alex/Desktop/Dev/api_mp/venv/lib/python3.9/site-packages/starlette/middleware/base.py", line 144, in coro
    await self.app(scope, receive_or_disconnect, send_no_error)
  File "/Users/alex/Desktop/Dev/api_mp/venv/lib/python3.9/site-packages/starlette/middleware/exceptions.py", line 63, in __call__
    await wrap_app_handling_exceptions(self.app, conn)(scope, receive, send)
  File "/Users/alex/Desktop/Dev/api_mp/venv/lib/python3.9/site-packages/starlette/_exception_handler.py", line 53, in wrapped_app
    raise exc
  File "/Users/alex/Desktop/Dev/api_mp/venv/lib/python3.9/site-packages/starlette/_exception_handler.py", line 42, in wrapped_app
    await app(scope, receive, sender)
  File "/Users/alex/Desktop/Dev/api_mp/venv/lib/python3.9/site-packages/starlette/routing.py", line 716, in __call__
    await self.middleware_stack(scope, receive, send)
  File "/Users/alex/Desktop/Dev/api_mp/venv/lib/python3.9/site-packages/starlette/routing.py", line 736, in app
    await route.handle(scope, receive, send)
  File "/Users/alex/Desktop/Dev/api_mp/venv/lib/python3.9/site-packages/starlette/routing.py", line 290, in handle
    await self.app(scope, receive, send)
  File "/Users/alex/Desktop/Dev/api_mp/venv/lib/python3.9/site-packages/starlette/routing.py", line 78, in app
    await wrap_app_handling_exceptions(app, request)(scope, receive, send)
  File "/Users/alex/Desktop/Dev/api_mp/venv/lib/python3.9/site-packages/starlette/_exception_handler.py", line 53, in wrapped_app
    raise exc
  File "/Users/alex/Desktop/Dev/api_mp/venv/lib/python3.9/site-packages/starlette/_exception_handler.py", line 42, in wrapped_app
    await app(scope, receive, sender)
  File "/Users/alex/Desktop/Dev/api_mp/venv/lib/python3.9/site-packages/starlette/routing.py", line 75, in app
    response = await f(request)
  File "/Users/alex/Desktop/Dev/api_mp/venv/lib/python3.9/site-packages/fastapi/routing.py", line 302, in app
    raw_response = await run_endpoint_function(
  File "/Users/alex/Desktop/Dev/api_mp/venv/lib/python3.9/site-packages/fastapi/routing.py", line 213, in run_endpoint_function
    return await dependant.call(**values)
  File "/Users/alex/Desktop/Dev/api_mp/routers/auth.py", line 31, in register
    user = await create_user(db, user_in)
  File "/Users/alex/Desktop/Dev/api_mp/services/user.py", line 31, in create_user
    await session.commit()
  File "/Users/alex/Desktop/Dev/api_mp/venv/lib/python3.9/site-packages/sqlalchemy/ext/asyncio/session.py", line 1014, in commit
    await greenlet_spawn(self.sync_session.commit)
  File "/Users/alex/Desktop/Dev/api_mp/venv/lib/python3.9/site-packages/sqlalchemy/util/_concurrency_py3k.py", line 203, in greenlet_spawn
    result = context.switch(value)
  File "/Users/alex/Desktop/Dev/api_mp/venv/lib/python3.9/site-packages/sqlalchemy/orm/session.py", line 2032, in commit
    trans.commit(_to_root=True)
  File "<string>", line 2, in commit
  File "/Users/alex/Desktop/Dev/api_mp/venv/lib/python3.9/site-packages/sqlalchemy/orm/state_changes.py", line 139, in _go
    ret_value = fn(self, *arg, **kw)
  File "/Users/alex/Desktop/Dev/api_mp/venv/lib/python3.9/site-packages/sqlalchemy/orm/session.py", line 1313, in commit
    self._prepare_impl()
  File "<string>", line 2, in _prepare_impl
  File "/Users/alex/Desktop/Dev/api_mp/venv/lib/python3.9/site-packages/sqlalchemy/orm/state_changes.py", line 139, in _go
    ret_value = fn(self, *arg, **kw)
  File "/Users/alex/Desktop/Dev/api_mp/venv/lib/python3.9/site-packages/sqlalchemy/orm/session.py", line 1288, in _prepare_impl
    self.session.flush()
  File "/Users/alex/Desktop/Dev/api_mp/venv/lib/python3.9/site-packages/sqlalchemy/orm/session.py", line 4345, in flush
    self._flush(objects)
  File "/Users/alex/Desktop/Dev/api_mp/venv/lib/python3.9/site-packages/sqlalchemy/orm/session.py", line 4481, in _flush
    transaction.rollback(_capture_exception=True)
  File "/Users/alex/Desktop/Dev/api_mp/venv/lib/python3.9/site-packages/sqlalchemy/util/langhelpers.py", line 224, in __exit__
    raise exc_value.with_traceback(exc_tb)
  File "/Users/alex/Desktop/Dev/api_mp/venv/lib/python3.9/site-packages/sqlalchemy/orm/session.py", line 4441, in _flush
    flush_context.execute()
  File "/Users/alex/Desktop/Dev/api_mp/venv/lib/python3.9/site-packages/sqlalchemy/orm/unitofwork.py", line 466, in execute
    rec.execute(self)
  File "/Users/alex/Desktop/Dev/api_mp/venv/lib/python3.9/site-packages/sqlalchemy/orm/unitofwork.py", line 642, in execute
    util.preloaded.orm_persistence.save_obj(
  File "/Users/alex/Desktop/Dev/api_mp/venv/lib/python3.9/site-packages/sqlalchemy/orm/persistence.py", line 93, in save_obj
    _emit_insert_statements(
  File "/Users/alex/Desktop/Dev/api_mp/venv/lib/python3.9/site-packages/sqlalchemy/orm/persistence.py", line 1233, in _emit_insert_statements
    result = connection.execute(
  File "/Users/alex/Desktop/Dev/api_mp/venv/lib/python3.9/site-packages/sqlalchemy/engine/base.py", line 1415, in execute
    return meth(
  File "/Users/alex/Desktop/Dev/api_mp/venv/lib/python3.9/site-packages/sqlalchemy/sql/elements.py", line 523, in _execute_on_connection
    return connection._execute_clauseelement(
  File "/Users/alex/Desktop/Dev/api_mp/venv/lib/python3.9/site-packages/sqlalchemy/engine/base.py", line 1637, in _execute_clauseelement
    ret = self._execute_context(
  File "/Users/alex/Desktop/Dev/api_mp/venv/lib/python3.9/site-packages/sqlalchemy/engine/base.py", line 1842, in _execute_context
    return self._exec_single_context(
  File "/Users/alex/Desktop/Dev/api_mp/venv/lib/python3.9/site-packages/sqlalchemy/engine/base.py", line 1982, in _exec_single_context
    self._handle_dbapi_exception(
  File "/Users/alex/Desktop/Dev/api_mp/venv/lib/python3.9/site-packages/sqlalchemy/engine/base.py", line 2351, in _handle_dbapi_exception
    raise sqlalchemy_exception.with_traceback(exc_info[2]) from e
  File "/Users/alex/Desktop/Dev/api_mp/venv/lib/python3.9/site-packages/sqlalchemy/engine/base.py", line 1963, in _exec_single_context
    self.dialect.do_execute(
  File "/Users/alex/Desktop/Dev/api_mp/venv/lib/python3.9/site-packages/sqlalchemy/engine/default.py", line 943, in do_execute
    cursor.execute(statement, parameters)
  File "/Users/alex/Desktop/Dev/api_mp/venv/lib/python3.9/site-packages/sqlalchemy/dialects/postgresql/asyncpg.py", line 580, in execute
    self._adapt_connection.await_(
  File "/Users/alex/Desktop/Dev/api_mp/venv/lib/python3.9/site-packages/sqlalchemy/util/_concurrency_py3k.py", line 132, in await_only
    return current.parent.switch(awaitable)  # type: ignore[no-any-return,attr-defined] # noqa: E501
  File "/Users/alex/Desktop/Dev/api_mp/venv/lib/python3.9/site-packages/sqlalchemy/util/_concurrency_py3k.py", line 196, in greenlet_spawn
    value = await result
  File "/Users/alex/Desktop/Dev/api_mp/venv/lib/python3.9/site-packages/sqlalchemy/dialects/postgresql/asyncpg.py", line 558, in _prepare_and_execute
    self._handle_exception(error)
  File "/Users/alex/Desktop/Dev/api_mp/venv/lib/python3.9/site-packages/sqlalchemy/dialects/postgresql/asyncpg.py", line 508, in _handle_exception
    self._adapt_connection._handle_exception(error)
  File "/Users/alex/Desktop/Dev/api_mp/venv/lib/python3.9/site-packages/sqlalchemy/dialects/postgresql/asyncpg.py", line 792, in _handle_exception
    raise translated_error from error
sqlalchemy.exc.IntegrityError: (sqlalchemy.dialects.postgresql.asyncpg.IntegrityError) <class 'asyncpg.exceptions.UniqueViolationError'>: duplicate key value violates unique constraint "ix_users_phone"
DETAIL:  Key (phone)=(+79255575746) already exists.
[SQL: INSERT INTO users (email, name, phone, hashed_password, is_superuser) VALUES ($1::VARCHAR, $2::VARCHAR, $3::VARCHAR, $4::VARCHAR, $5::BOOLEAN) RETURNING users.id]
[parameters: ('user222232@example.com', 'strings222123', '+79255575746', '$2b$12$Uze.lT9EFgAQJwsQN5oxIOFKy2stolOSfLUvzpfSOzoNBUW3bJ7s2', False)]
(Background on this error at: https://sqlalche.me/e/20/gkpj)
[2025-08-11 16:55:31,222] [INFO] [app] - Пользователь не существует: user222232@example.com
[2025-08-11 17:05:55,027] [INFO] [app] - Пользователь не существует: user22222232@example.com
[2025-08-13 16:02:30,650] [ERROR] [app] - Глобальная ошибка на POST /auth/register: Task <Task pending name='starlette.middleware.base.BaseHTTPMiddleware.__call__.<locals>.call_next.<locals>.coro' coro=<BaseHTTPMiddleware.__call__.<locals>.call_next.<locals>.coro() running at /Users/alex/Desktop/Dev/api_mp/venv/lib/python3.9/site-packages/starlette/middleware/base.py:144> cb=[TaskGroup._spawn.<locals>.task_done() at /Users/alex/Desktop/Dev/api_mp/venv/lib/python3.9/site-packages/anyio/_backends/_asyncio.py:794]> got Future <Future pending cb=[BaseProtocol._on_waiter_completed()]> attached to a different loop
  + Exception Group Traceback (most recent call last):
  |   File "/Users/alex/Desktop/Dev/api_mp/venv/lib/python3.9/site-packages/starlette/_utils.py", line 77, in collapse_excgroups
  |     yield
  |   File "/Users/alex/Desktop/Dev/api_mp/venv/lib/python3.9/site-packages/starlette/middleware/base.py", line 187, in __call__
  |     recv_stream.close()
  |   File "/Users/alex/Desktop/Dev/api_mp/venv/lib/python3.9/site-packages/anyio/_backends/_asyncio.py", line 772, in __aexit__
  |     raise BaseExceptionGroup(
  | exceptiongroup.ExceptionGroup: unhandled errors in a TaskGroup (1 sub-exception)
  +-+---------------- 1 ----------------
    | Traceback (most recent call last):
    |   File "/Users/alex/Desktop/Dev/api_mp/venv/lib/python3.9/site-packages/starlette/middleware/errors.py", line 164, in __call__
    |     await self.app(scope, receive, _send)
    |   File "/Users/alex/Desktop/Dev/api_mp/venv/lib/python3.9/site-packages/starlette/middleware/base.py", line 187, in __call__
    |     recv_stream.close()
    |   File "/Library/Developer/CommandLineTools/Library/Frameworks/Python3.framework/Versions/3.9/lib/python3.9/contextlib.py", line 135, in __exit__
    |     self.gen.throw(type, value, traceback)
    |   File "/Users/alex/Desktop/Dev/api_mp/venv/lib/python3.9/site-packages/starlette/_utils.py", line 83, in collapse_excgroups
    |     raise exc
    |   File "/Users/alex/Desktop/Dev/api_mp/venv/lib/python3.9/site-packages/starlette/middleware/base.py", line 184, in __call__
    |     response = await self.dispatch_func(request, call_next)
    |   File "/Users/alex/Desktop/Dev/api_mp/middleware/auth.py", line 22, in dispatch
    |     response = await call_next(request)
    |   File "/Users/alex/Desktop/Dev/api_mp/venv/lib/python3.9/site-packages/starlette/middleware/base.py", line 159, in call_next
    |     raise app_exc
    |   File "/Users/alex/Desktop/Dev/api_mp/venv/lib/python3.9/site-packages/starlette/middleware/base.py", line 144, in coro
    |     await self.app(scope, receive_or_disconnect, send_no_error)
    |   File "/Users/alex/Desktop/Dev/api_mp/venv/lib/python3.9/site-packages/starlette/middleware/exceptions.py", line 63, in __call__
    |     await wrap_app_handling_exceptions(self.app, conn)(scope, receive, send)
    |   File "/Users/alex/Desktop/Dev/api_mp/venv/lib/python3.9/site-packages/starlette/_exception_handler.py", line 53, in wrapped_app
    |     raise exc
    |   File "/Users/alex/Desktop/Dev/api_mp/venv/lib/python3.9/site-packages/starlette/_exception_handler.py", line 42, in wrapped_app
    |     await app(scope, receive, sender)
    |   File "/Users/alex/Desktop/Dev/api_mp/venv/lib/python3.9/site-packages/starlette/routing.py", line 716, in __call__
    |     await self.middleware_stack(scope, receive, send)
    |   File "/Users/alex/Desktop/Dev/api_mp/venv/lib/python3.9/site-packages/starlette/routing.py", line 736, in app
    |     await route.handle(scope, receive, send)
    |   File "/Users/alex/Desktop/Dev/api_mp/venv/lib/python3.9/site-packages/starlette/routing.py", line 290, in handle
    |     await self.app(scope, receive, send)
    |   File "/Users/alex/Desktop/Dev/api_mp/venv/lib/python3.9/site-packages/starlette/routing.py", line 78, in app
    |     await wrap_app_handling_exceptions(app, request)(scope, receive, send)
    |   File "/Users/alex/Desktop/Dev/api_mp/venv/lib/python3.9/site-packages/starlette/_exception_handler.py", line 53, in wrapped_app
    |     raise exc
    |   File "/Users/alex/Desktop/Dev/api_mp/venv/lib/python3.9/site-packages/starlette/_exception_handler.py", line 42, in wrapped_app
    |     await app(scope, receive, sender)
    |   File "/Users/alex/Desktop/Dev/api_mp/venv/lib/python3.9/site-packages/starlette/routing.py", line 75, in app
    |     response = await f(request)
    |   File "/Users/alex/Desktop/Dev/api_mp/venv/lib/python3.9/site-packages/fastapi/routing.py", line 302, in app
    |     raw_response = await run_endpoint_function(
    |   File "/Users/alex/Desktop/Dev/api_mp/venv/lib/python3.9/site-packages/fastapi/routing.py", line 213, in run_endpoint_function
    |     return await dependant.call(**values)
    |   File "/Users/alex/Desktop/Dev/api_mp/routers/auth.py", line 24, in register
    |     existing = await get_user_by_email(db, user_in.email)
    |   File "/Users/alex/Desktop/Dev/api_mp/services/user.py", line 15, in get_user_by_email
    |     result = await session.execute(stmt)
    |   File "/Users/alex/Desktop/Dev/api_mp/venv/lib/python3.9/site-packages/sqlalchemy/ext/asyncio/session.py", line 463, in execute
    |     result = await greenlet_spawn(
    |   File "/Users/alex/Desktop/Dev/api_mp/venv/lib/python3.9/site-packages/sqlalchemy/util/_concurrency_py3k.py", line 201, in greenlet_spawn
    |     result = context.throw(*sys.exc_info())
    |   File "/Users/alex/Desktop/Dev/api_mp/venv/lib/python3.9/site-packages/sqlalchemy/orm/session.py", line 2365, in execute
    |     return self._execute_internal(
    |   File "/Users/alex/Desktop/Dev/api_mp/venv/lib/python3.9/site-packages/sqlalchemy/orm/session.py", line 2251, in _execute_internal
    |     result: Result[Any] = compile_state_cls.orm_execute_statement(
    |   File "/Users/alex/Desktop/Dev/api_mp/venv/lib/python3.9/site-packages/sqlalchemy/orm/context.py", line 306, in orm_execute_statement
    |     result = conn.execute(
    |   File "/Users/alex/Desktop/Dev/api_mp/venv/lib/python3.9/site-packages/sqlalchemy/engine/base.py", line 1415, in execute
    |     return meth(
    |   File "/Users/alex/Desktop/Dev/api_mp/venv/lib/python3.9/site-packages/sqlalchemy/sql/elements.py", line 523, in _execute_on_connection
    |     return connection._execute_clauseelement(
    |   File "/Users/alex/Desktop/Dev/api_mp/venv/lib/python3.9/site-packages/sqlalchemy/engine/base.py", line 1637, in _execute_clauseelement
    |     ret = self._execute_context(
    |   File "/Users/alex/Desktop/Dev/api_mp/venv/lib/python3.9/site-packages/sqlalchemy/engine/base.py", line 1842, in _execute_context
    |     return self._exec_single_context(
    |   File "/Users/alex/Desktop/Dev/api_mp/venv/lib/python3.9/site-packages/sqlalchemy/engine/base.py", line 1982, in _exec_single_context
    |     self._handle_dbapi_exception(
    |   File "/Users/alex/Desktop/Dev/api_mp/venv/lib/python3.9/site-packages/sqlalchemy/engine/base.py", line 2354, in _handle_dbapi_exception
    |     raise exc_info[1].with_traceback(exc_info[2])
    |   File "/Users/alex/Desktop/Dev/api_mp/venv/lib/python3.9/site-packages/sqlalchemy/engine/base.py", line 1963, in _exec_single_context
    |     self.dialect.do_execute(
    |   File "/Users/alex/Desktop/Dev/api_mp/venv/lib/python3.9/site-packages/sqlalchemy/engine/default.py", line 943, in do_execute
    |     cursor.execute(statement, parameters)
    |   File "/Users/alex/Desktop/Dev/api_mp/venv/lib/python3.9/site-packages/sqlalchemy/dialects/postgresql/asyncpg.py", line 580, in execute
    |     self._adapt_connection.await_(
    |   File "/Users/alex/Desktop/Dev/api_mp/venv/lib/python3.9/site-packages/sqlalchemy/util/_concurrency_py3k.py", line 132, in await_only
    |     return current.parent.switch(awaitable)  # type: ignore[no-any-return,attr-defined] # noqa: E501
    |   File "/Users/alex/Desktop/Dev/api_mp/venv/lib/python3.9/site-packages/sqlalchemy/util/_concurrency_py3k.py", line 196, in greenlet_spawn
    |     value = await result
    |   File "/Users/alex/Desktop/Dev/api_mp/venv/lib/python3.9/site-packages/sqlalchemy/dialects/postgresql/asyncpg.py", line 515, in _prepare_and_execute
    |     await adapt_connection._start_transaction()
    |   File "/Users/alex/Desktop/Dev/api_mp/venv/lib/python3.9/site-packages/sqlalchemy/dialects/postgresql/asyncpg.py", line 845, in _start_transaction
    |     self._handle_exception(error)
    |   File "/Users/alex/Desktop/Dev/api_mp/venv/lib/python3.9/site-packages/sqlalchemy/dialects/postgresql/asyncpg.py", line 794, in _handle_exception
    |     raise error
    |   File "/Users/alex/Desktop/Dev/api_mp/venv/lib/python3.9/site-packages/sqlalchemy/dialects/postgresql/asyncpg.py", line 843, in _start_transaction
    |     await self._transaction.start()
    |   File "/Users/alex/Desktop/Dev/api_mp/venv/lib/python3.9/site-packages/asyncpg/transaction.py", line 146, in start
    |     await self._connection.execute(query)
    |   File "/Users/alex/Desktop/Dev/api_mp/venv/lib/python3.9/site-packages/asyncpg/connection.py", line 349, in execute
    |     result = await self._protocol.query(query, timeout)
    |   File "asyncpg/protocol/protocol.pyx", line 375, in query
    | RuntimeError: Task <Task pending name='starlette.middleware.base.BaseHTTPMiddleware.__call__.<locals>.call_next.<locals>.coro' coro=<BaseHTTPMiddleware.__call__.<locals>.call_next.<locals>.coro() running at /Users/alex/Desktop/Dev/api_mp/venv/lib/python3.9/site-packages/starlette/middleware/base.py:144> cb=[TaskGroup._spawn.<locals>.task_done() at /Users/alex/Desktop/Dev/api_mp/venv/lib/python3.9/site-packages/anyio/_backends/_asyncio.py:794]> got Future <Future pending cb=[BaseProtocol._on_waiter_completed()]> attached to a different loop
    +------------------------------------

During handling of the above exception, another exception occurred:

Traceback (most recent call last):
  File "/Users/alex/Desktop/Dev/api_mp/venv/lib/python3.9/site-packages/starlette/middleware/errors.py", line 164, in __call__
    await self.app(scope, receive, _send)
  File "/Users/alex/Desktop/Dev/api_mp/venv/lib/python3.9/site-packages/starlette/middleware/base.py", line 187, in __call__
    recv_stream.close()
  File "/Library/Developer/CommandLineTools/Library/Frameworks/Python3.framework/Versions/3.9/lib/python3.9/contextlib.py", line 135, in __exit__
    self.gen.throw(type, value, traceback)
  File "/Users/alex/Desktop/Dev/api_mp/venv/lib/python3.9/site-packages/starlette/_utils.py", line 83, in collapse_excgroups
    raise exc
  File "/Users/alex/Desktop/Dev/api_mp/venv/lib/python3.9/site-packages/starlette/middleware/base.py", line 184, in __call__
    response = await self.dispatch_func(request, call_next)
  File "/Users/alex/Desktop/Dev/api_mp/middleware/auth.py", line 22, in dispatch
    response = await call_next(request)
  File "/Users/alex/Desktop/Dev/api_mp/venv/lib/python3.9/site-packages/starlette/middleware/base.py", line 159, in call_next
    raise app_exc
  File "/Users/alex/Desktop/Dev/api_mp/venv/lib/python3.9/site-packages/starlette/middleware/base.py", line 144, in coro
    await self.app(scope, receive_or_disconnect, send_no_error)
  File "/Users/alex/Desktop/Dev/api_mp/venv/lib/python3.9/site-packages/starlette/middleware/exceptions.py", line 63, in __call__
    await wrap_app_handling_exceptions(self.app, conn)(scope, receive, send)
  File "/Users/alex/Desktop/Dev/api_mp/venv/lib/python3.9/site-packages/starlette/_exception_handler.py", line 53, in wrapped_app
    raise exc
  File "/Users/alex/Desktop/Dev/api_mp/venv/lib/python3.9/site-packages/starlette/_exception_handler.py", line 42, in wrapped_app
    await app(scope, receive, sender)
  File "/Users/alex/Desktop/Dev/api_mp/venv/lib/python3.9/site-packages/starlette/routing.py", line 716, in __call__
    await self.middleware_stack(scope, receive, send)
  File "/Users/alex/Desktop/Dev/api_mp/venv/lib/python3.9/site-packages/starlette/routing.py", line 736, in app
    await route.handle(scope, receive, send)
  File "/Users/alex/Desktop/Dev/api_mp/venv/lib/python3.9/site-packages/starlette/routing.py", line 290, in handle
    await self.app(scope, receive, send)
  File "/Users/alex/Desktop/Dev/api_mp/venv/lib/python3.9/site-packages/starlette/routing.py", line 78, in app
    await wrap_app_handling_exceptions(app, request)(scope, receive, send)
  File "/Users/alex/Desktop/Dev/api_mp/venv/lib/python3.9/site-packages/starlette/_exception_handler.py", line 53, in wrapped_app
    raise exc
  File "/Users/alex/Desktop/Dev/api_mp/venv/lib/python3.9/site-packages/starlette/_exception_handler.py", line 42, in wrapped_app
    await app(scope, receive, sender)
  File "/Users/alex/Desktop/Dev/api_mp/venv/lib/python3.9/site-packages/starlette/routing.py", line 75, in app
    response = await f(request)
  File "/Users/alex/Desktop/Dev/api_mp/venv/lib/python3.9/site-packages/fastapi/routing.py", line 302, in app
    raw_response = await run_endpoint_function(
  File "/Users/alex/Desktop/Dev/api_mp/venv/lib/python3.9/site-packages/fastapi/routing.py", line 213, in run_endpoint_function
    return await dependant.call(**values)
  File "/Users/alex/Desktop/Dev/api_mp/routers/auth.py", line 24, in register
    existing = await get_user_by_email(db, user_in.email)
  File "/Users/alex/Desktop/Dev/api_mp/services/user.py", line 15, in get_user_by_email
    result = await session.execute(stmt)
  File "/Users/alex/Desktop/Dev/api_mp/venv/lib/python3.9/site-packages/sqlalchemy/ext/asyncio/session.py", line 463, in execute
    result = await greenlet_spawn(
  File "/Users/alex/Desktop/Dev/api_mp/venv/lib/python3.9/site-packages/sqlalchemy/util/_concurrency_py3k.py", line 201, in greenlet_spawn
    result = context.throw(*sys.exc_info())
  File "/Users/alex/Desktop/Dev/api_mp/venv/lib/python3.9/site-packages/sqlalchemy/orm/session.py", line 2365, in execute
    return self._execute_internal(
  File "/Users/alex/Desktop/Dev/api_mp/venv/lib/python3.9/site-packages/sqlalchemy/orm/session.py", line 2251, in _execute_internal
    result: Result[Any] = compile_state_cls.orm_execute_statement(
  File "/Users/alex/Desktop/Dev/api_mp/venv/lib/python3.9/site-packages/sqlalchemy/orm/context.py", line 306, in orm_execute_statement
    result = conn.execute(
  File "/Users/alex/Desktop/Dev/api_mp/venv/lib/python3.9/site-packages/sqlalchemy/engine/base.py", line 1415, in execute
    return meth(
  File "/Users/alex/Desktop/Dev/api_mp/venv/lib/python3.9/site-packages/sqlalchemy/sql/elements.py", line 523, in _execute_on_connection
    return connection._execute_clauseelement(
  File "/Users/alex/Desktop/Dev/api_mp/venv/lib/python3.9/site-packages/sqlalchemy/engine/base.py", line 1637, in _execute_clauseelement
    ret = self._execute_context(
  File "/Users/alex/Desktop/Dev/api_mp/venv/lib/python3.9/site-packages/sqlalchemy/engine/base.py", line 1842, in _execute_context
    return self._exec_single_context(
  File "/Users/alex/Desktop/Dev/api_mp/venv/lib/python3.9/site-packages/sqlalchemy/engine/base.py", line 1982, in _exec_single_context
    self._handle_dbapi_exception(
  File "/Users/alex/Desktop/Dev/api_mp/venv/lib/python3.9/site-packages/sqlalchemy/engine/base.py", line 2354, in _handle_dbapi_exception
    raise exc_info[1].with_traceback(exc_info[2])
  File "/Users/alex/Desktop/Dev/api_mp/venv/lib/python3.9/site-packages/sqlalchemy/engine/base.py", line 1963, in _exec_single_context
    self.dialect.do_execute(
  File "/Users/alex/Desktop/Dev/api_mp/venv/lib/python3.9/site-packages/sqlalchemy/engine/default.py", line 943, in do_execute
    cursor.execute(statement, parameters)
  File "/Users/alex/Desktop/Dev/api_mp/venv/lib/python3.9/site-packages/sqlalchemy/dialects/postgresql/asyncpg.py", line 580, in execute
    self._adapt_connection.await_(
  File "/Users/alex/Desktop/Dev/api_mp/venv/lib/python3.9/site-packages/sqlalchemy/util/_concurrency_py3k.py", line 132, in await_only
    return current.parent.switch(awaitable)  # type: ignore[no-any-return,attr-defined] # noqa: E501
  File "/Users/alex/Desktop/Dev/api_mp/venv/lib/python3.9/site-packages/sqlalchemy/util/_concurrency_py3k.py", line 196, in greenlet_spawn
    value = await result
  File "/Users/alex/Desktop/Dev/api_mp/venv/lib/python3.9/site-packages/sqlalchemy/dialects/postgresql/asyncpg.py", line 515, in _prepare_and_execute
    await adapt_connection._start_transaction()
  File "/Users/alex/Desktop/Dev/api_mp/venv/lib/python3.9/site-packages/sqlalchemy/dialects/postgresql/asyncpg.py", line 845, in _start_transaction
    self._handle_exception(error)
  File "/Users/alex/Desktop/Dev/api_mp/venv/lib/python3.9/site-packages/sqlalchemy/dialects/postgresql/asyncpg.py", line 794, in _handle_exception
    raise error
  File "/Users/alex/Desktop/Dev/api_mp/venv/lib/python3.9/site-packages/sqlalchemy/dialects/postgresql/asyncpg.py", line 843, in _start_transaction
    await self._transaction.start()
  File "/Users/alex/Desktop/Dev/api_mp/venv/lib/python3.9/site-packages/asyncpg/transaction.py", line 146, in start
    await self._connection.execute(query)
  File "/Users/alex/Desktop/Dev/api_mp/venv/lib/python3.9/site-packages/asyncpg/connection.py", line 349, in execute
    result = await self._protocol.query(query, timeout)
  File "asyncpg/protocol/protocol.pyx", line 375, in query
RuntimeError: Task <Task pending name='starlette.middleware.base.BaseHTTPMiddleware.__call__.<locals>.call_next.<locals>.coro' coro=<BaseHTTPMiddleware.__call__.<locals>.call_next.<locals>.coro() running at /Users/alex/Desktop/Dev/api_mp/venv/lib/python3.9/site-packages/starlette/middleware/base.py:144> cb=[TaskGroup._spawn.<locals>.task_done() at /Users/alex/Desktop/Dev/api_mp/venv/lib/python3.9/site-packages/anyio/_backends/_asyncio.py:794]> got Future <Future pending cb=[BaseProtocol._on_waiter_completed()]> attached to a different loop
[2025-08-13 16:04:43,436] [ERROR] [app] - Глобальная ошибка на POST /auth/register: Task <Task pending name='starlette.middleware.base.BaseHTTPMiddleware.__call__.<locals>.call_next.<locals>.coro' coro=<BaseHTTPMiddleware.__call__.<locals>.call_next.<locals>.coro() running at /Users/alex/Desktop/Dev/api_mp/venv/lib/python3.9/site-packages/starlette/middleware/base.py:144> cb=[TaskGroup._spawn.<locals>.task_done() at /Users/alex/Desktop/Dev/api_mp/venv/lib/python3.9/site-packages/anyio/_backends/_asyncio.py:794]> got Future <Future pending cb=[BaseProtocol._on_waiter_completed()]> attached to a different loop
  + Exception Group Traceback (most recent call last):
  |   File "/Users/alex/Desktop/Dev/api_mp/venv/lib/python3.9/site-packages/starlette/_utils.py", line 77, in collapse_excgroups
  |     yield
  |   File "/Users/alex/Desktop/Dev/api_mp/venv/lib/python3.9/site-packages/starlette/middleware/base.py", line 187, in __call__
  |     recv_stream.close()
  |   File "/Users/alex/Desktop/Dev/api_mp/venv/lib/python3.9/site-packages/anyio/_backends/_asyncio.py", line 772, in __aexit__
  |     raise BaseExceptionGroup(
  | exceptiongroup.ExceptionGroup: unhandled errors in a TaskGroup (1 sub-exception)
  +-+---------------- 1 ----------------
    | Traceback (most recent call last):
    |   File "/Users/alex/Desktop/Dev/api_mp/venv/lib/python3.9/site-packages/starlette/middleware/errors.py", line 164, in __call__
    |     await self.app(scope, receive, _send)
    |   File "/Users/alex/Desktop/Dev/api_mp/venv/lib/python3.9/site-packages/starlette/middleware/base.py", line 187, in __call__
    |     recv_stream.close()
    |   File "/Library/Developer/CommandLineTools/Library/Frameworks/Python3.framework/Versions/3.9/lib/python3.9/contextlib.py", line 135, in __exit__
    |     self.gen.throw(type, value, traceback)
    |   File "/Users/alex/Desktop/Dev/api_mp/venv/lib/python3.9/site-packages/starlette/_utils.py", line 83, in collapse_excgroups
    |     raise exc
    |   File "/Users/alex/Desktop/Dev/api_mp/venv/lib/python3.9/site-packages/starlette/middleware/base.py", line 184, in __call__
    |     response = await self.dispatch_func(request, call_next)
    |   File "/Users/alex/Desktop/Dev/api_mp/middleware/auth.py", line 22, in dispatch
    |     response = await call_next(request)
    |   File "/Users/alex/Desktop/Dev/api_mp/venv/lib/python3.9/site-packages/starlette/middleware/base.py", line 159, in call_next
    |     raise app_exc
    |   File "/Users/alex/Desktop/Dev/api_mp/venv/lib/python3.9/site-packages/starlette/middleware/base.py", line 144, in coro
    |     await self.app(scope, receive_or_disconnect, send_no_error)
    |   File "/Users/alex/Desktop/Dev/api_mp/venv/lib/python3.9/site-packages/starlette/middleware/exceptions.py", line 63, in __call__
    |     await wrap_app_handling_exceptions(self.app, conn)(scope, receive, send)
    |   File "/Users/alex/Desktop/Dev/api_mp/venv/lib/python3.9/site-packages/starlette/_exception_handler.py", line 53, in wrapped_app
    |     raise exc
    |   File "/Users/alex/Desktop/Dev/api_mp/venv/lib/python3.9/site-packages/starlette/_exception_handler.py", line 42, in wrapped_app
    |     await app(scope, receive, sender)
    |   File "/Users/alex/Desktop/Dev/api_mp/venv/lib/python3.9/site-packages/starlette/routing.py", line 716, in __call__
    |     await self.middleware_stack(scope, receive, send)
    |   File "/Users/alex/Desktop/Dev/api_mp/venv/lib/python3.9/site-packages/starlette/routing.py", line 736, in app
    |     await route.handle(scope, receive, send)
    |   File "/Users/alex/Desktop/Dev/api_mp/venv/lib/python3.9/site-packages/starlette/routing.py", line 290, in handle
    |     await self.app(scope, receive, send)
    |   File "/Users/alex/Desktop/Dev/api_mp/venv/lib/python3.9/site-packages/starlette/routing.py", line 78, in app
    |     await wrap_app_handling_exceptions(app, request)(scope, receive, send)
    |   File "/Users/alex/Desktop/Dev/api_mp/venv/lib/python3.9/site-packages/starlette/_exception_handler.py", line 53, in wrapped_app
    |     raise exc
    |   File "/Users/alex/Desktop/Dev/api_mp/venv/lib/python3.9/site-packages/starlette/_exception_handler.py", line 42, in wrapped_app
    |     await app(scope, receive, sender)
    |   File "/Users/alex/Desktop/Dev/api_mp/venv/lib/python3.9/site-packages/starlette/routing.py", line 75, in app
    |     response = await f(request)
    |   File "/Users/alex/Desktop/Dev/api_mp/venv/lib/python3.9/site-packages/fastapi/routing.py", line 302, in app
    |     raw_response = await run_endpoint_function(
    |   File "/Users/alex/Desktop/Dev/api_mp/venv/lib/python3.9/site-packages/fastapi/routing.py", line 213, in run_endpoint_function
    |     return await dependant.call(**values)
    |   File "/Users/alex/Desktop/Dev/api_mp/routers/auth.py", line 24, in register
    |     existing = await get_user_by_email(db, user_in.email)
    |   File "/Users/alex/Desktop/Dev/api_mp/services/user.py", line 15, in get_user_by_email
    |     result = await session.execute(stmt)
    |   File "/Users/alex/Desktop/Dev/api_mp/venv/lib/python3.9/site-packages/sqlalchemy/ext/asyncio/session.py", line 463, in execute
    |     result = await greenlet_spawn(
    |   File "/Users/alex/Desktop/Dev/api_mp/venv/lib/python3.9/site-packages/sqlalchemy/util/_concurrency_py3k.py", line 201, in greenlet_spawn
    |     result = context.throw(*sys.exc_info())
    |   File "/Users/alex/Desktop/Dev/api_mp/venv/lib/python3.9/site-packages/sqlalchemy/orm/session.py", line 2365, in execute
    |     return self._execute_internal(
    |   File "/Users/alex/Desktop/Dev/api_mp/venv/lib/python3.9/site-packages/sqlalchemy/orm/session.py", line 2251, in _execute_internal
    |     result: Result[Any] = compile_state_cls.orm_execute_statement(
    |   File "/Users/alex/Desktop/Dev/api_mp/venv/lib/python3.9/site-packages/sqlalchemy/orm/context.py", line 306, in orm_execute_statement
    |     result = conn.execute(
    |   File "/Users/alex/Desktop/Dev/api_mp/venv/lib/python3.9/site-packages/sqlalchemy/engine/base.py", line 1415, in execute
    |     return meth(
    |   File "/Users/alex/Desktop/Dev/api_mp/venv/lib/python3.9/site-packages/sqlalchemy/sql/elements.py", line 523, in _execute_on_connection
    |     return connection._execute_clauseelement(
    |   File "/Users/alex/Desktop/Dev/api_mp/venv/lib/python3.9/site-packages/sqlalchemy/engine/base.py", line 1637, in _execute_clauseelement
    |     ret = self._execute_context(
    |   File "/Users/alex/Desktop/Dev/api_mp/venv/lib/python3.9/site-packages/sqlalchemy/engine/base.py", line 1842, in _execute_context
    |     return self._exec_single_context(
    |   File "/Users/alex/Desktop/Dev/api_mp/venv/lib/python3.9/site-packages/sqlalchemy/engine/base.py", line 1982, in _exec_single_context
    |     self._handle_dbapi_exception(
    |   File "/Users/alex/Desktop/Dev/api_mp/venv/lib/python3.9/site-packages/sqlalchemy/engine/base.py", line 2354, in _handle_dbapi_exception
    |     raise exc_info[1].with_traceback(exc_info[2])
    |   File "/Users/alex/Desktop/Dev/api_mp/venv/lib/python3.9/site-packages/sqlalchemy/engine/base.py", line 1963, in _exec_single_context
    |     self.dialect.do_execute(
    |   File "/Users/alex/Desktop/Dev/api_mp/venv/lib/python3.9/site-packages/sqlalchemy/engine/default.py", line 943, in do_execute
    |     cursor.execute(statement, parameters)
    |   File "/Users/alex/Desktop/Dev/api_mp/venv/lib/python3.9/site-packages/sqlalchemy/dialects/postgresql/asyncpg.py", line 580, in execute
    |     self._adapt_connection.await_(
    |   File "/Users/alex/Desktop/Dev/api_mp/venv/lib/python3.9/site-packages/sqlalchemy/util/_concurrency_py3k.py", line 132, in await_only
    |     return current.parent.switch(awaitable)  # type: ignore[no-any-return,attr-defined] # noqa: E501
    |   File "/Users/alex/Desktop/Dev/api_mp/venv/lib/python3.9/site-packages/sqlalchemy/util/_concurrency_py3k.py", line 196, in greenlet_spawn
    |     value = await result
    |   File "/Users/alex/Desktop/Dev/api_mp/venv/lib/python3.9/site-packages/sqlalchemy/dialects/postgresql/asyncpg.py", line 515, in _prepare_and_execute
    |     await adapt_connection._start_transaction()
    |   File "/Users/alex/Desktop/Dev/api_mp/venv/lib/python3.9/site-packages/sqlalchemy/dialects/postgresql/asyncpg.py", line 845, in _start_transaction
    |     self._handle_exception(error)
    |   File "/Users/alex/Desktop/Dev/api_mp/venv/lib/python3.9/site-packages/sqlalchemy/dialects/postgresql/asyncpg.py", line 794, in _handle_exception
    |     raise error
    |   File "/Users/alex/Desktop/Dev/api_mp/venv/lib/python3.9/site-packages/sqlalchemy/dialects/postgresql/asyncpg.py", line 843, in _start_transaction
    |     await self._transaction.start()
    |   File "/Users/alex/Desktop/Dev/api_mp/venv/lib/python3.9/site-packages/asyncpg/transaction.py", line 146, in start
    |     await self._connection.execute(query)
    |   File "/Users/alex/Desktop/Dev/api_mp/venv/lib/python3.9/site-packages/asyncpg/connection.py", line 349, in execute
    |     result = await self._protocol.query(query, timeout)
    |   File "asyncpg/protocol/protocol.pyx", line 375, in query
    | RuntimeError: Task <Task pending name='starlette.middleware.base.BaseHTTPMiddleware.__call__.<locals>.call_next.<locals>.coro' coro=<BaseHTTPMiddleware.__call__.<locals>.call_next.<locals>.coro() running at /Users/alex/Desktop/Dev/api_mp/venv/lib/python3.9/site-packages/starlette/middleware/base.py:144> cb=[TaskGroup._spawn.<locals>.task_done() at /Users/alex/Desktop/Dev/api_mp/venv/lib/python3.9/site-packages/anyio/_backends/_asyncio.py:794]> got Future <Future pending cb=[BaseProtocol._on_waiter_completed()]> attached to a different loop
    +------------------------------------

During handling of the above exception, another exception occurred:

Traceback (most recent call last):
  File "/Users/alex/Desktop/Dev/api_mp/venv/lib/python3.9/site-packages/starlette/middleware/errors.py", line 164, in __call__
    await self.app(scope, receive, _send)
  File "/Users/alex/Desktop/Dev/api_mp/venv/lib/python3.9/site-packages/starlette/middleware/base.py", line 187, in __call__
    recv_stream.close()
  File "/Library/Developer/CommandLineTools/Library/Frameworks/Python3.framework/Versions/3.9/lib/python3.9/contextlib.py", line 135, in __exit__
    self.gen.throw(type, value, traceback)
  File "/Users/alex/Desktop/Dev/api_mp/venv/lib/python3.9/site-packages/starlette/_utils.py", line 83, in collapse_excgroups
    raise exc
  File "/Users/alex/Desktop/Dev/api_mp/venv/lib/python3.9/site-packages/starlette/middleware/base.py", line 184, in __call__
    response = await self.dispatch_func(request, call_next)
  File "/Users/alex/Desktop/Dev/api_mp/middleware/auth.py", line 22, in dispatch
    response = await call_next(request)
  File "/Users/alex/Desktop/Dev/api_mp/venv/lib/python3.9/site-packages/starlette/middleware/base.py", line 159, in call_next
    raise app_exc
  File "/Users/alex/Desktop/Dev/api_mp/venv/lib/python3.9/site-packages/starlette/middleware/base.py", line 144, in coro
    await self.app(scope, receive_or_disconnect, send_no_error)
  File "/Users/alex/Desktop/Dev/api_mp/venv/lib/python3.9/site-packages/starlette/middleware/exceptions.py", line 63, in __call__
    await wrap_app_handling_exceptions(self.app, conn)(scope, receive, send)
  File "/Users/alex/Desktop/Dev/api_mp/venv/lib/python3.9/site-packages/starlette/_exception_handler.py", line 53, in wrapped_app
    raise exc
  File "/Users/alex/Desktop/Dev/api_mp/venv/lib/python3.9/site-packages/starlette/_exception_handler.py", line 42, in wrapped_app
    await app(scope, receive, sender)
  File "/Users/alex/Desktop/Dev/api_mp/venv/lib/python3.9/site-packages/starlette/routing.py", line 716, in __call__
    await self.middleware_stack(scope, receive, send)
  File "/Users/alex/Desktop/Dev/api_mp/venv/lib/python3.9/site-packages/starlette/routing.py", line 736, in app
    await route.handle(scope, receive, send)
  File "/Users/alex/Desktop/Dev/api_mp/venv/lib/python3.9/site-packages/starlette/routing.py", line 290, in handle
    await self.app(scope, receive, send)
  File "/Users/alex/Desktop/Dev/api_mp/venv/lib/python3.9/site-packages/starlette/routing.py", line 78, in app
    await wrap_app_handling_exceptions(app, request)(scope, receive, send)
  File "/Users/alex/Desktop/Dev/api_mp/venv/lib/python3.9/site-packages/starlette/_exception_handler.py", line 53, in wrapped_app
    raise exc
  File "/Users/alex/Desktop/Dev/api_mp/venv/lib/python3.9/site-packages/starlette/_exception_handler.py", line 42, in wrapped_app
    await app(scope, receive, sender)
  File "/Users/alex/Desktop/Dev/api_mp/venv/lib/python3.9/site-packages/starlette/routing.py", line 75, in app
    response = await f(request)
  File "/Users/alex/Desktop/Dev/api_mp/venv/lib/python3.9/site-packages/fastapi/routing.py", line 302, in app
    raw_response = await run_endpoint_function(
  File "/Users/alex/Desktop/Dev/api_mp/venv/lib/python3.9/site-packages/fastapi/routing.py", line 213, in run_endpoint_function
    return await dependant.call(**values)
  File "/Users/alex/Desktop/Dev/api_mp/routers/auth.py", line 24, in register
    existing = await get_user_by_email(db, user_in.email)
  File "/Users/alex/Desktop/Dev/api_mp/services/user.py", line 15, in get_user_by_email
    result = await session.execute(stmt)
  File "/Users/alex/Desktop/Dev/api_mp/venv/lib/python3.9/site-packages/sqlalchemy/ext/asyncio/session.py", line 463, in execute
    result = await greenlet_spawn(
  File "/Users/alex/Desktop/Dev/api_mp/venv/lib/python3.9/site-packages/sqlalchemy/util/_concurrency_py3k.py", line 201, in greenlet_spawn
    result = context.throw(*sys.exc_info())
  File "/Users/alex/Desktop/Dev/api_mp/venv/lib/python3.9/site-packages/sqlalchemy/orm/session.py", line 2365, in execute
    return self._execute_internal(
  File "/Users/alex/Desktop/Dev/api_mp/venv/lib/python3.9/site-packages/sqlalchemy/orm/session.py", line 2251, in _execute_internal
    result: Result[Any] = compile_state_cls.orm_execute_statement(
  File "/Users/alex/Desktop/Dev/api_mp/venv/lib/python3.9/site-packages/sqlalchemy/orm/context.py", line 306, in orm_execute_statement
    result = conn.execute(
  File "/Users/alex/Desktop/Dev/api_mp/venv/lib/python3.9/site-packages/sqlalchemy/engine/base.py", line 1415, in execute
    return meth(
  File "/Users/alex/Desktop/Dev/api_mp/venv/lib/python3.9/site-packages/sqlalchemy/sql/elements.py", line 523, in _execute_on_connection
    return connection._execute_clauseelement(
  File "/Users/alex/Desktop/Dev/api_mp/venv/lib/python3.9/site-packages/sqlalchemy/engine/base.py", line 1637, in _execute_clauseelement
    ret = self._execute_context(
  File "/Users/alex/Desktop/Dev/api_mp/venv/lib/python3.9/site-packages/sqlalchemy/engine/base.py", line 1842, in _execute_context
    return self._exec_single_context(
  File "/Users/alex/Desktop/Dev/api_mp/venv/lib/python3.9/site-packages/sqlalchemy/engine/base.py", line 1982, in _exec_single_context
    self._handle_dbapi_exception(
  File "/Users/alex/Desktop/Dev/api_mp/venv/lib/python3.9/site-packages/sqlalchemy/engine/base.py", line 2354, in _handle_dbapi_exception
    raise exc_info[1].with_traceback(exc_info[2])
  File "/Users/alex/Desktop/Dev/api_mp/venv/lib/python3.9/site-packages/sqlalchemy/engine/base.py", line 1963, in _exec_single_context
    self.dialect.do_execute(
  File "/Users/alex/Desktop/Dev/api_mp/venv/lib/python3.9/site-packages/sqlalchemy/engine/default.py", line 943, in do_execute
    cursor.execute(statement, parameters)
  File "/Users/alex/Desktop/Dev/api_mp/venv/lib/python3.9/site-packages/sqlalchemy/dialects/postgresql/asyncpg.py", line 580, in execute
    self._adapt_connection.await_(
  File "/Users/alex/Desktop/Dev/api_mp/venv/lib/python3.9/site-packages/sqlalchemy/util/_concurrency_py3k.py", line 132, in await_only
    return current.parent.switch(awaitable)  # type: ignore[no-any-return,attr-defined] # noqa: E501
  File "/Users/alex/Desktop/Dev/api_mp/venv/lib/python3.9/site-packages/sqlalchemy/util/_concurrency_py3k.py", line 196, in greenlet_spawn
    value = await result
  File "/Users/alex/Desktop/Dev/api_mp/venv/lib/python3.9/site-packages/sqlalchemy/dialects/postgresql/asyncpg.py", line 515, in _prepare_and_execute
    await adapt_connection._start_transaction()
  File "/Users/alex/Desktop/Dev/api_mp/venv/lib/python3.9/site-packages/sqlalchemy/dialects/postgresql/asyncpg.py", line 845, in _start_transaction
    self._handle_exception(error)
  File "/Users/alex/Desktop/Dev/api_mp/venv/lib/python3.9/site-packages/sqlalchemy/dialects/postgresql/asyncpg.py", line 794, in _handle_exception
    raise error
  File "/Users/alex/Desktop/Dev/api_mp/venv/lib/python3.9/site-packages/sqlalchemy/dialects/postgresql/asyncpg.py", line 843, in _start_transaction
    await self._transaction.start()
  File "/Users/alex/Desktop/Dev/api_mp/venv/lib/python3.9/site-packages/asyncpg/transaction.py", line 146, in start
    await self._connection.execute(query)
  File "/Users/alex/Desktop/Dev/api_mp/venv/lib/python3.9/site-packages/asyncpg/connection.py", line 349, in execute
    result = await self._protocol.query(query, timeout)
  File "asyncpg/protocol/protocol.pyx", line 375, in query
RuntimeError: Task <Task pending name='starlette.middleware.base.BaseHTTPMiddleware.__call__.<locals>.call_next.<locals>.coro' coro=<BaseHTTPMiddleware.__call__.<locals>.call_next.<locals>.coro() running at /Users/alex/Desktop/Dev/api_mp/venv/lib/python3.9/site-packages/starlette/middleware/base.py:144> cb=[TaskGroup._spawn.<locals>.task_done() at /Users/alex/Desktop/Dev/api_mp/venv/lib/python3.9/site-packages/anyio/_backends/_asyncio.py:794]> got Future <Future pending cb=[BaseProtocol._on_waiter_completed()]> attached to a different loop
[2025-08-13 16:06:51,919] [ERROR] [app] - Глобальная ошибка на POST /auth/register: Task <Task pending name='starlette.middleware.base.BaseHTTPMiddleware.__call__.<locals>.call_next.<locals>.coro' coro=<BaseHTTPMiddleware.__call__.<locals>.call_next.<locals>.coro() running at /Users/alex/Desktop/Dev/api_mp/venv/lib/python3.9/site-packages/starlette/middleware/base.py:144> cb=[TaskGroup._spawn.<locals>.task_done() at /Users/alex/Desktop/Dev/api_mp/venv/lib/python3.9/site-packages/anyio/_backends/_asyncio.py:794]> got Future <Future pending cb=[BaseProtocol._on_waiter_completed()]> attached to a different loop
  + Exception Group Traceback (most recent call last):
  |   File "/Users/alex/Desktop/Dev/api_mp/venv/lib/python3.9/site-packages/starlette/_utils.py", line 77, in collapse_excgroups
  |     yield
  |   File "/Users/alex/Desktop/Dev/api_mp/venv/lib/python3.9/site-packages/starlette/middleware/base.py", line 187, in __call__
  |     recv_stream.close()
  |   File "/Users/alex/Desktop/Dev/api_mp/venv/lib/python3.9/site-packages/anyio/_backends/_asyncio.py", line 772, in __aexit__
  |     raise BaseExceptionGroup(
  | exceptiongroup.ExceptionGroup: unhandled errors in a TaskGroup (1 sub-exception)
  +-+---------------- 1 ----------------
    | Traceback (most recent call last):
    |   File "/Users/alex/Desktop/Dev/api_mp/venv/lib/python3.9/site-packages/starlette/middleware/errors.py", line 164, in __call__
    |     await self.app(scope, receive, _send)
    |   File "/Users/alex/Desktop/Dev/api_mp/venv/lib/python3.9/site-packages/starlette/middleware/base.py", line 187, in __call__
    |     recv_stream.close()
    |   File "/Library/Developer/CommandLineTools/Library/Frameworks/Python3.framework/Versions/3.9/lib/python3.9/contextlib.py", line 135, in __exit__
    |     self.gen.throw(type, value, traceback)
    |   File "/Users/alex/Desktop/Dev/api_mp/venv/lib/python3.9/site-packages/starlette/_utils.py", line 83, in collapse_excgroups
    |     raise exc
    |   File "/Users/alex/Desktop/Dev/api_mp/venv/lib/python3.9/site-packages/starlette/middleware/base.py", line 184, in __call__
    |     response = await self.dispatch_func(request, call_next)
    |   File "/Users/alex/Desktop/Dev/api_mp/middleware/auth.py", line 22, in dispatch
    |     response = await call_next(request)
    |   File "/Users/alex/Desktop/Dev/api_mp/venv/lib/python3.9/site-packages/starlette/middleware/base.py", line 159, in call_next
    |     raise app_exc
    |   File "/Users/alex/Desktop/Dev/api_mp/venv/lib/python3.9/site-packages/starlette/middleware/base.py", line 144, in coro
    |     await self.app(scope, receive_or_disconnect, send_no_error)
    |   File "/Users/alex/Desktop/Dev/api_mp/venv/lib/python3.9/site-packages/starlette/middleware/exceptions.py", line 63, in __call__
    |     await wrap_app_handling_exceptions(self.app, conn)(scope, receive, send)
    |   File "/Users/alex/Desktop/Dev/api_mp/venv/lib/python3.9/site-packages/starlette/_exception_handler.py", line 53, in wrapped_app
    |     raise exc
    |   File "/Users/alex/Desktop/Dev/api_mp/venv/lib/python3.9/site-packages/starlette/_exception_handler.py", line 42, in wrapped_app
    |     await app(scope, receive, sender)
    |   File "/Users/alex/Desktop/Dev/api_mp/venv/lib/python3.9/site-packages/starlette/routing.py", line 716, in __call__
    |     await self.middleware_stack(scope, receive, send)
    |   File "/Users/alex/Desktop/Dev/api_mp/venv/lib/python3.9/site-packages/starlette/routing.py", line 736, in app
    |     await route.handle(scope, receive, send)
    |   File "/Users/alex/Desktop/Dev/api_mp/venv/lib/python3.9/site-packages/starlette/routing.py", line 290, in handle
    |     await self.app(scope, receive, send)
    |   File "/Users/alex/Desktop/Dev/api_mp/venv/lib/python3.9/site-packages/starlette/routing.py", line 78, in app
    |     await wrap_app_handling_exceptions(app, request)(scope, receive, send)
    |   File "/Users/alex/Desktop/Dev/api_mp/venv/lib/python3.9/site-packages/starlette/_exception_handler.py", line 53, in wrapped_app
    |     raise exc
    |   File "/Users/alex/Desktop/Dev/api_mp/venv/lib/python3.9/site-packages/starlette/_exception_handler.py", line 42, in wrapped_app
    |     await app(scope, receive, sender)
    |   File "/Users/alex/Desktop/Dev/api_mp/venv/lib/python3.9/site-packages/starlette/routing.py", line 75, in app
    |     response = await f(request)
    |   File "/Users/alex/Desktop/Dev/api_mp/venv/lib/python3.9/site-packages/fastapi/routing.py", line 302, in app
    |     raw_response = await run_endpoint_function(
    |   File "/Users/alex/Desktop/Dev/api_mp/venv/lib/python3.9/site-packages/fastapi/routing.py", line 213, in run_endpoint_function
    |     return await dependant.call(**values)
    |   File "/Users/alex/Desktop/Dev/api_mp/routers/auth.py", line 24, in register
    |     existing = await get_user_by_email(db, user_in.email)
    |   File "/Users/alex/Desktop/Dev/api_mp/services/user.py", line 15, in get_user_by_email
    |     result = await session.execute(stmt)
    |   File "/Users/alex/Desktop/Dev/api_mp/venv/lib/python3.9/site-packages/sqlalchemy/ext/asyncio/session.py", line 463, in execute
    |     result = await greenlet_spawn(
    |   File "/Users/alex/Desktop/Dev/api_mp/venv/lib/python3.9/site-packages/sqlalchemy/util/_concurrency_py3k.py", line 201, in greenlet_spawn
    |     result = context.throw(*sys.exc_info())
    |   File "/Users/alex/Desktop/Dev/api_mp/venv/lib/python3.9/site-packages/sqlalchemy/orm/session.py", line 2365, in execute
    |     return self._execute_internal(
    |   File "/Users/alex/Desktop/Dev/api_mp/venv/lib/python3.9/site-packages/sqlalchemy/orm/session.py", line 2251, in _execute_internal
    |     result: Result[Any] = compile_state_cls.orm_execute_statement(
    |   File "/Users/alex/Desktop/Dev/api_mp/venv/lib/python3.9/site-packages/sqlalchemy/orm/context.py", line 306, in orm_execute_statement
    |     result = conn.execute(
    |   File "/Users/alex/Desktop/Dev/api_mp/venv/lib/python3.9/site-packages/sqlalchemy/engine/base.py", line 1415, in execute
    |     return meth(
    |   File "/Users/alex/Desktop/Dev/api_mp/venv/lib/python3.9/site-packages/sqlalchemy/sql/elements.py", line 523, in _execute_on_connection
    |     return connection._execute_clauseelement(
    |   File "/Users/alex/Desktop/Dev/api_mp/venv/lib/python3.9/site-packages/sqlalchemy/engine/base.py", line 1637, in _execute_clauseelement
    |     ret = self._execute_context(
    |   File "/Users/alex/Desktop/Dev/api_mp/venv/lib/python3.9/site-packages/sqlalchemy/engine/base.py", line 1842, in _execute_context
    |     return self._exec_single_context(
    |   File "/Users/alex/Desktop/Dev/api_mp/venv/lib/python3.9/site-packages/sqlalchemy/engine/base.py", line 1982, in _exec_single_context
    |     self._handle_dbapi_exception(
    |   File "/Users/alex/Desktop/Dev/api_mp/venv/lib/python3.9/site-packages/sqlalchemy/engine/base.py", line 2354, in _handle_dbapi_exception
    |     raise exc_info[1].with_traceback(exc_info[2])
    |   File "/Users/alex/Desktop/Dev/api_mp/venv/lib/python3.9/site-packages/sqlalchemy/engine/base.py", line 1963, in _exec_single_context
    |     self.dialect.do_execute(
    |   File "/Users/alex/Desktop/Dev/api_mp/venv/lib/python3.9/site-packages/sqlalchemy/engine/default.py", line 943, in do_execute
    |     cursor.execute(statement, parameters)
    |   File "/Users/alex/Desktop/Dev/api_mp/venv/lib/python3.9/site-packages/sqlalchemy/dialects/postgresql/asyncpg.py", line 580, in execute
    |     self._adapt_connection.await_(
    |   File "/Users/alex/Desktop/Dev/api_mp/venv/lib/python3.9/site-packages/sqlalchemy/util/_concurrency_py3k.py", line 132, in await_only
    |     return current.parent.switch(awaitable)  # type: ignore[no-any-return,attr-defined] # noqa: E501
    |   File "/Users/alex/Desktop/Dev/api_mp/venv/lib/python3.9/site-packages/sqlalchemy/util/_concurrency_py3k.py", line 196, in greenlet_spawn
    |     value = await result
    |   File "/Users/alex/Desktop/Dev/api_mp/venv/lib/python3.9/site-packages/sqlalchemy/dialects/postgresql/asyncpg.py", line 515, in _prepare_and_execute
    |     await adapt_connection._start_transaction()
    |   File "/Users/alex/Desktop/Dev/api_mp/venv/lib/python3.9/site-packages/sqlalchemy/dialects/postgresql/asyncpg.py", line 845, in _start_transaction
    |     self._handle_exception(error)
    |   File "/Users/alex/Desktop/Dev/api_mp/venv/lib/python3.9/site-packages/sqlalchemy/dialects/postgresql/asyncpg.py", line 794, in _handle_exception
    |     raise error
    |   File "/Users/alex/Desktop/Dev/api_mp/venv/lib/python3.9/site-packages/sqlalchemy/dialects/postgresql/asyncpg.py", line 843, in _start_transaction
    |     await self._transaction.start()
    |   File "/Users/alex/Desktop/Dev/api_mp/venv/lib/python3.9/site-packages/asyncpg/transaction.py", line 146, in start
    |     await self._connection.execute(query)
    |   File "/Users/alex/Desktop/Dev/api_mp/venv/lib/python3.9/site-packages/asyncpg/connection.py", line 349, in execute
    |     result = await self._protocol.query(query, timeout)
    |   File "asyncpg/protocol/protocol.pyx", line 375, in query
    | RuntimeError: Task <Task pending name='starlette.middleware.base.BaseHTTPMiddleware.__call__.<locals>.call_next.<locals>.coro' coro=<BaseHTTPMiddleware.__call__.<locals>.call_next.<locals>.coro() running at /Users/alex/Desktop/Dev/api_mp/venv/lib/python3.9/site-packages/starlette/middleware/base.py:144> cb=[TaskGroup._spawn.<locals>.task_done() at /Users/alex/Desktop/Dev/api_mp/venv/lib/python3.9/site-packages/anyio/_backends/_asyncio.py:794]> got Future <Future pending cb=[BaseProtocol._on_waiter_completed()]> attached to a different loop
    +------------------------------------

During handling of the above exception, another exception occurred:

Traceback (most recent call last):
  File "/Users/alex/Desktop/Dev/api_mp/venv/lib/python3.9/site-packages/starlette/middleware/errors.py", line 164, in __call__
    await self.app(scope, receive, _send)
  File "/Users/alex/Desktop/Dev/api_mp/venv/lib/python3.9/site-packages/starlette/middleware/base.py", line 187, in __call__
    recv_stream.close()
  File "/Library/Developer/CommandLineTools/Library/Frameworks/Python3.framework/Versions/3.9/lib/python3.9/contextlib.py", line 135, in __exit__
    self.gen.throw(type, value, traceback)
  File "/Users/alex/Desktop/Dev/api_mp/venv/lib/python3.9/site-packages/starlette/_utils.py", line 83, in collapse_excgroups
    raise exc
  File "/Users/alex/Desktop/Dev/api_mp/venv/lib/python3.9/site-packages/starlette/middleware/base.py", line 184, in __call__
    response = await self.dispatch_func(request, call_next)
  File "/Users/alex/Desktop/Dev/api_mp/middleware/auth.py", line 22, in dispatch
    response = await call_next(request)
  File "/Users/alex/Desktop/Dev/api_mp/venv/lib/python3.9/site-packages/starlette/middleware/base.py", line 159, in call_next
    raise app_exc
  File "/Users/alex/Desktop/Dev/api_mp/venv/lib/python3.9/site-packages/starlette/middleware/base.py", line 144, in coro
    await self.app(scope, receive_or_disconnect, send_no_error)
  File "/Users/alex/Desktop/Dev/api_mp/venv/lib/python3.9/site-packages/starlette/middleware/exceptions.py", line 63, in __call__
    await wrap_app_handling_exceptions(self.app, conn)(scope, receive, send)
  File "/Users/alex/Desktop/Dev/api_mp/venv/lib/python3.9/site-packages/starlette/_exception_handler.py", line 53, in wrapped_app
    raise exc
  File "/Users/alex/Desktop/Dev/api_mp/venv/lib/python3.9/site-packages/starlette/_exception_handler.py", line 42, in wrapped_app
    await app(scope, receive, sender)
  File "/Users/alex/Desktop/Dev/api_mp/venv/lib/python3.9/site-packages/starlette/routing.py", line 716, in __call__
    await self.middleware_stack(scope, receive, send)
  File "/Users/alex/Desktop/Dev/api_mp/venv/lib/python3.9/site-packages/starlette/routing.py", line 736, in app
    await route.handle(scope, receive, send)
  File "/Users/alex/Desktop/Dev/api_mp/venv/lib/python3.9/site-packages/starlette/routing.py", line 290, in handle
    await self.app(scope, receive, send)
  File "/Users/alex/Desktop/Dev/api_mp/venv/lib/python3.9/site-packages/starlette/routing.py", line 78, in app
    await wrap_app_handling_exceptions(app, request)(scope, receive, send)
  File "/Users/alex/Desktop/Dev/api_mp/venv/lib/python3.9/site-packages/starlette/_exception_handler.py", line 53, in wrapped_app
    raise exc
  File "/Users/alex/Desktop/Dev/api_mp/venv/lib/python3.9/site-packages/starlette/_exception_handler.py", line 42, in wrapped_app
    await app(scope, receive, sender)
  File "/Users/alex/Desktop/Dev/api_mp/venv/lib/python3.9/site-packages/starlette/routing.py", line 75, in app
    response = await f(request)
  File "/Users/alex/Desktop/Dev/api_mp/venv/lib/python3.9/site-packages/fastapi/routing.py", line 302, in app
    raw_response = await run_endpoint_function(
  File "/Users/alex/Desktop/Dev/api_mp/venv/lib/python3.9/site-packages/fastapi/routing.py", line 213, in run_endpoint_function
    return await dependant.call(**values)
  File "/Users/alex/Desktop/Dev/api_mp/routers/auth.py", line 24, in register
    existing = await get_user_by_email(db, user_in.email)
  File "/Users/alex/Desktop/Dev/api_mp/services/user.py", line 15, in get_user_by_email
    result = await session.execute(stmt)
  File "/Users/alex/Desktop/Dev/api_mp/venv/lib/python3.9/site-packages/sqlalchemy/ext/asyncio/session.py", line 463, in execute
    result = await greenlet_spawn(
  File "/Users/alex/Desktop/Dev/api_mp/venv/lib/python3.9/site-packages/sqlalchemy/util/_concurrency_py3k.py", line 201, in greenlet_spawn
    result = context.throw(*sys.exc_info())
  File "/Users/alex/Desktop/Dev/api_mp/venv/lib/python3.9/site-packages/sqlalchemy/orm/session.py", line 2365, in execute
    return self._execute_internal(
  File "/Users/alex/Desktop/Dev/api_mp/venv/lib/python3.9/site-packages/sqlalchemy/orm/session.py", line 2251, in _execute_internal
    result: Result[Any] = compile_state_cls.orm_execute_statement(
  File "/Users/alex/Desktop/Dev/api_mp/venv/lib/python3.9/site-packages/sqlalchemy/orm/context.py", line 306, in orm_execute_statement
    result = conn.execute(
  File "/Users/alex/Desktop/Dev/api_mp/venv/lib/python3.9/site-packages/sqlalchemy/engine/base.py", line 1415, in execute
    return meth(
  File "/Users/alex/Desktop/Dev/api_mp/venv/lib/python3.9/site-packages/sqlalchemy/sql/elements.py", line 523, in _execute_on_connection
    return connection._execute_clauseelement(
  File "/Users/alex/Desktop/Dev/api_mp/venv/lib/python3.9/site-packages/sqlalchemy/engine/base.py", line 1637, in _execute_clauseelement
    ret = self._execute_context(
  File "/Users/alex/Desktop/Dev/api_mp/venv/lib/python3.9/site-packages/sqlalchemy/engine/base.py", line 1842, in _execute_context
    return self._exec_single_context(
  File "/Users/alex/Desktop/Dev/api_mp/venv/lib/python3.9/site-packages/sqlalchemy/engine/base.py", line 1982, in _exec_single_context
    self._handle_dbapi_exception(
  File "/Users/alex/Desktop/Dev/api_mp/venv/lib/python3.9/site-packages/sqlalchemy/engine/base.py", line 2354, in _handle_dbapi_exception
    raise exc_info[1].with_traceback(exc_info[2])
  File "/Users/alex/Desktop/Dev/api_mp/venv/lib/python3.9/site-packages/sqlalchemy/engine/base.py", line 1963, in _exec_single_context
    self.dialect.do_execute(
  File "/Users/alex/Desktop/Dev/api_mp/venv/lib/python3.9/site-packages/sqlalchemy/engine/default.py", line 943, in do_execute
    cursor.execute(statement, parameters)
  File "/Users/alex/Desktop/Dev/api_mp/venv/lib/python3.9/site-packages/sqlalchemy/dialects/postgresql/asyncpg.py", line 580, in execute
    self._adapt_connection.await_(
  File "/Users/alex/Desktop/Dev/api_mp/venv/lib/python3.9/site-packages/sqlalchemy/util/_concurrency_py3k.py", line 132, in await_only
    return current.parent.switch(awaitable)  # type: ignore[no-any-return,attr-defined] # noqa: E501
  File "/Users/alex/Desktop/Dev/api_mp/venv/lib/python3.9/site-packages/sqlalchemy/util/_concurrency_py3k.py", line 196, in greenlet_spawn
    value = await result
  File "/Users/alex/Desktop/Dev/api_mp/venv/lib/python3.9/site-packages/sqlalchemy/dialects/postgresql/asyncpg.py", line 515, in _prepare_and_execute
    await adapt_connection._start_transaction()
  File "/Users/alex/Desktop/Dev/api_mp/venv/lib/python3.9/site-packages/sqlalchemy/dialects/postgresql/asyncpg.py", line 845, in _start_transaction
    self._handle_exception(error)
  File "/Users/alex/Desktop/Dev/api_mp/venv/lib/python3.9/site-packages/sqlalchemy/dialects/postgresql/asyncpg.py", line 794, in _handle_exception
    raise error
  File "/Users/alex/Desktop/Dev/api_mp/venv/lib/python3.9/site-packages/sqlalchemy/dialects/postgresql/asyncpg.py", line 843, in _start_transaction
    await self._transaction.start()
  File "/Users/alex/Desktop/Dev/api_mp/venv/lib/python3.9/site-packages/asyncpg/transaction.py", line 146, in start
    await self._connection.execute(query)
  File "/Users/alex/Desktop/Dev/api_mp/venv/lib/python3.9/site-packages/asyncpg/connection.py", line 349, in execute
    result = await self._protocol.query(query, timeout)
  File "asyncpg/protocol/protocol.pyx", line 375, in query
RuntimeError: Task <Task pending name='starlette.middleware.base.BaseHTTPMiddleware.__call__.<locals>.call_next.<locals>.coro' coro=<BaseHTTPMiddleware.__call__.<locals>.call_next.<locals>.coro() running at /Users/alex/Desktop/Dev/api_mp/venv/lib/python3.9/site-packages/starlette/middleware/base.py:144> cb=[TaskGroup._spawn.<locals>.task_done() at /Users/alex/Desktop/Dev/api_mp/venv/lib/python3.9/site-packages/anyio/_backends/_asyncio.py:794]> got Future <Future pending cb=[BaseProtocol._on_waiter_completed()]> attached to a different loop
[2025-08-13 16:07:40,466] [ERROR] [app] - Глобальная ошибка на POST /auth/register: Task <Task pending name='starlette.middleware.base.BaseHTTPMiddleware.__call__.<locals>.call_next.<locals>.coro' coro=<BaseHTTPMiddleware.__call__.<locals>.call_next.<locals>.coro() running at /Users/alex/Desktop/Dev/api_mp/venv/lib/python3.9/site-packages/starlette/middleware/base.py:144> cb=[TaskGroup._spawn.<locals>.task_done() at /Users/alex/Desktop/Dev/api_mp/venv/lib/python3.9/site-packages/anyio/_backends/_asyncio.py:794]> got Future <Future pending cb=[BaseProtocol._on_waiter_completed()]> attached to a different loop
  + Exception Group Traceback (most recent call last):
  |   File "/Users/alex/Desktop/Dev/api_mp/venv/lib/python3.9/site-packages/starlette/_utils.py", line 77, in collapse_excgroups
  |     yield
  |   File "/Users/alex/Desktop/Dev/api_mp/venv/lib/python3.9/site-packages/starlette/middleware/base.py", line 187, in __call__
  |     recv_stream.close()
  |   File "/Users/alex/Desktop/Dev/api_mp/venv/lib/python3.9/site-packages/anyio/_backends/_asyncio.py", line 772, in __aexit__
  |     raise BaseExceptionGroup(
  | exceptiongroup.ExceptionGroup: unhandled errors in a TaskGroup (1 sub-exception)
  +-+---------------- 1 ----------------
    | Traceback (most recent call last):
    |   File "/Users/alex/Desktop/Dev/api_mp/venv/lib/python3.9/site-packages/starlette/middleware/errors.py", line 164, in __call__
    |     await self.app(scope, receive, _send)
    |   File "/Users/alex/Desktop/Dev/api_mp/venv/lib/python3.9/site-packages/starlette/middleware/base.py", line 187, in __call__
    |     recv_stream.close()
    |   File "/Library/Developer/CommandLineTools/Library/Frameworks/Python3.framework/Versions/3.9/lib/python3.9/contextlib.py", line 135, in __exit__
    |     self.gen.throw(type, value, traceback)
    |   File "/Users/alex/Desktop/Dev/api_mp/venv/lib/python3.9/site-packages/starlette/_utils.py", line 83, in collapse_excgroups
    |     raise exc
    |   File "/Users/alex/Desktop/Dev/api_mp/venv/lib/python3.9/site-packages/starlette/middleware/base.py", line 184, in __call__
    |     response = await self.dispatch_func(request, call_next)
    |   File "/Users/alex/Desktop/Dev/api_mp/middleware/auth.py", line 22, in dispatch
    |     response = await call_next(request)
    |   File "/Users/alex/Desktop/Dev/api_mp/venv/lib/python3.9/site-packages/starlette/middleware/base.py", line 159, in call_next
    |     raise app_exc
    |   File "/Users/alex/Desktop/Dev/api_mp/venv/lib/python3.9/site-packages/starlette/middleware/base.py", line 144, in coro
    |     await self.app(scope, receive_or_disconnect, send_no_error)
    |   File "/Users/alex/Desktop/Dev/api_mp/venv/lib/python3.9/site-packages/starlette/middleware/exceptions.py", line 63, in __call__
    |     await wrap_app_handling_exceptions(self.app, conn)(scope, receive, send)
    |   File "/Users/alex/Desktop/Dev/api_mp/venv/lib/python3.9/site-packages/starlette/_exception_handler.py", line 53, in wrapped_app
    |     raise exc
    |   File "/Users/alex/Desktop/Dev/api_mp/venv/lib/python3.9/site-packages/starlette/_exception_handler.py", line 42, in wrapped_app
    |     await app(scope, receive, sender)
    |   File "/Users/alex/Desktop/Dev/api_mp/venv/lib/python3.9/site-packages/starlette/routing.py", line 716, in __call__
    |     await self.middleware_stack(scope, receive, send)
    |   File "/Users/alex/Desktop/Dev/api_mp/venv/lib/python3.9/site-packages/starlette/routing.py", line 736, in app
    |     await route.handle(scope, receive, send)
    |   File "/Users/alex/Desktop/Dev/api_mp/venv/lib/python3.9/site-packages/starlette/routing.py", line 290, in handle
    |     await self.app(scope, receive, send)
    |   File "/Users/alex/Desktop/Dev/api_mp/venv/lib/python3.9/site-packages/starlette/routing.py", line 78, in app
    |     await wrap_app_handling_exceptions(app, request)(scope, receive, send)
    |   File "/Users/alex/Desktop/Dev/api_mp/venv/lib/python3.9/site-packages/starlette/_exception_handler.py", line 53, in wrapped_app
    |     raise exc
    |   File "/Users/alex/Desktop/Dev/api_mp/venv/lib/python3.9/site-packages/starlette/_exception_handler.py", line 42, in wrapped_app
    |     await app(scope, receive, sender)
    |   File "/Users/alex/Desktop/Dev/api_mp/venv/lib/python3.9/site-packages/starlette/routing.py", line 75, in app
    |     response = await f(request)
    |   File "/Users/alex/Desktop/Dev/api_mp/venv/lib/python3.9/site-packages/fastapi/routing.py", line 302, in app
    |     raw_response = await run_endpoint_function(
    |   File "/Users/alex/Desktop/Dev/api_mp/venv/lib/python3.9/site-packages/fastapi/routing.py", line 213, in run_endpoint_function
    |     return await dependant.call(**values)
    |   File "/Users/alex/Desktop/Dev/api_mp/routers/auth.py", line 24, in register
    |     existing = await get_user_by_email(db, user_in.email)
    |   File "/Users/alex/Desktop/Dev/api_mp/services/user.py", line 15, in get_user_by_email
    |     result = await session.execute(stmt)
    |   File "/Users/alex/Desktop/Dev/api_mp/venv/lib/python3.9/site-packages/sqlalchemy/ext/asyncio/session.py", line 463, in execute
    |     result = await greenlet_spawn(
    |   File "/Users/alex/Desktop/Dev/api_mp/venv/lib/python3.9/site-packages/sqlalchemy/util/_concurrency_py3k.py", line 201, in greenlet_spawn
    |     result = context.throw(*sys.exc_info())
    |   File "/Users/alex/Desktop/Dev/api_mp/venv/lib/python3.9/site-packages/sqlalchemy/orm/session.py", line 2365, in execute
    |     return self._execute_internal(
    |   File "/Users/alex/Desktop/Dev/api_mp/venv/lib/python3.9/site-packages/sqlalchemy/orm/session.py", line 2251, in _execute_internal
    |     result: Result[Any] = compile_state_cls.orm_execute_statement(
    |   File "/Users/alex/Desktop/Dev/api_mp/venv/lib/python3.9/site-packages/sqlalchemy/orm/context.py", line 306, in orm_execute_statement
    |     result = conn.execute(
    |   File "/Users/alex/Desktop/Dev/api_mp/venv/lib/python3.9/site-packages/sqlalchemy/engine/base.py", line 1415, in execute
    |     return meth(
    |   File "/Users/alex/Desktop/Dev/api_mp/venv/lib/python3.9/site-packages/sqlalchemy/sql/elements.py", line 523, in _execute_on_connection
    |     return connection._execute_clauseelement(
    |   File "/Users/alex/Desktop/Dev/api_mp/venv/lib/python3.9/site-packages/sqlalchemy/engine/base.py", line 1637, in _execute_clauseelement
    |     ret = self._execute_context(
    |   File "/Users/alex/Desktop/Dev/api_mp/venv/lib/python3.9/site-packages/sqlalchemy/engine/base.py", line 1842, in _execute_context
    |     return self._exec_single_context(
    |   File "/Users/alex/Desktop/Dev/api_mp/venv/lib/python3.9/site-packages/sqlalchemy/engine/base.py", line 1982, in _exec_single_context
    |     self._handle_dbapi_exception(
    |   File "/Users/alex/Desktop/Dev/api_mp/venv/lib/python3.9/site-packages/sqlalchemy/engine/base.py", line 2354, in _handle_dbapi_exception
    |     raise exc_info[1].with_traceback(exc_info[2])
    |   File "/Users/alex/Desktop/Dev/api_mp/venv/lib/python3.9/site-packages/sqlalchemy/engine/base.py", line 1963, in _exec_single_context
    |     self.dialect.do_execute(
    |   File "/Users/alex/Desktop/Dev/api_mp/venv/lib/python3.9/site-packages/sqlalchemy/engine/default.py", line 943, in do_execute
    |     cursor.execute(statement, parameters)
    |   File "/Users/alex/Desktop/Dev/api_mp/venv/lib/python3.9/site-packages/sqlalchemy/dialects/postgresql/asyncpg.py", line 580, in execute
    |     self._adapt_connection.await_(
    |   File "/Users/alex/Desktop/Dev/api_mp/venv/lib/python3.9/site-packages/sqlalchemy/util/_concurrency_py3k.py", line 132, in await_only
    |     return current.parent.switch(awaitable)  # type: ignore[no-any-return,attr-defined] # noqa: E501
    |   File "/Users/alex/Desktop/Dev/api_mp/venv/lib/python3.9/site-packages/sqlalchemy/util/_concurrency_py3k.py", line 196, in greenlet_spawn
    |     value = await result
    |   File "/Users/alex/Desktop/Dev/api_mp/venv/lib/python3.9/site-packages/sqlalchemy/dialects/postgresql/asyncpg.py", line 515, in _prepare_and_execute
    |     await adapt_connection._start_transaction()
    |   File "/Users/alex/Desktop/Dev/api_mp/venv/lib/python3.9/site-packages/sqlalchemy/dialects/postgresql/asyncpg.py", line 845, in _start_transaction
    |     self._handle_exception(error)
    |   File "/Users/alex/Desktop/Dev/api_mp/venv/lib/python3.9/site-packages/sqlalchemy/dialects/postgresql/asyncpg.py", line 794, in _handle_exception
    |     raise error
    |   File "/Users/alex/Desktop/Dev/api_mp/venv/lib/python3.9/site-packages/sqlalchemy/dialects/postgresql/asyncpg.py", line 843, in _start_transaction
    |     await self._transaction.start()
    |   File "/Users/alex/Desktop/Dev/api_mp/venv/lib/python3.9/site-packages/asyncpg/transaction.py", line 146, in start
    |     await self._connection.execute(query)
    |   File "/Users/alex/Desktop/Dev/api_mp/venv/lib/python3.9/site-packages/asyncpg/connection.py", line 349, in execute
    |     result = await self._protocol.query(query, timeout)
    |   File "asyncpg/protocol/protocol.pyx", line 375, in query
    | RuntimeError: Task <Task pending name='starlette.middleware.base.BaseHTTPMiddleware.__call__.<locals>.call_next.<locals>.coro' coro=<BaseHTTPMiddleware.__call__.<locals>.call_next.<locals>.coro() running at /Users/alex/Desktop/Dev/api_mp/venv/lib/python3.9/site-packages/starlette/middleware/base.py:144> cb=[TaskGroup._spawn.<locals>.task_done() at /Users/alex/Desktop/Dev/api_mp/venv/lib/python3.9/site-packages/anyio/_backends/_asyncio.py:794]> got Future <Future pending cb=[BaseProtocol._on_waiter_completed()]> attached to a different loop
    +------------------------------------

During handling of the above exception, another exception occurred:

Traceback (most recent call last):
  File "/Users/alex/Desktop/Dev/api_mp/venv/lib/python3.9/site-packages/starlette/middleware/errors.py", line 164, in __call__
    await self.app(scope, receive, _send)
  File "/Users/alex/Desktop/Dev/api_mp/venv/lib/python3.9/site-packages/starlette/middleware/base.py", line 187, in __call__
    recv_stream.close()
  File "/Library/Developer/CommandLineTools/Library/Frameworks/Python3.framework/Versions/3.9/lib/python3.9/contextlib.py", line 135, in __exit__
    self.gen.throw(type, value, traceback)
  File "/Users/alex/Desktop/Dev/api_mp/venv/lib/python3.9/site-packages/starlette/_utils.py", line 83, in collapse_excgroups
    raise exc
  File "/Users/alex/Desktop/Dev/api_mp/venv/lib/python3.9/site-packages/starlette/middleware/base.py", line 184, in __call__
    response = await self.dispatch_func(request, call_next)
  File "/Users/alex/Desktop/Dev/api_mp/middleware/auth.py", line 22, in dispatch
    response = await call_next(request)
  File "/Users/alex/Desktop/Dev/api_mp/venv/lib/python3.9/site-packages/starlette/middleware/base.py", line 159, in call_next
    raise app_exc
  File "/Users/alex/Desktop/Dev/api_mp/venv/lib/python3.9/site-packages/starlette/middleware/base.py", line 144, in coro
    await self.app(scope, receive_or_disconnect, send_no_error)
  File "/Users/alex/Desktop/Dev/api_mp/venv/lib/python3.9/site-packages/starlette/middleware/exceptions.py", line 63, in __call__
    await wrap_app_handling_exceptions(self.app, conn)(scope, receive, send)
  File "/Users/alex/Desktop/Dev/api_mp/venv/lib/python3.9/site-packages/starlette/_exception_handler.py", line 53, in wrapped_app
    raise exc
  File "/Users/alex/Desktop/Dev/api_mp/venv/lib/python3.9/site-packages/starlette/_exception_handler.py", line 42, in wrapped_app
    await app(scope, receive, sender)
  File "/Users/alex/Desktop/Dev/api_mp/venv/lib/python3.9/site-packages/starlette/routing.py", line 716, in __call__
    await self.middleware_stack(scope, receive, send)
  File "/Users/alex/Desktop/Dev/api_mp/venv/lib/python3.9/site-packages/starlette/routing.py", line 736, in app
    await route.handle(scope, receive, send)
  File "/Users/alex/Desktop/Dev/api_mp/venv/lib/python3.9/site-packages/starlette/routing.py", line 290, in handle
    await self.app(scope, receive, send)
  File "/Users/alex/Desktop/Dev/api_mp/venv/lib/python3.9/site-packages/starlette/routing.py", line 78, in app
    await wrap_app_handling_exceptions(app, request)(scope, receive, send)
  File "/Users/alex/Desktop/Dev/api_mp/venv/lib/python3.9/site-packages/starlette/_exception_handler.py", line 53, in wrapped_app
    raise exc
  File "/Users/alex/Desktop/Dev/api_mp/venv/lib/python3.9/site-packages/starlette/_exception_handler.py", line 42, in wrapped_app
    await app(scope, receive, sender)
  File "/Users/alex/Desktop/Dev/api_mp/venv/lib/python3.9/site-packages/starlette/routing.py", line 75, in app
    response = await f(request)
  File "/Users/alex/Desktop/Dev/api_mp/venv/lib/python3.9/site-packages/fastapi/routing.py", line 302, in app
    raw_response = await run_endpoint_function(
  File "/Users/alex/Desktop/Dev/api_mp/venv/lib/python3.9/site-packages/fastapi/routing.py", line 213, in run_endpoint_function
    return await dependant.call(**values)
  File "/Users/alex/Desktop/Dev/api_mp/routers/auth.py", line 24, in register
    existing = await get_user_by_email(db, user_in.email)
  File "/Users/alex/Desktop/Dev/api_mp/services/user.py", line 15, in get_user_by_email
    result = await session.execute(stmt)
  File "/Users/alex/Desktop/Dev/api_mp/venv/lib/python3.9/site-packages/sqlalchemy/ext/asyncio/session.py", line 463, in execute
    result = await greenlet_spawn(
  File "/Users/alex/Desktop/Dev/api_mp/venv/lib/python3.9/site-packages/sqlalchemy/util/_concurrency_py3k.py", line 201, in greenlet_spawn
    result = context.throw(*sys.exc_info())
  File "/Users/alex/Desktop/Dev/api_mp/venv/lib/python3.9/site-packages/sqlalchemy/orm/session.py", line 2365, in execute
    return self._execute_internal(
  File "/Users/alex/Desktop/Dev/api_mp/venv/lib/python3.9/site-packages/sqlalchemy/orm/session.py", line 2251, in _execute_internal
    result: Result[Any] = compile_state_cls.orm_execute_statement(
  File "/Users/alex/Desktop/Dev/api_mp/venv/lib/python3.9/site-packages/sqlalchemy/orm/context.py", line 306, in orm_execute_statement
    result = conn.execute(
  File "/Users/alex/Desktop/Dev/api_mp/venv/lib/python3.9/site-packages/sqlalchemy/engine/base.py", line 1415, in execute
    return meth(
  File "/Users/alex/Desktop/Dev/api_mp/venv/lib/python3.9/site-packages/sqlalchemy/sql/elements.py", line 523, in _execute_on_connection
    return connection._execute_clauseelement(
  File "/Users/alex/Desktop/Dev/api_mp/venv/lib/python3.9/site-packages/sqlalchemy/engine/base.py", line 1637, in _execute_clauseelement
    ret = self._execute_context(
  File "/Users/alex/Desktop/Dev/api_mp/venv/lib/python3.9/site-packages/sqlalchemy/engine/base.py", line 1842, in _execute_context
    return self._exec_single_context(
  File "/Users/alex/Desktop/Dev/api_mp/venv/lib/python3.9/site-packages/sqlalchemy/engine/base.py", line 1982, in _exec_single_context
    self._handle_dbapi_exception(
  File "/Users/alex/Desktop/Dev/api_mp/venv/lib/python3.9/site-packages/sqlalchemy/engine/base.py", line 2354, in _handle_dbapi_exception
    raise exc_info[1].with_traceback(exc_info[2])
  File "/Users/alex/Desktop/Dev/api_mp/venv/lib/python3.9/site-packages/sqlalchemy/engine/base.py", line 1963, in _exec_single_context
    self.dialect.do_execute(
  File "/Users/alex/Desktop/Dev/api_mp/venv/lib/python3.9/site-packages/sqlalchemy/engine/default.py", line 943, in do_execute
    cursor.execute(statement, parameters)
  File "/Users/alex/Desktop/Dev/api_mp/venv/lib/python3.9/site-packages/sqlalchemy/dialects/postgresql/asyncpg.py", line 580, in execute
    self._adapt_connection.await_(
  File "/Users/alex/Desktop/Dev/api_mp/venv/lib/python3.9/site-packages/sqlalchemy/util/_concurrency_py3k.py", line 132, in await_only
    return current.parent.switch(awaitable)  # type: ignore[no-any-return,attr-defined] # noqa: E501
  File "/Users/alex/Desktop/Dev/api_mp/venv/lib/python3.9/site-packages/sqlalchemy/util/_concurrency_py3k.py", line 196, in greenlet_spawn
    value = await result
  File "/Users/alex/Desktop/Dev/api_mp/venv/lib/python3.9/site-packages/sqlalchemy/dialects/postgresql/asyncpg.py", line 515, in _prepare_and_execute
    await adapt_connection._start_transaction()
  File "/Users/alex/Desktop/Dev/api_mp/venv/lib/python3.9/site-packages/sqlalchemy/dialects/postgresql/asyncpg.py", line 845, in _start_transaction
    self._handle_exception(error)
  File "/Users/alex/Desktop/Dev/api_mp/venv/lib/python3.9/site-packages/sqlalchemy/dialects/postgresql/asyncpg.py", line 794, in _handle_exception
    raise error
  File "/Users/alex/Desktop/Dev/api_mp/venv/lib/python3.9/site-packages/sqlalchemy/dialects/postgresql/asyncpg.py", line 843, in _start_transaction
    await self._transaction.start()
  File "/Users/alex/Desktop/Dev/api_mp/venv/lib/python3.9/site-packages/asyncpg/transaction.py", line 146, in start
    await self._connection.execute(query)
  File "/Users/alex/Desktop/Dev/api_mp/venv/lib/python3.9/site-packages/asyncpg/connection.py", line 349, in execute
    result = await self._protocol.query(query, timeout)
  File "asyncpg/protocol/protocol.pyx", line 375, in query
RuntimeError: Task <Task pending name='starlette.middleware.base.BaseHTTPMiddleware.__call__.<locals>.call_next.<locals>.coro' coro=<BaseHTTPMiddleware.__call__.<locals>.call_next.<locals>.coro() running at /Users/alex/Desktop/Dev/api_mp/venv/lib/python3.9/site-packages/starlette/middleware/base.py:144> cb=[TaskGroup._spawn.<locals>.task_done() at /Users/alex/Desktop/Dev/api_mp/venv/lib/python3.9/site-packages/anyio/_backends/_asyncio.py:794]> got Future <Future pending cb=[BaseProtocol._on_waiter_completed()]> attached to a different loop
[2025-08-13 16:09:17,435] [ERROR] [app] - Глобальная ошибка на POST /auth/register: Task <Task pending name='starlette.middleware.base.BaseHTTPMiddleware.__call__.<locals>.call_next.<locals>.coro' coro=<BaseHTTPMiddleware.__call__.<locals>.call_next.<locals>.coro() running at /Users/alex/Desktop/Dev/api_mp/venv/lib/python3.9/site-packages/starlette/middleware/base.py:144> cb=[TaskGroup._spawn.<locals>.task_done() at /Users/alex/Desktop/Dev/api_mp/venv/lib/python3.9/site-packages/anyio/_backends/_asyncio.py:794]> got Future <Future pending cb=[BaseProtocol._on_waiter_completed()]> attached to a different loop
  + Exception Group Traceback (most recent call last):
  |   File "/Users/alex/Desktop/Dev/api_mp/venv/lib/python3.9/site-packages/starlette/_utils.py", line 77, in collapse_excgroups
  |     yield
  |   File "/Users/alex/Desktop/Dev/api_mp/venv/lib/python3.9/site-packages/starlette/middleware/base.py", line 187, in __call__
  |     recv_stream.close()
  |   File "/Users/alex/Desktop/Dev/api_mp/venv/lib/python3.9/site-packages/anyio/_backends/_asyncio.py", line 772, in __aexit__
  |     raise BaseExceptionGroup(
  | exceptiongroup.ExceptionGroup: unhandled errors in a TaskGroup (1 sub-exception)
  +-+---------------- 1 ----------------
    | Traceback (most recent call last):
    |   File "/Users/alex/Desktop/Dev/api_mp/venv/lib/python3.9/site-packages/starlette/middleware/errors.py", line 164, in __call__
    |     await self.app(scope, receive, _send)
    |   File "/Users/alex/Desktop/Dev/api_mp/venv/lib/python3.9/site-packages/starlette/middleware/base.py", line 187, in __call__
    |     recv_stream.close()
    |   File "/Library/Developer/CommandLineTools/Library/Frameworks/Python3.framework/Versions/3.9/lib/python3.9/contextlib.py", line 135, in __exit__
    |     self.gen.throw(type, value, traceback)
    |   File "/Users/alex/Desktop/Dev/api_mp/venv/lib/python3.9/site-packages/starlette/_utils.py", line 83, in collapse_excgroups
    |     raise exc
    |   File "/Users/alex/Desktop/Dev/api_mp/venv/lib/python3.9/site-packages/starlette/middleware/base.py", line 184, in __call__
    |     response = await self.dispatch_func(request, call_next)
    |   File "/Users/alex/Desktop/Dev/api_mp/middleware/auth.py", line 22, in dispatch
    |     response = await call_next(request)
    |   File "/Users/alex/Desktop/Dev/api_mp/venv/lib/python3.9/site-packages/starlette/middleware/base.py", line 159, in call_next
    |     raise app_exc
    |   File "/Users/alex/Desktop/Dev/api_mp/venv/lib/python3.9/site-packages/starlette/middleware/base.py", line 144, in coro
    |     await self.app(scope, receive_or_disconnect, send_no_error)
    |   File "/Users/alex/Desktop/Dev/api_mp/venv/lib/python3.9/site-packages/starlette/middleware/exceptions.py", line 63, in __call__
    |     await wrap_app_handling_exceptions(self.app, conn)(scope, receive, send)
    |   File "/Users/alex/Desktop/Dev/api_mp/venv/lib/python3.9/site-packages/starlette/_exception_handler.py", line 53, in wrapped_app
    |     raise exc
    |   File "/Users/alex/Desktop/Dev/api_mp/venv/lib/python3.9/site-packages/starlette/_exception_handler.py", line 42, in wrapped_app
    |     await app(scope, receive, sender)
    |   File "/Users/alex/Desktop/Dev/api_mp/venv/lib/python3.9/site-packages/starlette/routing.py", line 716, in __call__
    |     await self.middleware_stack(scope, receive, send)
    |   File "/Users/alex/Desktop/Dev/api_mp/venv/lib/python3.9/site-packages/starlette/routing.py", line 736, in app
    |     await route.handle(scope, receive, send)
    |   File "/Users/alex/Desktop/Dev/api_mp/venv/lib/python3.9/site-packages/starlette/routing.py", line 290, in handle
    |     await self.app(scope, receive, send)
    |   File "/Users/alex/Desktop/Dev/api_mp/venv/lib/python3.9/site-packages/starlette/routing.py", line 78, in app
    |     await wrap_app_handling_exceptions(app, request)(scope, receive, send)
    |   File "/Users/alex/Desktop/Dev/api_mp/venv/lib/python3.9/site-packages/starlette/_exception_handler.py", line 53, in wrapped_app
    |     raise exc
    |   File "/Users/alex/Desktop/Dev/api_mp/venv/lib/python3.9/site-packages/starlette/_exception_handler.py", line 42, in wrapped_app
    |     await app(scope, receive, sender)
    |   File "/Users/alex/Desktop/Dev/api_mp/venv/lib/python3.9/site-packages/starlette/routing.py", line 75, in app
    |     response = await f(request)
    |   File "/Users/alex/Desktop/Dev/api_mp/venv/lib/python3.9/site-packages/fastapi/routing.py", line 302, in app
    |     raw_response = await run_endpoint_function(
    |   File "/Users/alex/Desktop/Dev/api_mp/venv/lib/python3.9/site-packages/fastapi/routing.py", line 213, in run_endpoint_function
    |     return await dependant.call(**values)
    |   File "/Users/alex/Desktop/Dev/api_mp/routers/auth.py", line 24, in register
    |     existing = await get_user_by_email(db, user_in.email)
    |   File "/Users/alex/Desktop/Dev/api_mp/services/user.py", line 15, in get_user_by_email
    |     result = await session.execute(stmt)
    |   File "/Users/alex/Desktop/Dev/api_mp/venv/lib/python3.9/site-packages/sqlalchemy/ext/asyncio/session.py", line 463, in execute
    |     result = await greenlet_spawn(
    |   File "/Users/alex/Desktop/Dev/api_mp/venv/lib/python3.9/site-packages/sqlalchemy/util/_concurrency_py3k.py", line 201, in greenlet_spawn
    |     result = context.throw(*sys.exc_info())
    |   File "/Users/alex/Desktop/Dev/api_mp/venv/lib/python3.9/site-packages/sqlalchemy/orm/session.py", line 2365, in execute
    |     return self._execute_internal(
    |   File "/Users/alex/Desktop/Dev/api_mp/venv/lib/python3.9/site-packages/sqlalchemy/orm/session.py", line 2251, in _execute_internal
    |     result: Result[Any] = compile_state_cls.orm_execute_statement(
    |   File "/Users/alex/Desktop/Dev/api_mp/venv/lib/python3.9/site-packages/sqlalchemy/orm/context.py", line 306, in orm_execute_statement
    |     result = conn.execute(
    |   File "/Users/alex/Desktop/Dev/api_mp/venv/lib/python3.9/site-packages/sqlalchemy/engine/base.py", line 1415, in execute
    |     return meth(
    |   File "/Users/alex/Desktop/Dev/api_mp/venv/lib/python3.9/site-packages/sqlalchemy/sql/elements.py", line 523, in _execute_on_connection
    |     return connection._execute_clauseelement(
    |   File "/Users/alex/Desktop/Dev/api_mp/venv/lib/python3.9/site-packages/sqlalchemy/engine/base.py", line 1637, in _execute_clauseelement
    |     ret = self._execute_context(
    |   File "/Users/alex/Desktop/Dev/api_mp/venv/lib/python3.9/site-packages/sqlalchemy/engine/base.py", line 1842, in _execute_context
    |     return self._exec_single_context(
    |   File "/Users/alex/Desktop/Dev/api_mp/venv/lib/python3.9/site-packages/sqlalchemy/engine/base.py", line 1982, in _exec_single_context
    |     self._handle_dbapi_exception(
    |   File "/Users/alex/Desktop/Dev/api_mp/venv/lib/python3.9/site-packages/sqlalchemy/engine/base.py", line 2354, in _handle_dbapi_exception
    |     raise exc_info[1].with_traceback(exc_info[2])
    |   File "/Users/alex/Desktop/Dev/api_mp/venv/lib/python3.9/site-packages/sqlalchemy/engine/base.py", line 1963, in _exec_single_context
    |     self.dialect.do_execute(
    |   File "/Users/alex/Desktop/Dev/api_mp/venv/lib/python3.9/site-packages/sqlalchemy/engine/default.py", line 943, in do_execute
    |     cursor.execute(statement, parameters)
    |   File "/Users/alex/Desktop/Dev/api_mp/venv/lib/python3.9/site-packages/sqlalchemy/dialects/postgresql/asyncpg.py", line 580, in execute
    |     self._adapt_connection.await_(
    |   File "/Users/alex/Desktop/Dev/api_mp/venv/lib/python3.9/site-packages/sqlalchemy/util/_concurrency_py3k.py", line 132, in await_only
    |     return current.parent.switch(awaitable)  # type: ignore[no-any-return,attr-defined] # noqa: E501
    |   File "/Users/alex/Desktop/Dev/api_mp/venv/lib/python3.9/site-packages/sqlalchemy/util/_concurrency_py3k.py", line 196, in greenlet_spawn
    |     value = await result
    |   File "/Users/alex/Desktop/Dev/api_mp/venv/lib/python3.9/site-packages/sqlalchemy/dialects/postgresql/asyncpg.py", line 515, in _prepare_and_execute
    |     await adapt_connection._start_transaction()
    |   File "/Users/alex/Desktop/Dev/api_mp/venv/lib/python3.9/site-packages/sqlalchemy/dialects/postgresql/asyncpg.py", line 845, in _start_transaction
    |     self._handle_exception(error)
    |   File "/Users/alex/Desktop/Dev/api_mp/venv/lib/python3.9/site-packages/sqlalchemy/dialects/postgresql/asyncpg.py", line 794, in _handle_exception
    |     raise error
    |   File "/Users/alex/Desktop/Dev/api_mp/venv/lib/python3.9/site-packages/sqlalchemy/dialects/postgresql/asyncpg.py", line 843, in _start_transaction
    |     await self._transaction.start()
    |   File "/Users/alex/Desktop/Dev/api_mp/venv/lib/python3.9/site-packages/asyncpg/transaction.py", line 146, in start
    |     await self._connection.execute(query)
    |   File "/Users/alex/Desktop/Dev/api_mp/venv/lib/python3.9/site-packages/asyncpg/connection.py", line 349, in execute
    |     result = await self._protocol.query(query, timeout)
    |   File "asyncpg/protocol/protocol.pyx", line 375, in query
    | RuntimeError: Task <Task pending name='starlette.middleware.base.BaseHTTPMiddleware.__call__.<locals>.call_next.<locals>.coro' coro=<BaseHTTPMiddleware.__call__.<locals>.call_next.<locals>.coro() running at /Users/alex/Desktop/Dev/api_mp/venv/lib/python3.9/site-packages/starlette/middleware/base.py:144> cb=[TaskGroup._spawn.<locals>.task_done() at /Users/alex/Desktop/Dev/api_mp/venv/lib/python3.9/site-packages/anyio/_backends/_asyncio.py:794]> got Future <Future pending cb=[BaseProtocol._on_waiter_completed()]> attached to a different loop
    +------------------------------------

During handling of the above exception, another exception occurred:

Traceback (most recent call last):
  File "/Users/alex/Desktop/Dev/api_mp/venv/lib/python3.9/site-packages/starlette/middleware/errors.py", line 164, in __call__
    await self.app(scope, receive, _send)
  File "/Users/alex/Desktop/Dev/api_mp/venv/lib/python3.9/site-packages/starlette/middleware/base.py", line 187, in __call__
    recv_stream.close()
  File "/Library/Developer/CommandLineTools/Library/Frameworks/Python3.framework/Versions/3.9/lib/python3.9/contextlib.py", line 135, in __exit__
    self.gen.throw(type, value, traceback)
  File "/Users/alex/Desktop/Dev/api_mp/venv/lib/python3.9/site-packages/starlette/_utils.py", line 83, in collapse_excgroups
    raise exc
  File "/Users/alex/Desktop/Dev/api_mp/venv/lib/python3.9/site-packages/starlette/middleware/base.py", line 184, in __call__
    response = await self.dispatch_func(request, call_next)
  File "/Users/alex/Desktop/Dev/api_mp/middleware/auth.py", line 22, in dispatch
    response = await call_next(request)
  File "/Users/alex/Desktop/Dev/api_mp/venv/lib/python3.9/site-packages/starlette/middleware/base.py", line 159, in call_next
    raise app_exc
  File "/Users/alex/Desktop/Dev/api_mp/venv/lib/python3.9/site-packages/starlette/middleware/base.py", line 144, in coro
    await self.app(scope, receive_or_disconnect, send_no_error)
  File "/Users/alex/Desktop/Dev/api_mp/venv/lib/python3.9/site-packages/starlette/middleware/exceptions.py", line 63, in __call__
    await wrap_app_handling_exceptions(self.app, conn)(scope, receive, send)
  File "/Users/alex/Desktop/Dev/api_mp/venv/lib/python3.9/site-packages/starlette/_exception_handler.py", line 53, in wrapped_app
    raise exc
  File "/Users/alex/Desktop/Dev/api_mp/venv/lib/python3.9/site-packages/starlette/_exception_handler.py", line 42, in wrapped_app
    await app(scope, receive, sender)
  File "/Users/alex/Desktop/Dev/api_mp/venv/lib/python3.9/site-packages/starlette/routing.py", line 716, in __call__
    await self.middleware_stack(scope, receive, send)
  File "/Users/alex/Desktop/Dev/api_mp/venv/lib/python3.9/site-packages/starlette/routing.py", line 736, in app
    await route.handle(scope, receive, send)
  File "/Users/alex/Desktop/Dev/api_mp/venv/lib/python3.9/site-packages/starlette/routing.py", line 290, in handle
    await self.app(scope, receive, send)
  File "/Users/alex/Desktop/Dev/api_mp/venv/lib/python3.9/site-packages/starlette/routing.py", line 78, in app
    await wrap_app_handling_exceptions(app, request)(scope, receive, send)
  File "/Users/alex/Desktop/Dev/api_mp/venv/lib/python3.9/site-packages/starlette/_exception_handler.py", line 53, in wrapped_app
    raise exc
  File "/Users/alex/Desktop/Dev/api_mp/venv/lib/python3.9/site-packages/starlette/_exception_handler.py", line 42, in wrapped_app
    await app(scope, receive, sender)
  File "/Users/alex/Desktop/Dev/api_mp/venv/lib/python3.9/site-packages/starlette/routing.py", line 75, in app
    response = await f(request)
  File "/Users/alex/Desktop/Dev/api_mp/venv/lib/python3.9/site-packages/fastapi/routing.py", line 302, in app
    raw_response = await run_endpoint_function(
  File "/Users/alex/Desktop/Dev/api_mp/venv/lib/python3.9/site-packages/fastapi/routing.py", line 213, in run_endpoint_function
    return await dependant.call(**values)
  File "/Users/alex/Desktop/Dev/api_mp/routers/auth.py", line 24, in register
    existing = await get_user_by_email(db, user_in.email)
  File "/Users/alex/Desktop/Dev/api_mp/services/user.py", line 15, in get_user_by_email
    result = await session.execute(stmt)
  File "/Users/alex/Desktop/Dev/api_mp/venv/lib/python3.9/site-packages/sqlalchemy/ext/asyncio/session.py", line 463, in execute
    result = await greenlet_spawn(
  File "/Users/alex/Desktop/Dev/api_mp/venv/lib/python3.9/site-packages/sqlalchemy/util/_concurrency_py3k.py", line 201, in greenlet_spawn
    result = context.throw(*sys.exc_info())
  File "/Users/alex/Desktop/Dev/api_mp/venv/lib/python3.9/site-packages/sqlalchemy/orm/session.py", line 2365, in execute
    return self._execute_internal(
  File "/Users/alex/Desktop/Dev/api_mp/venv/lib/python3.9/site-packages/sqlalchemy/orm/session.py", line 2251, in _execute_internal
    result: Result[Any] = compile_state_cls.orm_execute_statement(
  File "/Users/alex/Desktop/Dev/api_mp/venv/lib/python3.9/site-packages/sqlalchemy/orm/context.py", line 306, in orm_execute_statement
    result = conn.execute(
  File "/Users/alex/Desktop/Dev/api_mp/venv/lib/python3.9/site-packages/sqlalchemy/engine/base.py", line 1415, in execute
    return meth(
  File "/Users/alex/Desktop/Dev/api_mp/venv/lib/python3.9/site-packages/sqlalchemy/sql/elements.py", line 523, in _execute_on_connection
    return connection._execute_clauseelement(
  File "/Users/alex/Desktop/Dev/api_mp/venv/lib/python3.9/site-packages/sqlalchemy/engine/base.py", line 1637, in _execute_clauseelement
    ret = self._execute_context(
  File "/Users/alex/Desktop/Dev/api_mp/venv/lib/python3.9/site-packages/sqlalchemy/engine/base.py", line 1842, in _execute_context
    return self._exec_single_context(
  File "/Users/alex/Desktop/Dev/api_mp/venv/lib/python3.9/site-packages/sqlalchemy/engine/base.py", line 1982, in _exec_single_context
    self._handle_dbapi_exception(
  File "/Users/alex/Desktop/Dev/api_mp/venv/lib/python3.9/site-packages/sqlalchemy/engine/base.py", line 2354, in _handle_dbapi_exception
    raise exc_info[1].with_traceback(exc_info[2])
  File "/Users/alex/Desktop/Dev/api_mp/venv/lib/python3.9/site-packages/sqlalchemy/engine/base.py", line 1963, in _exec_single_context
    self.dialect.do_execute(
  File "/Users/alex/Desktop/Dev/api_mp/venv/lib/python3.9/site-packages/sqlalchemy/engine/default.py", line 943, in do_execute
    cursor.execute(statement, parameters)
  File "/Users/alex/Desktop/Dev/api_mp/venv/lib/python3.9/site-packages/sqlalchemy/dialects/postgresql/asyncpg.py", line 580, in execute
    self._adapt_connection.await_(
  File "/Users/alex/Desktop/Dev/api_mp/venv/lib/python3.9/site-packages/sqlalchemy/util/_concurrency_py3k.py", line 132, in await_only
    return current.parent.switch(awaitable)  # type: ignore[no-any-return,attr-defined] # noqa: E501
  File "/Users/alex/Desktop/Dev/api_mp/venv/lib/python3.9/site-packages/sqlalchemy/util/_concurrency_py3k.py", line 196, in greenlet_spawn
    value = await result
  File "/Users/alex/Desktop/Dev/api_mp/venv/lib/python3.9/site-packages/sqlalchemy/dialects/postgresql/asyncpg.py", line 515, in _prepare_and_execute
    await adapt_connection._start_transaction()
  File "/Users/alex/Desktop/Dev/api_mp/venv/lib/python3.9/site-packages/sqlalchemy/dialects/postgresql/asyncpg.py", line 845, in _start_transaction
    self._handle_exception(error)
  File "/Users/alex/Desktop/Dev/api_mp/venv/lib/python3.9/site-packages/sqlalchemy/dialects/postgresql/asyncpg.py", line 794, in _handle_exception
    raise error
  File "/Users/alex/Desktop/Dev/api_mp/venv/lib/python3.9/site-packages/sqlalchemy/dialects/postgresql/asyncpg.py", line 843, in _start_transaction
    await self._transaction.start()
  File "/Users/alex/Desktop/Dev/api_mp/venv/lib/python3.9/site-packages/asyncpg/transaction.py", line 146, in start
    await self._connection.execute(query)
  File "/Users/alex/Desktop/Dev/api_mp/venv/lib/python3.9/site-packages/asyncpg/connection.py", line 349, in execute
    result = await self._protocol.query(query, timeout)
  File "asyncpg/protocol/protocol.pyx", line 375, in query
RuntimeError: Task <Task pending name='starlette.middleware.base.BaseHTTPMiddleware.__call__.<locals>.call_next.<locals>.coro' coro=<BaseHTTPMiddleware.__call__.<locals>.call_next.<locals>.coro() running at /Users/alex/Desktop/Dev/api_mp/venv/lib/python3.9/site-packages/starlette/middleware/base.py:144> cb=[TaskGroup._spawn.<locals>.task_done() at /Users/alex/Desktop/Dev/api_mp/venv/lib/python3.9/site-packages/anyio/_backends/_asyncio.py:794]> got Future <Future pending cb=[BaseProtocol._on_waiter_completed()]> attached to a different loop
[2025-08-13 16:15:21,725] [INFO] [app] - Пользователь не существует: test@example.com
[2025-08-13 16:21:39,518] [INFO] [app] - Пользователь не существует: test@example.com
[2025-08-13 16:23:21,391] [ERROR] [app] - Глобальная ошибка на POST /auth/register: Task <Task pending name='starlette.middleware.base.BaseHTTPMiddleware.__call__.<locals>.call_next.<locals>.coro' coro=<BaseHTTPMiddleware.__call__.<locals>.call_next.<locals>.coro() running at /Users/alex/Desktop/Dev/api_mp/venv/lib/python3.9/site-packages/starlette/middleware/base.py:144> cb=[TaskGroup._spawn.<locals>.task_done() at /Users/alex/Desktop/Dev/api_mp/venv/lib/python3.9/site-packages/anyio/_backends/_asyncio.py:794]> got Future <Future pending cb=[BaseProtocol._on_waiter_completed()]> attached to a different loop
  + Exception Group Traceback (most recent call last):
  |   File "/Users/alex/Desktop/Dev/api_mp/venv/lib/python3.9/site-packages/starlette/_utils.py", line 77, in collapse_excgroups
  |     yield
  |   File "/Users/alex/Desktop/Dev/api_mp/venv/lib/python3.9/site-packages/starlette/middleware/base.py", line 187, in __call__
  |     recv_stream.close()
  |   File "/Users/alex/Desktop/Dev/api_mp/venv/lib/python3.9/site-packages/anyio/_backends/_asyncio.py", line 772, in __aexit__
  |     raise BaseExceptionGroup(
  | exceptiongroup.ExceptionGroup: unhandled errors in a TaskGroup (1 sub-exception)
  +-+---------------- 1 ----------------
    | Traceback (most recent call last):
    |   File "/Users/alex/Desktop/Dev/api_mp/venv/lib/python3.9/site-packages/starlette/middleware/errors.py", line 164, in __call__
    |     await self.app(scope, receive, _send)
    |   File "/Users/alex/Desktop/Dev/api_mp/venv/lib/python3.9/site-packages/starlette/middleware/base.py", line 187, in __call__
    |     recv_stream.close()
    |   File "/Library/Developer/CommandLineTools/Library/Frameworks/Python3.framework/Versions/3.9/lib/python3.9/contextlib.py", line 135, in __exit__
    |     self.gen.throw(type, value, traceback)
    |   File "/Users/alex/Desktop/Dev/api_mp/venv/lib/python3.9/site-packages/starlette/_utils.py", line 83, in collapse_excgroups
    |     raise exc
    |   File "/Users/alex/Desktop/Dev/api_mp/venv/lib/python3.9/site-packages/starlette/middleware/base.py", line 184, in __call__
    |     response = await self.dispatch_func(request, call_next)
    |   File "/Users/alex/Desktop/Dev/api_mp/middleware/auth.py", line 22, in dispatch
    |     response = await call_next(request)
    |   File "/Users/alex/Desktop/Dev/api_mp/venv/lib/python3.9/site-packages/starlette/middleware/base.py", line 159, in call_next
    |     raise app_exc
    |   File "/Users/alex/Desktop/Dev/api_mp/venv/lib/python3.9/site-packages/starlette/middleware/base.py", line 144, in coro
    |     await self.app(scope, receive_or_disconnect, send_no_error)
    |   File "/Users/alex/Desktop/Dev/api_mp/venv/lib/python3.9/site-packages/starlette/middleware/exceptions.py", line 63, in __call__
    |     await wrap_app_handling_exceptions(self.app, conn)(scope, receive, send)
    |   File "/Users/alex/Desktop/Dev/api_mp/venv/lib/python3.9/site-packages/starlette/_exception_handler.py", line 53, in wrapped_app
    |     raise exc
    |   File "/Users/alex/Desktop/Dev/api_mp/venv/lib/python3.9/site-packages/starlette/_exception_handler.py", line 42, in wrapped_app
    |     await app(scope, receive, sender)
    |   File "/Users/alex/Desktop/Dev/api_mp/venv/lib/python3.9/site-packages/starlette/routing.py", line 716, in __call__
    |     await self.middleware_stack(scope, receive, send)
    |   File "/Users/alex/Desktop/Dev/api_mp/venv/lib/python3.9/site-packages/starlette/routing.py", line 736, in app
    |     await route.handle(scope, receive, send)
    |   File "/Users/alex/Desktop/Dev/api_mp/venv/lib/python3.9/site-packages/starlette/routing.py", line 290, in handle
    |     await self.app(scope, receive, send)
    |   File "/Users/alex/Desktop/Dev/api_mp/venv/lib/python3.9/site-packages/starlette/routing.py", line 78, in app
    |     await wrap_app_handling_exceptions(app, request)(scope, receive, send)
    |   File "/Users/alex/Desktop/Dev/api_mp/venv/lib/python3.9/site-packages/starlette/_exception_handler.py", line 53, in wrapped_app
    |     raise exc
    |   File "/Users/alex/Desktop/Dev/api_mp/venv/lib/python3.9/site-packages/starlette/_exception_handler.py", line 42, in wrapped_app
    |     await app(scope, receive, sender)
    |   File "/Users/alex/Desktop/Dev/api_mp/venv/lib/python3.9/site-packages/starlette/routing.py", line 75, in app
    |     response = await f(request)
    |   File "/Users/alex/Desktop/Dev/api_mp/venv/lib/python3.9/site-packages/fastapi/routing.py", line 302, in app
    |     raw_response = await run_endpoint_function(
    |   File "/Users/alex/Desktop/Dev/api_mp/venv/lib/python3.9/site-packages/fastapi/routing.py", line 213, in run_endpoint_function
    |     return await dependant.call(**values)
    |   File "/Users/alex/Desktop/Dev/api_mp/routers/auth.py", line 24, in register
    |     existing = await get_user_by_email(db, user_in.email)
    |   File "/Users/alex/Desktop/Dev/api_mp/services/user.py", line 15, in get_user_by_email
    |     result = await session.execute(stmt)
    |   File "/Users/alex/Desktop/Dev/api_mp/venv/lib/python3.9/site-packages/sqlalchemy/ext/asyncio/session.py", line 463, in execute
    |     result = await greenlet_spawn(
    |   File "/Users/alex/Desktop/Dev/api_mp/venv/lib/python3.9/site-packages/sqlalchemy/util/_concurrency_py3k.py", line 201, in greenlet_spawn
    |     result = context.throw(*sys.exc_info())
    |   File "/Users/alex/Desktop/Dev/api_mp/venv/lib/python3.9/site-packages/sqlalchemy/orm/session.py", line 2365, in execute
    |     return self._execute_internal(
    |   File "/Users/alex/Desktop/Dev/api_mp/venv/lib/python3.9/site-packages/sqlalchemy/orm/session.py", line 2241, in _execute_internal
    |     conn = self._connection_for_bind(bind)
    |   File "/Users/alex/Desktop/Dev/api_mp/venv/lib/python3.9/site-packages/sqlalchemy/orm/session.py", line 2110, in _connection_for_bind
    |     return trans._connection_for_bind(engine, execution_options)
    |   File "<string>", line 2, in _connection_for_bind
    |   File "/Users/alex/Desktop/Dev/api_mp/venv/lib/python3.9/site-packages/sqlalchemy/orm/state_changes.py", line 139, in _go
    |     ret_value = fn(self, *arg, **kw)
    |   File "/Users/alex/Desktop/Dev/api_mp/venv/lib/python3.9/site-packages/sqlalchemy/orm/session.py", line 1204, in _connection_for_bind
    |     transaction = conn.begin_nested()
    |   File "/Users/alex/Desktop/Dev/api_mp/venv/lib/python3.9/site-packages/sqlalchemy/engine/base.py", line 944, in begin_nested
    |     return NestedTransaction(self)
    |   File "/Users/alex/Desktop/Dev/api_mp/venv/lib/python3.9/site-packages/sqlalchemy/engine/base.py", line 2798, in __init__
    |     self._savepoint = self.connection._savepoint_impl()
    |   File "/Users/alex/Desktop/Dev/api_mp/venv/lib/python3.9/site-packages/sqlalchemy/engine/base.py", line 1152, in _savepoint_impl
    |     self.engine.dialect.do_savepoint(self, name)
    |   File "/Users/alex/Desktop/Dev/api_mp/venv/lib/python3.9/site-packages/sqlalchemy/engine/default.py", line 759, in do_savepoint
    |     connection.execute(expression.SavepointClause(name))
    |   File "/Users/alex/Desktop/Dev/api_mp/venv/lib/python3.9/site-packages/sqlalchemy/engine/base.py", line 1415, in execute
    |     return meth(
    |   File "/Users/alex/Desktop/Dev/api_mp/venv/lib/python3.9/site-packages/sqlalchemy/sql/elements.py", line 523, in _execute_on_connection
    |     return connection._execute_clauseelement(
    |   File "/Users/alex/Desktop/Dev/api_mp/venv/lib/python3.9/site-packages/sqlalchemy/engine/base.py", line 1637, in _execute_clauseelement
    |     ret = self._execute_context(
    |   File "/Users/alex/Desktop/Dev/api_mp/venv/lib/python3.9/site-packages/sqlalchemy/engine/base.py", line 1842, in _execute_context
    |     return self._exec_single_context(
    |   File "/Users/alex/Desktop/Dev/api_mp/venv/lib/python3.9/site-packages/sqlalchemy/engine/base.py", line 1982, in _exec_single_context
    |     self._handle_dbapi_exception(
    |   File "/Users/alex/Desktop/Dev/api_mp/venv/lib/python3.9/site-packages/sqlalchemy/engine/base.py", line 2354, in _handle_dbapi_exception
    |     raise exc_info[1].with_traceback(exc_info[2])
    |   File "/Users/alex/Desktop/Dev/api_mp/venv/lib/python3.9/site-packages/sqlalchemy/engine/base.py", line 1963, in _exec_single_context
    |     self.dialect.do_execute(
    |   File "/Users/alex/Desktop/Dev/api_mp/venv/lib/python3.9/site-packages/sqlalchemy/engine/default.py", line 943, in do_execute
    |     cursor.execute(statement, parameters)
    |   File "/Users/alex/Desktop/Dev/api_mp/venv/lib/python3.9/site-packages/sqlalchemy/dialects/postgresql/asyncpg.py", line 580, in execute
    |     self._adapt_connection.await_(
    |   File "/Users/alex/Desktop/Dev/api_mp/venv/lib/python3.9/site-packages/sqlalchemy/util/_concurrency_py3k.py", line 132, in await_only
    |     return current.parent.switch(awaitable)  # type: ignore[no-any-return,attr-defined] # noqa: E501
    |   File "/Users/alex/Desktop/Dev/api_mp/venv/lib/python3.9/site-packages/sqlalchemy/util/_concurrency_py3k.py", line 196, in greenlet_spawn
    |     value = await result
    |   File "/Users/alex/Desktop/Dev/api_mp/venv/lib/python3.9/site-packages/sqlalchemy/dialects/postgresql/asyncpg.py", line 515, in _prepare_and_execute
    |     await adapt_connection._start_transaction()
    |   File "/Users/alex/Desktop/Dev/api_mp/venv/lib/python3.9/site-packages/sqlalchemy/dialects/postgresql/asyncpg.py", line 845, in _start_transaction
    |     self._handle_exception(error)
    |   File "/Users/alex/Desktop/Dev/api_mp/venv/lib/python3.9/site-packages/sqlalchemy/dialects/postgresql/asyncpg.py", line 794, in _handle_exception
    |     raise error
    |   File "/Users/alex/Desktop/Dev/api_mp/venv/lib/python3.9/site-packages/sqlalchemy/dialects/postgresql/asyncpg.py", line 843, in _start_transaction
    |     await self._transaction.start()
    |   File "/Users/alex/Desktop/Dev/api_mp/venv/lib/python3.9/site-packages/asyncpg/transaction.py", line 146, in start
    |     await self._connection.execute(query)
    |   File "/Users/alex/Desktop/Dev/api_mp/venv/lib/python3.9/site-packages/asyncpg/connection.py", line 349, in execute
    |     result = await self._protocol.query(query, timeout)
    |   File "asyncpg/protocol/protocol.pyx", line 375, in query
    | RuntimeError: Task <Task pending name='starlette.middleware.base.BaseHTTPMiddleware.__call__.<locals>.call_next.<locals>.coro' coro=<BaseHTTPMiddleware.__call__.<locals>.call_next.<locals>.coro() running at /Users/alex/Desktop/Dev/api_mp/venv/lib/python3.9/site-packages/starlette/middleware/base.py:144> cb=[TaskGroup._spawn.<locals>.task_done() at /Users/alex/Desktop/Dev/api_mp/venv/lib/python3.9/site-packages/anyio/_backends/_asyncio.py:794]> got Future <Future pending cb=[BaseProtocol._on_waiter_completed()]> attached to a different loop
    +------------------------------------

During handling of the above exception, another exception occurred:

Traceback (most recent call last):
  File "/Users/alex/Desktop/Dev/api_mp/venv/lib/python3.9/site-packages/starlette/middleware/errors.py", line 164, in __call__
    await self.app(scope, receive, _send)
  File "/Users/alex/Desktop/Dev/api_mp/venv/lib/python3.9/site-packages/starlette/middleware/base.py", line 187, in __call__
    recv_stream.close()
  File "/Library/Developer/CommandLineTools/Library/Frameworks/Python3.framework/Versions/3.9/lib/python3.9/contextlib.py", line 135, in __exit__
    self.gen.throw(type, value, traceback)
  File "/Users/alex/Desktop/Dev/api_mp/venv/lib/python3.9/site-packages/starlette/_utils.py", line 83, in collapse_excgroups
    raise exc
  File "/Users/alex/Desktop/Dev/api_mp/venv/lib/python3.9/site-packages/starlette/middleware/base.py", line 184, in __call__
    response = await self.dispatch_func(request, call_next)
  File "/Users/alex/Desktop/Dev/api_mp/middleware/auth.py", line 22, in dispatch
    response = await call_next(request)
  File "/Users/alex/Desktop/Dev/api_mp/venv/lib/python3.9/site-packages/starlette/middleware/base.py", line 159, in call_next
    raise app_exc
  File "/Users/alex/Desktop/Dev/api_mp/venv/lib/python3.9/site-packages/starlette/middleware/base.py", line 144, in coro
    await self.app(scope, receive_or_disconnect, send_no_error)
  File "/Users/alex/Desktop/Dev/api_mp/venv/lib/python3.9/site-packages/starlette/middleware/exceptions.py", line 63, in __call__
    await wrap_app_handling_exceptions(self.app, conn)(scope, receive, send)
  File "/Users/alex/Desktop/Dev/api_mp/venv/lib/python3.9/site-packages/starlette/_exception_handler.py", line 53, in wrapped_app
    raise exc
  File "/Users/alex/Desktop/Dev/api_mp/venv/lib/python3.9/site-packages/starlette/_exception_handler.py", line 42, in wrapped_app
    await app(scope, receive, sender)
  File "/Users/alex/Desktop/Dev/api_mp/venv/lib/python3.9/site-packages/starlette/routing.py", line 716, in __call__
    await self.middleware_stack(scope, receive, send)
  File "/Users/alex/Desktop/Dev/api_mp/venv/lib/python3.9/site-packages/starlette/routing.py", line 736, in app
    await route.handle(scope, receive, send)
  File "/Users/alex/Desktop/Dev/api_mp/venv/lib/python3.9/site-packages/starlette/routing.py", line 290, in handle
    await self.app(scope, receive, send)
  File "/Users/alex/Desktop/Dev/api_mp/venv/lib/python3.9/site-packages/starlette/routing.py", line 78, in app
    await wrap_app_handling_exceptions(app, request)(scope, receive, send)
  File "/Users/alex/Desktop/Dev/api_mp/venv/lib/python3.9/site-packages/starlette/_exception_handler.py", line 53, in wrapped_app
    raise exc
  File "/Users/alex/Desktop/Dev/api_mp/venv/lib/python3.9/site-packages/starlette/_exception_handler.py", line 42, in wrapped_app
    await app(scope, receive, sender)
  File "/Users/alex/Desktop/Dev/api_mp/venv/lib/python3.9/site-packages/starlette/routing.py", line 75, in app
    response = await f(request)
  File "/Users/alex/Desktop/Dev/api_mp/venv/lib/python3.9/site-packages/fastapi/routing.py", line 302, in app
    raw_response = await run_endpoint_function(
  File "/Users/alex/Desktop/Dev/api_mp/venv/lib/python3.9/site-packages/fastapi/routing.py", line 213, in run_endpoint_function
    return await dependant.call(**values)
  File "/Users/alex/Desktop/Dev/api_mp/routers/auth.py", line 24, in register
    existing = await get_user_by_email(db, user_in.email)
  File "/Users/alex/Desktop/Dev/api_mp/services/user.py", line 15, in get_user_by_email
    result = await session.execute(stmt)
  File "/Users/alex/Desktop/Dev/api_mp/venv/lib/python3.9/site-packages/sqlalchemy/ext/asyncio/session.py", line 463, in execute
    result = await greenlet_spawn(
  File "/Users/alex/Desktop/Dev/api_mp/venv/lib/python3.9/site-packages/sqlalchemy/util/_concurrency_py3k.py", line 201, in greenlet_spawn
    result = context.throw(*sys.exc_info())
  File "/Users/alex/Desktop/Dev/api_mp/venv/lib/python3.9/site-packages/sqlalchemy/orm/session.py", line 2365, in execute
    return self._execute_internal(
  File "/Users/alex/Desktop/Dev/api_mp/venv/lib/python3.9/site-packages/sqlalchemy/orm/session.py", line 2241, in _execute_internal
    conn = self._connection_for_bind(bind)
  File "/Users/alex/Desktop/Dev/api_mp/venv/lib/python3.9/site-packages/sqlalchemy/orm/session.py", line 2110, in _connection_for_bind
    return trans._connection_for_bind(engine, execution_options)
  File "<string>", line 2, in _connection_for_bind
  File "/Users/alex/Desktop/Dev/api_mp/venv/lib/python3.9/site-packages/sqlalchemy/orm/state_changes.py", line 139, in _go
    ret_value = fn(self, *arg, **kw)
  File "/Users/alex/Desktop/Dev/api_mp/venv/lib/python3.9/site-packages/sqlalchemy/orm/session.py", line 1204, in _connection_for_bind
    transaction = conn.begin_nested()
  File "/Users/alex/Desktop/Dev/api_mp/venv/lib/python3.9/site-packages/sqlalchemy/engine/base.py", line 944, in begin_nested
    return NestedTransaction(self)
  File "/Users/alex/Desktop/Dev/api_mp/venv/lib/python3.9/site-packages/sqlalchemy/engine/base.py", line 2798, in __init__
    self._savepoint = self.connection._savepoint_impl()
  File "/Users/alex/Desktop/Dev/api_mp/venv/lib/python3.9/site-packages/sqlalchemy/engine/base.py", line 1152, in _savepoint_impl
    self.engine.dialect.do_savepoint(self, name)
  File "/Users/alex/Desktop/Dev/api_mp/venv/lib/python3.9/site-packages/sqlalchemy/engine/default.py", line 759, in do_savepoint
    connection.execute(expression.SavepointClause(name))
  File "/Users/alex/Desktop/Dev/api_mp/venv/lib/python3.9/site-packages/sqlalchemy/engine/base.py", line 1415, in execute
    return meth(
  File "/Users/alex/Desktop/Dev/api_mp/venv/lib/python3.9/site-packages/sqlalchemy/sql/elements.py", line 523, in _execute_on_connection
    return connection._execute_clauseelement(
  File "/Users/alex/Desktop/Dev/api_mp/venv/lib/python3.9/site-packages/sqlalchemy/engine/base.py", line 1637, in _execute_clauseelement
    ret = self._execute_context(
  File "/Users/alex/Desktop/Dev/api_mp/venv/lib/python3.9/site-packages/sqlalchemy/engine/base.py", line 1842, in _execute_context
    return self._exec_single_context(
  File "/Users/alex/Desktop/Dev/api_mp/venv/lib/python3.9/site-packages/sqlalchemy/engine/base.py", line 1982, in _exec_single_context
    self._handle_dbapi_exception(
  File "/Users/alex/Desktop/Dev/api_mp/venv/lib/python3.9/site-packages/sqlalchemy/engine/base.py", line 2354, in _handle_dbapi_exception
    raise exc_info[1].with_traceback(exc_info[2])
  File "/Users/alex/Desktop/Dev/api_mp/venv/lib/python3.9/site-packages/sqlalchemy/engine/base.py", line 1963, in _exec_single_context
    self.dialect.do_execute(
  File "/Users/alex/Desktop/Dev/api_mp/venv/lib/python3.9/site-packages/sqlalchemy/engine/default.py", line 943, in do_execute
    cursor.execute(statement, parameters)
  File "/Users/alex/Desktop/Dev/api_mp/venv/lib/python3.9/site-packages/sqlalchemy/dialects/postgresql/asyncpg.py", line 580, in execute
    self._adapt_connection.await_(
  File "/Users/alex/Desktop/Dev/api_mp/venv/lib/python3.9/site-packages/sqlalchemy/util/_concurrency_py3k.py", line 132, in await_only
    return current.parent.switch(awaitable)  # type: ignore[no-any-return,attr-defined] # noqa: E501
  File "/Users/alex/Desktop/Dev/api_mp/venv/lib/python3.9/site-packages/sqlalchemy/util/_concurrency_py3k.py", line 196, in greenlet_spawn
    value = await result
  File "/Users/alex/Desktop/Dev/api_mp/venv/lib/python3.9/site-packages/sqlalchemy/dialects/postgresql/asyncpg.py", line 515, in _prepare_and_execute
    await adapt_connection._start_transaction()
  File "/Users/alex/Desktop/Dev/api_mp/venv/lib/python3.9/site-packages/sqlalchemy/dialects/postgresql/asyncpg.py", line 845, in _start_transaction
    self._handle_exception(error)
  File "/Users/alex/Desktop/Dev/api_mp/venv/lib/python3.9/site-packages/sqlalchemy/dialects/postgresql/asyncpg.py", line 794, in _handle_exception
    raise error
  File "/Users/alex/Desktop/Dev/api_mp/venv/lib/python3.9/site-packages/sqlalchemy/dialects/postgresql/asyncpg.py", line 843, in _start_transaction
    await self._transaction.start()
  File "/Users/alex/Desktop/Dev/api_mp/venv/lib/python3.9/site-packages/asyncpg/transaction.py", line 146, in start
    await self._connection.execute(query)
  File "/Users/alex/Desktop/Dev/api_mp/venv/lib/python3.9/site-packages/asyncpg/connection.py", line 349, in execute
    result = await self._protocol.query(query, timeout)
  File "asyncpg/protocol/protocol.pyx", line 375, in query
RuntimeError: Task <Task pending name='starlette.middleware.base.BaseHTTPMiddleware.__call__.<locals>.call_next.<locals>.coro' coro=<BaseHTTPMiddleware.__call__.<locals>.call_next.<locals>.coro() running at /Users/alex/Desktop/Dev/api_mp/venv/lib/python3.9/site-packages/starlette/middleware/base.py:144> cb=[TaskGroup._spawn.<locals>.task_done() at /Users/alex/Desktop/Dev/api_mp/venv/lib/python3.9/site-packages/anyio/_backends/_asyncio.py:794]> got Future <Future pending cb=[BaseProtocol._on_waiter_completed()]> attached to a different loop
[2025-08-13 16:26:15,068] [INFO] [app] - Пользователь не существует: test32@example.com
[2025-08-13 16:28:29,248] [ERROR] [app] - Глобальная ошибка на POST /auth/register: Task <Task pending name='starlette.middleware.base.BaseHTTPMiddleware.__call__.<locals>.call_next.<locals>.coro' coro=<BaseHTTPMiddleware.__call__.<locals>.call_next.<locals>.coro() running at /Users/alex/Desktop/Dev/api_mp/venv/lib/python3.9/site-packages/starlette/middleware/base.py:144> cb=[TaskGroup._spawn.<locals>.task_done() at /Users/alex/Desktop/Dev/api_mp/venv/lib/python3.9/site-packages/anyio/_backends/_asyncio.py:794]> got Future <Future pending cb=[BaseProtocol._on_waiter_completed()]> attached to a different loop
  + Exception Group Traceback (most recent call last):
  |   File "/Users/alex/Desktop/Dev/api_mp/venv/lib/python3.9/site-packages/starlette/_utils.py", line 77, in collapse_excgroups
  |     yield
  |   File "/Users/alex/Desktop/Dev/api_mp/venv/lib/python3.9/site-packages/starlette/middleware/base.py", line 187, in __call__
  |     recv_stream.close()
  |   File "/Users/alex/Desktop/Dev/api_mp/venv/lib/python3.9/site-packages/anyio/_backends/_asyncio.py", line 772, in __aexit__
  |     raise BaseExceptionGroup(
  | exceptiongroup.ExceptionGroup: unhandled errors in a TaskGroup (1 sub-exception)
  +-+---------------- 1 ----------------
    | Traceback (most recent call last):
    |   File "/Users/alex/Desktop/Dev/api_mp/venv/lib/python3.9/site-packages/starlette/middleware/errors.py", line 164, in __call__
    |     await self.app(scope, receive, _send)
    |   File "/Users/alex/Desktop/Dev/api_mp/venv/lib/python3.9/site-packages/starlette/middleware/base.py", line 187, in __call__
    |     recv_stream.close()
    |   File "/Library/Developer/CommandLineTools/Library/Frameworks/Python3.framework/Versions/3.9/lib/python3.9/contextlib.py", line 135, in __exit__
    |     self.gen.throw(type, value, traceback)
    |   File "/Users/alex/Desktop/Dev/api_mp/venv/lib/python3.9/site-packages/starlette/_utils.py", line 83, in collapse_excgroups
    |     raise exc
    |   File "/Users/alex/Desktop/Dev/api_mp/venv/lib/python3.9/site-packages/starlette/middleware/base.py", line 184, in __call__
    |     response = await self.dispatch_func(request, call_next)
    |   File "/Users/alex/Desktop/Dev/api_mp/middleware/auth.py", line 22, in dispatch
    |     response = await call_next(request)
    |   File "/Users/alex/Desktop/Dev/api_mp/venv/lib/python3.9/site-packages/starlette/middleware/base.py", line 159, in call_next
    |     raise app_exc
    |   File "/Users/alex/Desktop/Dev/api_mp/venv/lib/python3.9/site-packages/starlette/middleware/base.py", line 144, in coro
    |     await self.app(scope, receive_or_disconnect, send_no_error)
    |   File "/Users/alex/Desktop/Dev/api_mp/venv/lib/python3.9/site-packages/starlette/middleware/exceptions.py", line 63, in __call__
    |     await wrap_app_handling_exceptions(self.app, conn)(scope, receive, send)
    |   File "/Users/alex/Desktop/Dev/api_mp/venv/lib/python3.9/site-packages/starlette/_exception_handler.py", line 53, in wrapped_app
    |     raise exc
    |   File "/Users/alex/Desktop/Dev/api_mp/venv/lib/python3.9/site-packages/starlette/_exception_handler.py", line 42, in wrapped_app
    |     await app(scope, receive, sender)
    |   File "/Users/alex/Desktop/Dev/api_mp/venv/lib/python3.9/site-packages/starlette/routing.py", line 716, in __call__
    |     await self.middleware_stack(scope, receive, send)
    |   File "/Users/alex/Desktop/Dev/api_mp/venv/lib/python3.9/site-packages/starlette/routing.py", line 736, in app
    |     await route.handle(scope, receive, send)
    |   File "/Users/alex/Desktop/Dev/api_mp/venv/lib/python3.9/site-packages/starlette/routing.py", line 290, in handle
    |     await self.app(scope, receive, send)
    |   File "/Users/alex/Desktop/Dev/api_mp/venv/lib/python3.9/site-packages/starlette/routing.py", line 78, in app
    |     await wrap_app_handling_exceptions(app, request)(scope, receive, send)
    |   File "/Users/alex/Desktop/Dev/api_mp/venv/lib/python3.9/site-packages/starlette/_exception_handler.py", line 53, in wrapped_app
    |     raise exc
    |   File "/Users/alex/Desktop/Dev/api_mp/venv/lib/python3.9/site-packages/starlette/_exception_handler.py", line 42, in wrapped_app
    |     await app(scope, receive, sender)
    |   File "/Users/alex/Desktop/Dev/api_mp/venv/lib/python3.9/site-packages/starlette/routing.py", line 75, in app
    |     response = await f(request)
    |   File "/Users/alex/Desktop/Dev/api_mp/venv/lib/python3.9/site-packages/fastapi/routing.py", line 302, in app
    |     raw_response = await run_endpoint_function(
    |   File "/Users/alex/Desktop/Dev/api_mp/venv/lib/python3.9/site-packages/fastapi/routing.py", line 213, in run_endpoint_function
    |     return await dependant.call(**values)
    |   File "/Users/alex/Desktop/Dev/api_mp/routers/auth.py", line 24, in register
    |     existing = await get_user_by_email(db, user_in.email)
    |   File "/Users/alex/Desktop/Dev/api_mp/services/user.py", line 15, in get_user_by_email
    |     result = await session.execute(stmt)
    |   File "/Users/alex/Desktop/Dev/api_mp/venv/lib/python3.9/site-packages/sqlalchemy/ext/asyncio/session.py", line 463, in execute
    |     result = await greenlet_spawn(
    |   File "/Users/alex/Desktop/Dev/api_mp/venv/lib/python3.9/site-packages/sqlalchemy/util/_concurrency_py3k.py", line 201, in greenlet_spawn
    |     result = context.throw(*sys.exc_info())
    |   File "/Users/alex/Desktop/Dev/api_mp/venv/lib/python3.9/site-packages/sqlalchemy/orm/session.py", line 2365, in execute
    |     return self._execute_internal(
    |   File "/Users/alex/Desktop/Dev/api_mp/venv/lib/python3.9/site-packages/sqlalchemy/orm/session.py", line 2251, in _execute_internal
    |     result: Result[Any] = compile_state_cls.orm_execute_statement(
    |   File "/Users/alex/Desktop/Dev/api_mp/venv/lib/python3.9/site-packages/sqlalchemy/orm/context.py", line 306, in orm_execute_statement
    |     result = conn.execute(
    |   File "/Users/alex/Desktop/Dev/api_mp/venv/lib/python3.9/site-packages/sqlalchemy/engine/base.py", line 1415, in execute
    |     return meth(
    |   File "/Users/alex/Desktop/Dev/api_mp/venv/lib/python3.9/site-packages/sqlalchemy/sql/elements.py", line 523, in _execute_on_connection
    |     return connection._execute_clauseelement(
    |   File "/Users/alex/Desktop/Dev/api_mp/venv/lib/python3.9/site-packages/sqlalchemy/engine/base.py", line 1637, in _execute_clauseelement
    |     ret = self._execute_context(
    |   File "/Users/alex/Desktop/Dev/api_mp/venv/lib/python3.9/site-packages/sqlalchemy/engine/base.py", line 1842, in _execute_context
    |     return self._exec_single_context(
    |   File "/Users/alex/Desktop/Dev/api_mp/venv/lib/python3.9/site-packages/sqlalchemy/engine/base.py", line 1982, in _exec_single_context
    |     self._handle_dbapi_exception(
    |   File "/Users/alex/Desktop/Dev/api_mp/venv/lib/python3.9/site-packages/sqlalchemy/engine/base.py", line 2354, in _handle_dbapi_exception
    |     raise exc_info[1].with_traceback(exc_info[2])
    |   File "/Users/alex/Desktop/Dev/api_mp/venv/lib/python3.9/site-packages/sqlalchemy/engine/base.py", line 1963, in _exec_single_context
    |     self.dialect.do_execute(
    |   File "/Users/alex/Desktop/Dev/api_mp/venv/lib/python3.9/site-packages/sqlalchemy/engine/default.py", line 943, in do_execute
    |     cursor.execute(statement, parameters)
    |   File "/Users/alex/Desktop/Dev/api_mp/venv/lib/python3.9/site-packages/sqlalchemy/dialects/postgresql/asyncpg.py", line 580, in execute
    |     self._adapt_connection.await_(
    |   File "/Users/alex/Desktop/Dev/api_mp/venv/lib/python3.9/site-packages/sqlalchemy/util/_concurrency_py3k.py", line 132, in await_only
    |     return current.parent.switch(awaitable)  # type: ignore[no-any-return,attr-defined] # noqa: E501
    |   File "/Users/alex/Desktop/Dev/api_mp/venv/lib/python3.9/site-packages/sqlalchemy/util/_concurrency_py3k.py", line 196, in greenlet_spawn
    |     value = await result
    |   File "/Users/alex/Desktop/Dev/api_mp/venv/lib/python3.9/site-packages/sqlalchemy/dialects/postgresql/asyncpg.py", line 515, in _prepare_and_execute
    |     await adapt_connection._start_transaction()
    |   File "/Users/alex/Desktop/Dev/api_mp/venv/lib/python3.9/site-packages/sqlalchemy/dialects/postgresql/asyncpg.py", line 845, in _start_transaction
    |     self._handle_exception(error)
    |   File "/Users/alex/Desktop/Dev/api_mp/venv/lib/python3.9/site-packages/sqlalchemy/dialects/postgresql/asyncpg.py", line 794, in _handle_exception
    |     raise error
    |   File "/Users/alex/Desktop/Dev/api_mp/venv/lib/python3.9/site-packages/sqlalchemy/dialects/postgresql/asyncpg.py", line 843, in _start_transaction
    |     await self._transaction.start()
    |   File "/Users/alex/Desktop/Dev/api_mp/venv/lib/python3.9/site-packages/asyncpg/transaction.py", line 146, in start
    |     await self._connection.execute(query)
    |   File "/Users/alex/Desktop/Dev/api_mp/venv/lib/python3.9/site-packages/asyncpg/connection.py", line 349, in execute
    |     result = await self._protocol.query(query, timeout)
    |   File "asyncpg/protocol/protocol.pyx", line 375, in query
    | RuntimeError: Task <Task pending name='starlette.middleware.base.BaseHTTPMiddleware.__call__.<locals>.call_next.<locals>.coro' coro=<BaseHTTPMiddleware.__call__.<locals>.call_next.<locals>.coro() running at /Users/alex/Desktop/Dev/api_mp/venv/lib/python3.9/site-packages/starlette/middleware/base.py:144> cb=[TaskGroup._spawn.<locals>.task_done() at /Users/alex/Desktop/Dev/api_mp/venv/lib/python3.9/site-packages/anyio/_backends/_asyncio.py:794]> got Future <Future pending cb=[BaseProtocol._on_waiter_completed()]> attached to a different loop
    +------------------------------------

During handling of the above exception, another exception occurred:

Traceback (most recent call last):
  File "/Users/alex/Desktop/Dev/api_mp/venv/lib/python3.9/site-packages/starlette/middleware/errors.py", line 164, in __call__
    await self.app(scope, receive, _send)
  File "/Users/alex/Desktop/Dev/api_mp/venv/lib/python3.9/site-packages/starlette/middleware/base.py", line 187, in __call__
    recv_stream.close()
  File "/Library/Developer/CommandLineTools/Library/Frameworks/Python3.framework/Versions/3.9/lib/python3.9/contextlib.py", line 135, in __exit__
    self.gen.throw(type, value, traceback)
  File "/Users/alex/Desktop/Dev/api_mp/venv/lib/python3.9/site-packages/starlette/_utils.py", line 83, in collapse_excgroups
    raise exc
  File "/Users/alex/Desktop/Dev/api_mp/venv/lib/python3.9/site-packages/starlette/middleware/base.py", line 184, in __call__
    response = await self.dispatch_func(request, call_next)
  File "/Users/alex/Desktop/Dev/api_mp/middleware/auth.py", line 22, in dispatch
    response = await call_next(request)
  File "/Users/alex/Desktop/Dev/api_mp/venv/lib/python3.9/site-packages/starlette/middleware/base.py", line 159, in call_next
    raise app_exc
  File "/Users/alex/Desktop/Dev/api_mp/venv/lib/python3.9/site-packages/starlette/middleware/base.py", line 144, in coro
    await self.app(scope, receive_or_disconnect, send_no_error)
  File "/Users/alex/Desktop/Dev/api_mp/venv/lib/python3.9/site-packages/starlette/middleware/exceptions.py", line 63, in __call__
    await wrap_app_handling_exceptions(self.app, conn)(scope, receive, send)
  File "/Users/alex/Desktop/Dev/api_mp/venv/lib/python3.9/site-packages/starlette/_exception_handler.py", line 53, in wrapped_app
    raise exc
  File "/Users/alex/Desktop/Dev/api_mp/venv/lib/python3.9/site-packages/starlette/_exception_handler.py", line 42, in wrapped_app
    await app(scope, receive, sender)
  File "/Users/alex/Desktop/Dev/api_mp/venv/lib/python3.9/site-packages/starlette/routing.py", line 716, in __call__
    await self.middleware_stack(scope, receive, send)
  File "/Users/alex/Desktop/Dev/api_mp/venv/lib/python3.9/site-packages/starlette/routing.py", line 736, in app
    await route.handle(scope, receive, send)
  File "/Users/alex/Desktop/Dev/api_mp/venv/lib/python3.9/site-packages/starlette/routing.py", line 290, in handle
    await self.app(scope, receive, send)
  File "/Users/alex/Desktop/Dev/api_mp/venv/lib/python3.9/site-packages/starlette/routing.py", line 78, in app
    await wrap_app_handling_exceptions(app, request)(scope, receive, send)
  File "/Users/alex/Desktop/Dev/api_mp/venv/lib/python3.9/site-packages/starlette/_exception_handler.py", line 53, in wrapped_app
    raise exc
  File "/Users/alex/Desktop/Dev/api_mp/venv/lib/python3.9/site-packages/starlette/_exception_handler.py", line 42, in wrapped_app
    await app(scope, receive, sender)
  File "/Users/alex/Desktop/Dev/api_mp/venv/lib/python3.9/site-packages/starlette/routing.py", line 75, in app
    response = await f(request)
  File "/Users/alex/Desktop/Dev/api_mp/venv/lib/python3.9/site-packages/fastapi/routing.py", line 302, in app
    raw_response = await run_endpoint_function(
  File "/Users/alex/Desktop/Dev/api_mp/venv/lib/python3.9/site-packages/fastapi/routing.py", line 213, in run_endpoint_function
    return await dependant.call(**values)
  File "/Users/alex/Desktop/Dev/api_mp/routers/auth.py", line 24, in register
    existing = await get_user_by_email(db, user_in.email)
  File "/Users/alex/Desktop/Dev/api_mp/services/user.py", line 15, in get_user_by_email
    result = await session.execute(stmt)
  File "/Users/alex/Desktop/Dev/api_mp/venv/lib/python3.9/site-packages/sqlalchemy/ext/asyncio/session.py", line 463, in execute
    result = await greenlet_spawn(
  File "/Users/alex/Desktop/Dev/api_mp/venv/lib/python3.9/site-packages/sqlalchemy/util/_concurrency_py3k.py", line 201, in greenlet_spawn
    result = context.throw(*sys.exc_info())
  File "/Users/alex/Desktop/Dev/api_mp/venv/lib/python3.9/site-packages/sqlalchemy/orm/session.py", line 2365, in execute
    return self._execute_internal(
  File "/Users/alex/Desktop/Dev/api_mp/venv/lib/python3.9/site-packages/sqlalchemy/orm/session.py", line 2251, in _execute_internal
    result: Result[Any] = compile_state_cls.orm_execute_statement(
  File "/Users/alex/Desktop/Dev/api_mp/venv/lib/python3.9/site-packages/sqlalchemy/orm/context.py", line 306, in orm_execute_statement
    result = conn.execute(
  File "/Users/alex/Desktop/Dev/api_mp/venv/lib/python3.9/site-packages/sqlalchemy/engine/base.py", line 1415, in execute
    return meth(
  File "/Users/alex/Desktop/Dev/api_mp/venv/lib/python3.9/site-packages/sqlalchemy/sql/elements.py", line 523, in _execute_on_connection
    return connection._execute_clauseelement(
  File "/Users/alex/Desktop/Dev/api_mp/venv/lib/python3.9/site-packages/sqlalchemy/engine/base.py", line 1637, in _execute_clauseelement
    ret = self._execute_context(
  File "/Users/alex/Desktop/Dev/api_mp/venv/lib/python3.9/site-packages/sqlalchemy/engine/base.py", line 1842, in _execute_context
    return self._exec_single_context(
  File "/Users/alex/Desktop/Dev/api_mp/venv/lib/python3.9/site-packages/sqlalchemy/engine/base.py", line 1982, in _exec_single_context
    self._handle_dbapi_exception(
  File "/Users/alex/Desktop/Dev/api_mp/venv/lib/python3.9/site-packages/sqlalchemy/engine/base.py", line 2354, in _handle_dbapi_exception
    raise exc_info[1].with_traceback(exc_info[2])
  File "/Users/alex/Desktop/Dev/api_mp/venv/lib/python3.9/site-packages/sqlalchemy/engine/base.py", line 1963, in _exec_single_context
    self.dialect.do_execute(
  File "/Users/alex/Desktop/Dev/api_mp/venv/lib/python3.9/site-packages/sqlalchemy/engine/default.py", line 943, in do_execute
    cursor.execute(statement, parameters)
  File "/Users/alex/Desktop/Dev/api_mp/venv/lib/python3.9/site-packages/sqlalchemy/dialects/postgresql/asyncpg.py", line 580, in execute
    self._adapt_connection.await_(
  File "/Users/alex/Desktop/Dev/api_mp/venv/lib/python3.9/site-packages/sqlalchemy/util/_concurrency_py3k.py", line 132, in await_only
    return current.parent.switch(awaitable)  # type: ignore[no-any-return,attr-defined] # noqa: E501
  File "/Users/alex/Desktop/Dev/api_mp/venv/lib/python3.9/site-packages/sqlalchemy/util/_concurrency_py3k.py", line 196, in greenlet_spawn
    value = await result
  File "/Users/alex/Desktop/Dev/api_mp/venv/lib/python3.9/site-packages/sqlalchemy/dialects/postgresql/asyncpg.py", line 515, in _prepare_and_execute
    await adapt_connection._start_transaction()
  File "/Users/alex/Desktop/Dev/api_mp/venv/lib/python3.9/site-packages/sqlalchemy/dialects/postgresql/asyncpg.py", line 845, in _start_transaction
    self._handle_exception(error)
  File "/Users/alex/Desktop/Dev/api_mp/venv/lib/python3.9/site-packages/sqlalchemy/dialects/postgresql/asyncpg.py", line 794, in _handle_exception
    raise error
  File "/Users/alex/Desktop/Dev/api_mp/venv/lib/python3.9/site-packages/sqlalchemy/dialects/postgresql/asyncpg.py", line 843, in _start_transaction
    await self._transaction.start()
  File "/Users/alex/Desktop/Dev/api_mp/venv/lib/python3.9/site-packages/asyncpg/transaction.py", line 146, in start
    await self._connection.execute(query)
  File "/Users/alex/Desktop/Dev/api_mp/venv/lib/python3.9/site-packages/asyncpg/connection.py", line 349, in execute
    result = await self._protocol.query(query, timeout)
  File "asyncpg/protocol/protocol.pyx", line 375, in query
RuntimeError: Task <Task pending name='starlette.middleware.base.BaseHTTPMiddleware.__call__.<locals>.call_next.<locals>.coro' coro=<BaseHTTPMiddleware.__call__.<locals>.call_next.<locals>.coro() running at /Users/alex/Desktop/Dev/api_mp/venv/lib/python3.9/site-packages/starlette/middleware/base.py:144> cb=[TaskGroup._spawn.<locals>.task_done() at /Users/alex/Desktop/Dev/api_mp/venv/lib/python3.9/site-packages/anyio/_backends/_asyncio.py:794]> got Future <Future pending cb=[BaseProtocol._on_waiter_completed()]> attached to a different loop
[2025-08-13 16:30:23,295] [ERROR] [app] - Глобальная ошибка на POST /auth/register: Task <Task pending name='starlette.middleware.base.BaseHTTPMiddleware.__call__.<locals>.call_next.<locals>.coro' coro=<BaseHTTPMiddleware.__call__.<locals>.call_next.<locals>.coro() running at /Users/alex/Desktop/Dev/api_mp/venv/lib/python3.9/site-packages/starlette/middleware/base.py:144> cb=[TaskGroup._spawn.<locals>.task_done() at /Users/alex/Desktop/Dev/api_mp/venv/lib/python3.9/site-packages/anyio/_backends/_asyncio.py:794]> got Future <Future pending cb=[BaseProtocol._on_waiter_completed()]> attached to a different loop
  + Exception Group Traceback (most recent call last):
  |   File "/Users/alex/Desktop/Dev/api_mp/venv/lib/python3.9/site-packages/starlette/_utils.py", line 77, in collapse_excgroups
  |     yield
  |   File "/Users/alex/Desktop/Dev/api_mp/venv/lib/python3.9/site-packages/starlette/middleware/base.py", line 187, in __call__
  |     recv_stream.close()
  |   File "/Users/alex/Desktop/Dev/api_mp/venv/lib/python3.9/site-packages/anyio/_backends/_asyncio.py", line 772, in __aexit__
  |     raise BaseExceptionGroup(
  | exceptiongroup.ExceptionGroup: unhandled errors in a TaskGroup (1 sub-exception)
  +-+---------------- 1 ----------------
    | Traceback (most recent call last):
    |   File "/Users/alex/Desktop/Dev/api_mp/venv/lib/python3.9/site-packages/starlette/middleware/errors.py", line 164, in __call__
    |     await self.app(scope, receive, _send)
    |   File "/Users/alex/Desktop/Dev/api_mp/venv/lib/python3.9/site-packages/starlette/middleware/base.py", line 187, in __call__
    |     recv_stream.close()
    |   File "/Library/Developer/CommandLineTools/Library/Frameworks/Python3.framework/Versions/3.9/lib/python3.9/contextlib.py", line 135, in __exit__
    |     self.gen.throw(type, value, traceback)
    |   File "/Users/alex/Desktop/Dev/api_mp/venv/lib/python3.9/site-packages/starlette/_utils.py", line 83, in collapse_excgroups
    |     raise exc
    |   File "/Users/alex/Desktop/Dev/api_mp/venv/lib/python3.9/site-packages/starlette/middleware/base.py", line 184, in __call__
    |     response = await self.dispatch_func(request, call_next)
    |   File "/Users/alex/Desktop/Dev/api_mp/middleware/auth.py", line 22, in dispatch
    |     response = await call_next(request)
    |   File "/Users/alex/Desktop/Dev/api_mp/venv/lib/python3.9/site-packages/starlette/middleware/base.py", line 159, in call_next
    |     raise app_exc
    |   File "/Users/alex/Desktop/Dev/api_mp/venv/lib/python3.9/site-packages/starlette/middleware/base.py", line 144, in coro
    |     await self.app(scope, receive_or_disconnect, send_no_error)
    |   File "/Users/alex/Desktop/Dev/api_mp/venv/lib/python3.9/site-packages/starlette/middleware/exceptions.py", line 63, in __call__
    |     await wrap_app_handling_exceptions(self.app, conn)(scope, receive, send)
    |   File "/Users/alex/Desktop/Dev/api_mp/venv/lib/python3.9/site-packages/starlette/_exception_handler.py", line 53, in wrapped_app
    |     raise exc
    |   File "/Users/alex/Desktop/Dev/api_mp/venv/lib/python3.9/site-packages/starlette/_exception_handler.py", line 42, in wrapped_app
    |     await app(scope, receive, sender)
    |   File "/Users/alex/Desktop/Dev/api_mp/venv/lib/python3.9/site-packages/starlette/routing.py", line 716, in __call__
    |     await self.middleware_stack(scope, receive, send)
    |   File "/Users/alex/Desktop/Dev/api_mp/venv/lib/python3.9/site-packages/starlette/routing.py", line 736, in app
    |     await route.handle(scope, receive, send)
    |   File "/Users/alex/Desktop/Dev/api_mp/venv/lib/python3.9/site-packages/starlette/routing.py", line 290, in handle
    |     await self.app(scope, receive, send)
    |   File "/Users/alex/Desktop/Dev/api_mp/venv/lib/python3.9/site-packages/starlette/routing.py", line 78, in app
    |     await wrap_app_handling_exceptions(app, request)(scope, receive, send)
    |   File "/Users/alex/Desktop/Dev/api_mp/venv/lib/python3.9/site-packages/starlette/_exception_handler.py", line 53, in wrapped_app
    |     raise exc
    |   File "/Users/alex/Desktop/Dev/api_mp/venv/lib/python3.9/site-packages/starlette/_exception_handler.py", line 42, in wrapped_app
    |     await app(scope, receive, sender)
    |   File "/Users/alex/Desktop/Dev/api_mp/venv/lib/python3.9/site-packages/starlette/routing.py", line 75, in app
    |     response = await f(request)
    |   File "/Users/alex/Desktop/Dev/api_mp/venv/lib/python3.9/site-packages/fastapi/routing.py", line 302, in app
    |     raw_response = await run_endpoint_function(
    |   File "/Users/alex/Desktop/Dev/api_mp/venv/lib/python3.9/site-packages/fastapi/routing.py", line 213, in run_endpoint_function
    |     return await dependant.call(**values)
    |   File "/Users/alex/Desktop/Dev/api_mp/routers/auth.py", line 24, in register
    |     existing = await get_user_by_email(db, user_in.email)
    |   File "/Users/alex/Desktop/Dev/api_mp/services/user.py", line 15, in get_user_by_email
    |     result = await session.execute(stmt)
    |   File "/Users/alex/Desktop/Dev/api_mp/venv/lib/python3.9/site-packages/sqlalchemy/ext/asyncio/session.py", line 463, in execute
    |     result = await greenlet_spawn(
    |   File "/Users/alex/Desktop/Dev/api_mp/venv/lib/python3.9/site-packages/sqlalchemy/util/_concurrency_py3k.py", line 201, in greenlet_spawn
    |     result = context.throw(*sys.exc_info())
    |   File "/Users/alex/Desktop/Dev/api_mp/venv/lib/python3.9/site-packages/sqlalchemy/orm/session.py", line 2365, in execute
    |     return self._execute_internal(
    |   File "/Users/alex/Desktop/Dev/api_mp/venv/lib/python3.9/site-packages/sqlalchemy/orm/session.py", line 2251, in _execute_internal
    |     result: Result[Any] = compile_state_cls.orm_execute_statement(
    |   File "/Users/alex/Desktop/Dev/api_mp/venv/lib/python3.9/site-packages/sqlalchemy/orm/context.py", line 306, in orm_execute_statement
    |     result = conn.execute(
    |   File "/Users/alex/Desktop/Dev/api_mp/venv/lib/python3.9/site-packages/sqlalchemy/engine/base.py", line 1415, in execute
    |     return meth(
    |   File "/Users/alex/Desktop/Dev/api_mp/venv/lib/python3.9/site-packages/sqlalchemy/sql/elements.py", line 523, in _execute_on_connection
    |     return connection._execute_clauseelement(
    |   File "/Users/alex/Desktop/Dev/api_mp/venv/lib/python3.9/site-packages/sqlalchemy/engine/base.py", line 1637, in _execute_clauseelement
    |     ret = self._execute_context(
    |   File "/Users/alex/Desktop/Dev/api_mp/venv/lib/python3.9/site-packages/sqlalchemy/engine/base.py", line 1842, in _execute_context
    |     return self._exec_single_context(
    |   File "/Users/alex/Desktop/Dev/api_mp/venv/lib/python3.9/site-packages/sqlalchemy/engine/base.py", line 1982, in _exec_single_context
    |     self._handle_dbapi_exception(
    |   File "/Users/alex/Desktop/Dev/api_mp/venv/lib/python3.9/site-packages/sqlalchemy/engine/base.py", line 2354, in _handle_dbapi_exception
    |     raise exc_info[1].with_traceback(exc_info[2])
    |   File "/Users/alex/Desktop/Dev/api_mp/venv/lib/python3.9/site-packages/sqlalchemy/engine/base.py", line 1963, in _exec_single_context
    |     self.dialect.do_execute(
    |   File "/Users/alex/Desktop/Dev/api_mp/venv/lib/python3.9/site-packages/sqlalchemy/engine/default.py", line 943, in do_execute
    |     cursor.execute(statement, parameters)
    |   File "/Users/alex/Desktop/Dev/api_mp/venv/lib/python3.9/site-packages/sqlalchemy/dialects/postgresql/asyncpg.py", line 580, in execute
    |     self._adapt_connection.await_(
    |   File "/Users/alex/Desktop/Dev/api_mp/venv/lib/python3.9/site-packages/sqlalchemy/util/_concurrency_py3k.py", line 132, in await_only
    |     return current.parent.switch(awaitable)  # type: ignore[no-any-return,attr-defined] # noqa: E501
    |   File "/Users/alex/Desktop/Dev/api_mp/venv/lib/python3.9/site-packages/sqlalchemy/util/_concurrency_py3k.py", line 196, in greenlet_spawn
    |     value = await result
    |   File "/Users/alex/Desktop/Dev/api_mp/venv/lib/python3.9/site-packages/sqlalchemy/dialects/postgresql/asyncpg.py", line 515, in _prepare_and_execute
    |     await adapt_connection._start_transaction()
    |   File "/Users/alex/Desktop/Dev/api_mp/venv/lib/python3.9/site-packages/sqlalchemy/dialects/postgresql/asyncpg.py", line 845, in _start_transaction
    |     self._handle_exception(error)
    |   File "/Users/alex/Desktop/Dev/api_mp/venv/lib/python3.9/site-packages/sqlalchemy/dialects/postgresql/asyncpg.py", line 794, in _handle_exception
    |     raise error
    |   File "/Users/alex/Desktop/Dev/api_mp/venv/lib/python3.9/site-packages/sqlalchemy/dialects/postgresql/asyncpg.py", line 843, in _start_transaction
    |     await self._transaction.start()
    |   File "/Users/alex/Desktop/Dev/api_mp/venv/lib/python3.9/site-packages/asyncpg/transaction.py", line 146, in start
    |     await self._connection.execute(query)
    |   File "/Users/alex/Desktop/Dev/api_mp/venv/lib/python3.9/site-packages/asyncpg/connection.py", line 349, in execute
    |     result = await self._protocol.query(query, timeout)
    |   File "asyncpg/protocol/protocol.pyx", line 375, in query
    | RuntimeError: Task <Task pending name='starlette.middleware.base.BaseHTTPMiddleware.__call__.<locals>.call_next.<locals>.coro' coro=<BaseHTTPMiddleware.__call__.<locals>.call_next.<locals>.coro() running at /Users/alex/Desktop/Dev/api_mp/venv/lib/python3.9/site-packages/starlette/middleware/base.py:144> cb=[TaskGroup._spawn.<locals>.task_done() at /Users/alex/Desktop/Dev/api_mp/venv/lib/python3.9/site-packages/anyio/_backends/_asyncio.py:794]> got Future <Future pending cb=[BaseProtocol._on_waiter_completed()]> attached to a different loop
    +------------------------------------

During handling of the above exception, another exception occurred:

Traceback (most recent call last):
  File "/Users/alex/Desktop/Dev/api_mp/venv/lib/python3.9/site-packages/starlette/middleware/errors.py", line 164, in __call__
    await self.app(scope, receive, _send)
  File "/Users/alex/Desktop/Dev/api_mp/venv/lib/python3.9/site-packages/starlette/middleware/base.py", line 187, in __call__
    recv_stream.close()
  File "/Library/Developer/CommandLineTools/Library/Frameworks/Python3.framework/Versions/3.9/lib/python3.9/contextlib.py", line 135, in __exit__
    self.gen.throw(type, value, traceback)
  File "/Users/alex/Desktop/Dev/api_mp/venv/lib/python3.9/site-packages/starlette/_utils.py", line 83, in collapse_excgroups
    raise exc
  File "/Users/alex/Desktop/Dev/api_mp/venv/lib/python3.9/site-packages/starlette/middleware/base.py", line 184, in __call__
    response = await self.dispatch_func(request, call_next)
  File "/Users/alex/Desktop/Dev/api_mp/middleware/auth.py", line 22, in dispatch
    response = await call_next(request)
  File "/Users/alex/Desktop/Dev/api_mp/venv/lib/python3.9/site-packages/starlette/middleware/base.py", line 159, in call_next
    raise app_exc
  File "/Users/alex/Desktop/Dev/api_mp/venv/lib/python3.9/site-packages/starlette/middleware/base.py", line 144, in coro
    await self.app(scope, receive_or_disconnect, send_no_error)
  File "/Users/alex/Desktop/Dev/api_mp/venv/lib/python3.9/site-packages/starlette/middleware/exceptions.py", line 63, in __call__
    await wrap_app_handling_exceptions(self.app, conn)(scope, receive, send)
  File "/Users/alex/Desktop/Dev/api_mp/venv/lib/python3.9/site-packages/starlette/_exception_handler.py", line 53, in wrapped_app
    raise exc
  File "/Users/alex/Desktop/Dev/api_mp/venv/lib/python3.9/site-packages/starlette/_exception_handler.py", line 42, in wrapped_app
    await app(scope, receive, sender)
  File "/Users/alex/Desktop/Dev/api_mp/venv/lib/python3.9/site-packages/starlette/routing.py", line 716, in __call__
    await self.middleware_stack(scope, receive, send)
  File "/Users/alex/Desktop/Dev/api_mp/venv/lib/python3.9/site-packages/starlette/routing.py", line 736, in app
    await route.handle(scope, receive, send)
  File "/Users/alex/Desktop/Dev/api_mp/venv/lib/python3.9/site-packages/starlette/routing.py", line 290, in handle
    await self.app(scope, receive, send)
  File "/Users/alex/Desktop/Dev/api_mp/venv/lib/python3.9/site-packages/starlette/routing.py", line 78, in app
    await wrap_app_handling_exceptions(app, request)(scope, receive, send)
  File "/Users/alex/Desktop/Dev/api_mp/venv/lib/python3.9/site-packages/starlette/_exception_handler.py", line 53, in wrapped_app
    raise exc
  File "/Users/alex/Desktop/Dev/api_mp/venv/lib/python3.9/site-packages/starlette/_exception_handler.py", line 42, in wrapped_app
    await app(scope, receive, sender)
  File "/Users/alex/Desktop/Dev/api_mp/venv/lib/python3.9/site-packages/starlette/routing.py", line 75, in app
    response = await f(request)
  File "/Users/alex/Desktop/Dev/api_mp/venv/lib/python3.9/site-packages/fastapi/routing.py", line 302, in app
    raw_response = await run_endpoint_function(
  File "/Users/alex/Desktop/Dev/api_mp/venv/lib/python3.9/site-packages/fastapi/routing.py", line 213, in run_endpoint_function
    return await dependant.call(**values)
  File "/Users/alex/Desktop/Dev/api_mp/routers/auth.py", line 24, in register
    existing = await get_user_by_email(db, user_in.email)
  File "/Users/alex/Desktop/Dev/api_mp/services/user.py", line 15, in get_user_by_email
    result = await session.execute(stmt)
  File "/Users/alex/Desktop/Dev/api_mp/venv/lib/python3.9/site-packages/sqlalchemy/ext/asyncio/session.py", line 463, in execute
    result = await greenlet_spawn(
  File "/Users/alex/Desktop/Dev/api_mp/venv/lib/python3.9/site-packages/sqlalchemy/util/_concurrency_py3k.py", line 201, in greenlet_spawn
    result = context.throw(*sys.exc_info())
  File "/Users/alex/Desktop/Dev/api_mp/venv/lib/python3.9/site-packages/sqlalchemy/orm/session.py", line 2365, in execute
    return self._execute_internal(
  File "/Users/alex/Desktop/Dev/api_mp/venv/lib/python3.9/site-packages/sqlalchemy/orm/session.py", line 2251, in _execute_internal
    result: Result[Any] = compile_state_cls.orm_execute_statement(
  File "/Users/alex/Desktop/Dev/api_mp/venv/lib/python3.9/site-packages/sqlalchemy/orm/context.py", line 306, in orm_execute_statement
    result = conn.execute(
  File "/Users/alex/Desktop/Dev/api_mp/venv/lib/python3.9/site-packages/sqlalchemy/engine/base.py", line 1415, in execute
    return meth(
  File "/Users/alex/Desktop/Dev/api_mp/venv/lib/python3.9/site-packages/sqlalchemy/sql/elements.py", line 523, in _execute_on_connection
    return connection._execute_clauseelement(
  File "/Users/alex/Desktop/Dev/api_mp/venv/lib/python3.9/site-packages/sqlalchemy/engine/base.py", line 1637, in _execute_clauseelement
    ret = self._execute_context(
  File "/Users/alex/Desktop/Dev/api_mp/venv/lib/python3.9/site-packages/sqlalchemy/engine/base.py", line 1842, in _execute_context
    return self._exec_single_context(
  File "/Users/alex/Desktop/Dev/api_mp/venv/lib/python3.9/site-packages/sqlalchemy/engine/base.py", line 1982, in _exec_single_context
    self._handle_dbapi_exception(
  File "/Users/alex/Desktop/Dev/api_mp/venv/lib/python3.9/site-packages/sqlalchemy/engine/base.py", line 2354, in _handle_dbapi_exception
    raise exc_info[1].with_traceback(exc_info[2])
  File "/Users/alex/Desktop/Dev/api_mp/venv/lib/python3.9/site-packages/sqlalchemy/engine/base.py", line 1963, in _exec_single_context
    self.dialect.do_execute(
  File "/Users/alex/Desktop/Dev/api_mp/venv/lib/python3.9/site-packages/sqlalchemy/engine/default.py", line 943, in do_execute
    cursor.execute(statement, parameters)
  File "/Users/alex/Desktop/Dev/api_mp/venv/lib/python3.9/site-packages/sqlalchemy/dialects/postgresql/asyncpg.py", line 580, in execute
    self._adapt_connection.await_(
  File "/Users/alex/Desktop/Dev/api_mp/venv/lib/python3.9/site-packages/sqlalchemy/util/_concurrency_py3k.py", line 132, in await_only
    return current.parent.switch(awaitable)  # type: ignore[no-any-return,attr-defined] # noqa: E501
  File "/Users/alex/Desktop/Dev/api_mp/venv/lib/python3.9/site-packages/sqlalchemy/util/_concurrency_py3k.py", line 196, in greenlet_spawn
    value = await result
  File "/Users/alex/Desktop/Dev/api_mp/venv/lib/python3.9/site-packages/sqlalchemy/dialects/postgresql/asyncpg.py", line 515, in _prepare_and_execute
    await adapt_connection._start_transaction()
  File "/Users/alex/Desktop/Dev/api_mp/venv/lib/python3.9/site-packages/sqlalchemy/dialects/postgresql/asyncpg.py", line 845, in _start_transaction
    self._handle_exception(error)
  File "/Users/alex/Desktop/Dev/api_mp/venv/lib/python3.9/site-packages/sqlalchemy/dialects/postgresql/asyncpg.py", line 794, in _handle_exception
    raise error
  File "/Users/alex/Desktop/Dev/api_mp/venv/lib/python3.9/site-packages/sqlalchemy/dialects/postgresql/asyncpg.py", line 843, in _start_transaction
    await self._transaction.start()
  File "/Users/alex/Desktop/Dev/api_mp/venv/lib/python3.9/site-packages/asyncpg/transaction.py", line 146, in start
    await self._connection.execute(query)
  File "/Users/alex/Desktop/Dev/api_mp/venv/lib/python3.9/site-packages/asyncpg/connection.py", line 349, in execute
    result = await self._protocol.query(query, timeout)
  File "asyncpg/protocol/protocol.pyx", line 375, in query
RuntimeError: Task <Task pending name='starlette.middleware.base.BaseHTTPMiddleware.__call__.<locals>.call_next.<locals>.coro' coro=<BaseHTTPMiddleware.__call__.<locals>.call_next.<locals>.coro() running at /Users/alex/Desktop/Dev/api_mp/venv/lib/python3.9/site-packages/starlette/middleware/base.py:144> cb=[TaskGroup._spawn.<locals>.task_done() at /Users/alex/Desktop/Dev/api_mp/venv/lib/python3.9/site-packages/anyio/_backends/_asyncio.py:794]> got Future <Future pending cb=[BaseProtocol._on_waiter_completed()]> attached to a different loop
[2025-08-13 16:32:12,991] [ERROR] [app] - Глобальная ошибка на POST /auth/register: Task <Task pending name='starlette.middleware.base.BaseHTTPMiddleware.__call__.<locals>.call_next.<locals>.coro' coro=<BaseHTTPMiddleware.__call__.<locals>.call_next.<locals>.coro() running at /Users/alex/Desktop/Dev/api_mp/venv/lib/python3.9/site-packages/starlette/middleware/base.py:144> cb=[TaskGroup._spawn.<locals>.task_done() at /Users/alex/Desktop/Dev/api_mp/venv/lib/python3.9/site-packages/anyio/_backends/_asyncio.py:794]> got Future <Future pending cb=[BaseProtocol._on_waiter_completed()]> attached to a different loop
  + Exception Group Traceback (most recent call last):
  |   File "/Users/alex/Desktop/Dev/api_mp/venv/lib/python3.9/site-packages/starlette/_utils.py", line 77, in collapse_excgroups
  |     yield
  |   File "/Users/alex/Desktop/Dev/api_mp/venv/lib/python3.9/site-packages/starlette/middleware/base.py", line 187, in __call__
  |     recv_stream.close()
  |   File "/Users/alex/Desktop/Dev/api_mp/venv/lib/python3.9/site-packages/anyio/_backends/_asyncio.py", line 772, in __aexit__
  |     raise BaseExceptionGroup(
  | exceptiongroup.ExceptionGroup: unhandled errors in a TaskGroup (1 sub-exception)
  +-+---------------- 1 ----------------
    | Traceback (most recent call last):
    |   File "/Users/alex/Desktop/Dev/api_mp/venv/lib/python3.9/site-packages/starlette/middleware/errors.py", line 164, in __call__
    |     await self.app(scope, receive, _send)
    |   File "/Users/alex/Desktop/Dev/api_mp/venv/lib/python3.9/site-packages/starlette/middleware/base.py", line 187, in __call__
    |     recv_stream.close()
    |   File "/Library/Developer/CommandLineTools/Library/Frameworks/Python3.framework/Versions/3.9/lib/python3.9/contextlib.py", line 135, in __exit__
    |     self.gen.throw(type, value, traceback)
    |   File "/Users/alex/Desktop/Dev/api_mp/venv/lib/python3.9/site-packages/starlette/_utils.py", line 83, in collapse_excgroups
    |     raise exc
    |   File "/Users/alex/Desktop/Dev/api_mp/venv/lib/python3.9/site-packages/starlette/middleware/base.py", line 184, in __call__
    |     response = await self.dispatch_func(request, call_next)
    |   File "/Users/alex/Desktop/Dev/api_mp/middleware/auth.py", line 22, in dispatch
    |     response = await call_next(request)
    |   File "/Users/alex/Desktop/Dev/api_mp/venv/lib/python3.9/site-packages/starlette/middleware/base.py", line 159, in call_next
    |     raise app_exc
    |   File "/Users/alex/Desktop/Dev/api_mp/venv/lib/python3.9/site-packages/starlette/middleware/base.py", line 144, in coro
    |     await self.app(scope, receive_or_disconnect, send_no_error)
    |   File "/Users/alex/Desktop/Dev/api_mp/venv/lib/python3.9/site-packages/starlette/middleware/exceptions.py", line 63, in __call__
    |     await wrap_app_handling_exceptions(self.app, conn)(scope, receive, send)
    |   File "/Users/alex/Desktop/Dev/api_mp/venv/lib/python3.9/site-packages/starlette/_exception_handler.py", line 53, in wrapped_app
    |     raise exc
    |   File "/Users/alex/Desktop/Dev/api_mp/venv/lib/python3.9/site-packages/starlette/_exception_handler.py", line 42, in wrapped_app
    |     await app(scope, receive, sender)
    |   File "/Users/alex/Desktop/Dev/api_mp/venv/lib/python3.9/site-packages/starlette/routing.py", line 716, in __call__
    |     await self.middleware_stack(scope, receive, send)
    |   File "/Users/alex/Desktop/Dev/api_mp/venv/lib/python3.9/site-packages/starlette/routing.py", line 736, in app
    |     await route.handle(scope, receive, send)
    |   File "/Users/alex/Desktop/Dev/api_mp/venv/lib/python3.9/site-packages/starlette/routing.py", line 290, in handle
    |     await self.app(scope, receive, send)
    |   File "/Users/alex/Desktop/Dev/api_mp/venv/lib/python3.9/site-packages/starlette/routing.py", line 78, in app
    |     await wrap_app_handling_exceptions(app, request)(scope, receive, send)
    |   File "/Users/alex/Desktop/Dev/api_mp/venv/lib/python3.9/site-packages/starlette/_exception_handler.py", line 53, in wrapped_app
    |     raise exc
    |   File "/Users/alex/Desktop/Dev/api_mp/venv/lib/python3.9/site-packages/starlette/_exception_handler.py", line 42, in wrapped_app
    |     await app(scope, receive, sender)
    |   File "/Users/alex/Desktop/Dev/api_mp/venv/lib/python3.9/site-packages/starlette/routing.py", line 75, in app
    |     response = await f(request)
    |   File "/Users/alex/Desktop/Dev/api_mp/venv/lib/python3.9/site-packages/fastapi/routing.py", line 302, in app
    |     raw_response = await run_endpoint_function(
    |   File "/Users/alex/Desktop/Dev/api_mp/venv/lib/python3.9/site-packages/fastapi/routing.py", line 213, in run_endpoint_function
    |     return await dependant.call(**values)
    |   File "/Users/alex/Desktop/Dev/api_mp/routers/auth.py", line 24, in register
    |     existing = await get_user_by_email(db, user_in.email)
    |   File "/Users/alex/Desktop/Dev/api_mp/services/user.py", line 15, in get_user_by_email
    |     result = await session.execute(stmt)
    |   File "/Users/alex/Desktop/Dev/api_mp/venv/lib/python3.9/site-packages/sqlalchemy/ext/asyncio/session.py", line 463, in execute
    |     result = await greenlet_spawn(
    |   File "/Users/alex/Desktop/Dev/api_mp/venv/lib/python3.9/site-packages/sqlalchemy/util/_concurrency_py3k.py", line 201, in greenlet_spawn
    |     result = context.throw(*sys.exc_info())
    |   File "/Users/alex/Desktop/Dev/api_mp/venv/lib/python3.9/site-packages/sqlalchemy/orm/session.py", line 2365, in execute
    |     return self._execute_internal(
    |   File "/Users/alex/Desktop/Dev/api_mp/venv/lib/python3.9/site-packages/sqlalchemy/orm/session.py", line 2251, in _execute_internal
    |     result: Result[Any] = compile_state_cls.orm_execute_statement(
    |   File "/Users/alex/Desktop/Dev/api_mp/venv/lib/python3.9/site-packages/sqlalchemy/orm/context.py", line 306, in orm_execute_statement
    |     result = conn.execute(
    |   File "/Users/alex/Desktop/Dev/api_mp/venv/lib/python3.9/site-packages/sqlalchemy/engine/base.py", line 1415, in execute
    |     return meth(
    |   File "/Users/alex/Desktop/Dev/api_mp/venv/lib/python3.9/site-packages/sqlalchemy/sql/elements.py", line 523, in _execute_on_connection
    |     return connection._execute_clauseelement(
    |   File "/Users/alex/Desktop/Dev/api_mp/venv/lib/python3.9/site-packages/sqlalchemy/engine/base.py", line 1637, in _execute_clauseelement
    |     ret = self._execute_context(
    |   File "/Users/alex/Desktop/Dev/api_mp/venv/lib/python3.9/site-packages/sqlalchemy/engine/base.py", line 1842, in _execute_context
    |     return self._exec_single_context(
    |   File "/Users/alex/Desktop/Dev/api_mp/venv/lib/python3.9/site-packages/sqlalchemy/engine/base.py", line 1982, in _exec_single_context
    |     self._handle_dbapi_exception(
    |   File "/Users/alex/Desktop/Dev/api_mp/venv/lib/python3.9/site-packages/sqlalchemy/engine/base.py", line 2354, in _handle_dbapi_exception
    |     raise exc_info[1].with_traceback(exc_info[2])
    |   File "/Users/alex/Desktop/Dev/api_mp/venv/lib/python3.9/site-packages/sqlalchemy/engine/base.py", line 1963, in _exec_single_context
    |     self.dialect.do_execute(
    |   File "/Users/alex/Desktop/Dev/api_mp/venv/lib/python3.9/site-packages/sqlalchemy/engine/default.py", line 943, in do_execute
    |     cursor.execute(statement, parameters)
    |   File "/Users/alex/Desktop/Dev/api_mp/venv/lib/python3.9/site-packages/sqlalchemy/dialects/postgresql/asyncpg.py", line 580, in execute
    |     self._adapt_connection.await_(
    |   File "/Users/alex/Desktop/Dev/api_mp/venv/lib/python3.9/site-packages/sqlalchemy/util/_concurrency_py3k.py", line 132, in await_only
    |     return current.parent.switch(awaitable)  # type: ignore[no-any-return,attr-defined] # noqa: E501
    |   File "/Users/alex/Desktop/Dev/api_mp/venv/lib/python3.9/site-packages/sqlalchemy/util/_concurrency_py3k.py", line 196, in greenlet_spawn
    |     value = await result
    |   File "/Users/alex/Desktop/Dev/api_mp/venv/lib/python3.9/site-packages/sqlalchemy/dialects/postgresql/asyncpg.py", line 515, in _prepare_and_execute
    |     await adapt_connection._start_transaction()
    |   File "/Users/alex/Desktop/Dev/api_mp/venv/lib/python3.9/site-packages/sqlalchemy/dialects/postgresql/asyncpg.py", line 845, in _start_transaction
    |     self._handle_exception(error)
    |   File "/Users/alex/Desktop/Dev/api_mp/venv/lib/python3.9/site-packages/sqlalchemy/dialects/postgresql/asyncpg.py", line 794, in _handle_exception
    |     raise error
    |   File "/Users/alex/Desktop/Dev/api_mp/venv/lib/python3.9/site-packages/sqlalchemy/dialects/postgresql/asyncpg.py", line 843, in _start_transaction
    |     await self._transaction.start()
    |   File "/Users/alex/Desktop/Dev/api_mp/venv/lib/python3.9/site-packages/asyncpg/transaction.py", line 146, in start
    |     await self._connection.execute(query)
    |   File "/Users/alex/Desktop/Dev/api_mp/venv/lib/python3.9/site-packages/asyncpg/connection.py", line 349, in execute
    |     result = await self._protocol.query(query, timeout)
    |   File "asyncpg/protocol/protocol.pyx", line 375, in query
    | RuntimeError: Task <Task pending name='starlette.middleware.base.BaseHTTPMiddleware.__call__.<locals>.call_next.<locals>.coro' coro=<BaseHTTPMiddleware.__call__.<locals>.call_next.<locals>.coro() running at /Users/alex/Desktop/Dev/api_mp/venv/lib/python3.9/site-packages/starlette/middleware/base.py:144> cb=[TaskGroup._spawn.<locals>.task_done() at /Users/alex/Desktop/Dev/api_mp/venv/lib/python3.9/site-packages/anyio/_backends/_asyncio.py:794]> got Future <Future pending cb=[BaseProtocol._on_waiter_completed()]> attached to a different loop
    +------------------------------------

During handling of the above exception, another exception occurred:

Traceback (most recent call last):
  File "/Users/alex/Desktop/Dev/api_mp/venv/lib/python3.9/site-packages/starlette/middleware/errors.py", line 164, in __call__
    await self.app(scope, receive, _send)
  File "/Users/alex/Desktop/Dev/api_mp/venv/lib/python3.9/site-packages/starlette/middleware/base.py", line 187, in __call__
    recv_stream.close()
  File "/Library/Developer/CommandLineTools/Library/Frameworks/Python3.framework/Versions/3.9/lib/python3.9/contextlib.py", line 135, in __exit__
    self.gen.throw(type, value, traceback)
  File "/Users/alex/Desktop/Dev/api_mp/venv/lib/python3.9/site-packages/starlette/_utils.py", line 83, in collapse_excgroups
    raise exc
  File "/Users/alex/Desktop/Dev/api_mp/venv/lib/python3.9/site-packages/starlette/middleware/base.py", line 184, in __call__
    response = await self.dispatch_func(request, call_next)
  File "/Users/alex/Desktop/Dev/api_mp/middleware/auth.py", line 22, in dispatch
    response = await call_next(request)
  File "/Users/alex/Desktop/Dev/api_mp/venv/lib/python3.9/site-packages/starlette/middleware/base.py", line 159, in call_next
    raise app_exc
  File "/Users/alex/Desktop/Dev/api_mp/venv/lib/python3.9/site-packages/starlette/middleware/base.py", line 144, in coro
    await self.app(scope, receive_or_disconnect, send_no_error)
  File "/Users/alex/Desktop/Dev/api_mp/venv/lib/python3.9/site-packages/starlette/middleware/exceptions.py", line 63, in __call__
    await wrap_app_handling_exceptions(self.app, conn)(scope, receive, send)
  File "/Users/alex/Desktop/Dev/api_mp/venv/lib/python3.9/site-packages/starlette/_exception_handler.py", line 53, in wrapped_app
    raise exc
  File "/Users/alex/Desktop/Dev/api_mp/venv/lib/python3.9/site-packages/starlette/_exception_handler.py", line 42, in wrapped_app
    await app(scope, receive, sender)
  File "/Users/alex/Desktop/Dev/api_mp/venv/lib/python3.9/site-packages/starlette/routing.py", line 716, in __call__
    await self.middleware_stack(scope, receive, send)
  File "/Users/alex/Desktop/Dev/api_mp/venv/lib/python3.9/site-packages/starlette/routing.py", line 736, in app
    await route.handle(scope, receive, send)
  File "/Users/alex/Desktop/Dev/api_mp/venv/lib/python3.9/site-packages/starlette/routing.py", line 290, in handle
    await self.app(scope, receive, send)
  File "/Users/alex/Desktop/Dev/api_mp/venv/lib/python3.9/site-packages/starlette/routing.py", line 78, in app
    await wrap_app_handling_exceptions(app, request)(scope, receive, send)
  File "/Users/alex/Desktop/Dev/api_mp/venv/lib/python3.9/site-packages/starlette/_exception_handler.py", line 53, in wrapped_app
    raise exc
  File "/Users/alex/Desktop/Dev/api_mp/venv/lib/python3.9/site-packages/starlette/_exception_handler.py", line 42, in wrapped_app
    await app(scope, receive, sender)
  File "/Users/alex/Desktop/Dev/api_mp/venv/lib/python3.9/site-packages/starlette/routing.py", line 75, in app
    response = await f(request)
  File "/Users/alex/Desktop/Dev/api_mp/venv/lib/python3.9/site-packages/fastapi/routing.py", line 302, in app
    raw_response = await run_endpoint_function(
  File "/Users/alex/Desktop/Dev/api_mp/venv/lib/python3.9/site-packages/fastapi/routing.py", line 213, in run_endpoint_function
    return await dependant.call(**values)
  File "/Users/alex/Desktop/Dev/api_mp/routers/auth.py", line 24, in register
    existing = await get_user_by_email(db, user_in.email)
  File "/Users/alex/Desktop/Dev/api_mp/services/user.py", line 15, in get_user_by_email
    result = await session.execute(stmt)
  File "/Users/alex/Desktop/Dev/api_mp/venv/lib/python3.9/site-packages/sqlalchemy/ext/asyncio/session.py", line 463, in execute
    result = await greenlet_spawn(
  File "/Users/alex/Desktop/Dev/api_mp/venv/lib/python3.9/site-packages/sqlalchemy/util/_concurrency_py3k.py", line 201, in greenlet_spawn
    result = context.throw(*sys.exc_info())
  File "/Users/alex/Desktop/Dev/api_mp/venv/lib/python3.9/site-packages/sqlalchemy/orm/session.py", line 2365, in execute
    return self._execute_internal(
  File "/Users/alex/Desktop/Dev/api_mp/venv/lib/python3.9/site-packages/sqlalchemy/orm/session.py", line 2251, in _execute_internal
    result: Result[Any] = compile_state_cls.orm_execute_statement(
  File "/Users/alex/Desktop/Dev/api_mp/venv/lib/python3.9/site-packages/sqlalchemy/orm/context.py", line 306, in orm_execute_statement
    result = conn.execute(
  File "/Users/alex/Desktop/Dev/api_mp/venv/lib/python3.9/site-packages/sqlalchemy/engine/base.py", line 1415, in execute
    return meth(
  File "/Users/alex/Desktop/Dev/api_mp/venv/lib/python3.9/site-packages/sqlalchemy/sql/elements.py", line 523, in _execute_on_connection
    return connection._execute_clauseelement(
  File "/Users/alex/Desktop/Dev/api_mp/venv/lib/python3.9/site-packages/sqlalchemy/engine/base.py", line 1637, in _execute_clauseelement
    ret = self._execute_context(
  File "/Users/alex/Desktop/Dev/api_mp/venv/lib/python3.9/site-packages/sqlalchemy/engine/base.py", line 1842, in _execute_context
    return self._exec_single_context(
  File "/Users/alex/Desktop/Dev/api_mp/venv/lib/python3.9/site-packages/sqlalchemy/engine/base.py", line 1982, in _exec_single_context
    self._handle_dbapi_exception(
  File "/Users/alex/Desktop/Dev/api_mp/venv/lib/python3.9/site-packages/sqlalchemy/engine/base.py", line 2354, in _handle_dbapi_exception
    raise exc_info[1].with_traceback(exc_info[2])
  File "/Users/alex/Desktop/Dev/api_mp/venv/lib/python3.9/site-packages/sqlalchemy/engine/base.py", line 1963, in _exec_single_context
    self.dialect.do_execute(
  File "/Users/alex/Desktop/Dev/api_mp/venv/lib/python3.9/site-packages/sqlalchemy/engine/default.py", line 943, in do_execute
    cursor.execute(statement, parameters)
  File "/Users/alex/Desktop/Dev/api_mp/venv/lib/python3.9/site-packages/sqlalchemy/dialects/postgresql/asyncpg.py", line 580, in execute
    self._adapt_connection.await_(
  File "/Users/alex/Desktop/Dev/api_mp/venv/lib/python3.9/site-packages/sqlalchemy/util/_concurrency_py3k.py", line 132, in await_only
    return current.parent.switch(awaitable)  # type: ignore[no-any-return,attr-defined] # noqa: E501
  File "/Users/alex/Desktop/Dev/api_mp/venv/lib/python3.9/site-packages/sqlalchemy/util/_concurrency_py3k.py", line 196, in greenlet_spawn
    value = await result
  File "/Users/alex/Desktop/Dev/api_mp/venv/lib/python3.9/site-packages/sqlalchemy/dialects/postgresql/asyncpg.py", line 515, in _prepare_and_execute
    await adapt_connection._start_transaction()
  File "/Users/alex/Desktop/Dev/api_mp/venv/lib/python3.9/site-packages/sqlalchemy/dialects/postgresql/asyncpg.py", line 845, in _start_transaction
    self._handle_exception(error)
  File "/Users/alex/Desktop/Dev/api_mp/venv/lib/python3.9/site-packages/sqlalchemy/dialects/postgresql/asyncpg.py", line 794, in _handle_exception
    raise error
  File "/Users/alex/Desktop/Dev/api_mp/venv/lib/python3.9/site-packages/sqlalchemy/dialects/postgresql/asyncpg.py", line 843, in _start_transaction
    await self._transaction.start()
  File "/Users/alex/Desktop/Dev/api_mp/venv/lib/python3.9/site-packages/asyncpg/transaction.py", line 146, in start
    await self._connection.execute(query)
  File "/Users/alex/Desktop/Dev/api_mp/venv/lib/python3.9/site-packages/asyncpg/connection.py", line 349, in execute
    result = await self._protocol.query(query, timeout)
  File "asyncpg/protocol/protocol.pyx", line 375, in query
RuntimeError: Task <Task pending name='starlette.middleware.base.BaseHTTPMiddleware.__call__.<locals>.call_next.<locals>.coro' coro=<BaseHTTPMiddleware.__call__.<locals>.call_next.<locals>.coro() running at /Users/alex/Desktop/Dev/api_mp/venv/lib/python3.9/site-packages/starlette/middleware/base.py:144> cb=[TaskGroup._spawn.<locals>.task_done() at /Users/alex/Desktop/Dev/api_mp/venv/lib/python3.9/site-packages/anyio/_backends/_asyncio.py:794]> got Future <Future pending cb=[BaseProtocol._on_waiter_completed()]> attached to a different loop
[2025-08-19 15:46:17,016] [INFO] [app] - Получено 10 блогов)
[2025-08-19 15:50:00,537] [INFO] [app] - Получено 10 блогов)
[2025-08-19 16:37:41,750] [INFO] [app] - Получено 3 категорий
[2025-08-20 15:57:53,567] [INFO] [app] - Создана категория: test_category (id=1)
[2025-08-20 15:57:53,777] [INFO] [app] - Создана категория: test_category (id=1)
[2025-08-20 15:57:53,782] [INFO] [app] - Получено 1 категорий
[2025-08-20 16:05:43,565] [INFO] [app] - Создана категория: test_category (id=1)
[2025-08-20 16:05:43,569] [INFO] [app] - Получено 1 категорий
[2025-08-20 16:09:39,873] [INFO] [app] - Создана категория: test_category (id=1)
[2025-08-20 16:09:39,877] [INFO] [app] - Получено 1 категорий
[2025-08-20 16:09:52,197] [INFO] [app] - Создана категория: test_category (id=1)
[2025-08-20 16:09:52,203] [INFO] [app] - Получено 1 категорий
[2025-08-20 16:16:28,185] [INFO] [app] - Создана категория: test_category (id=1)
[2025-08-20 16:16:28,192] [INFO] [app] - Получено 1 категорий
[2025-08-20 16:16:42,813] [INFO] [app] - Создана категория: test_category (id=1)
[2025-08-20 16:16:42,817] [INFO] [app] - Получено 1 категорий
[2025-08-20 16:18:13,675] [INFO] [app] - Получено 10 блогов)
[2025-08-20 16:18:30,573] [INFO] [app] - Создана категория: test_category (id=1)
[2025-08-20 16:18:30,577] [INFO] [app] - Получено 1 категорий
[2025-08-20 16:21:23,115] [INFO] [app] - Создана категория: test_category (id=1)
[2025-08-20 16:21:23,118] [INFO] [app] - Получено 1 категорий
[2025-08-20 16:22:28,565] [INFO] [app] - Создана категория: test_category (id=1)
[2025-08-20 16:22:28,569] [INFO] [app] - Получено 1 категорий
[2025-08-20 16:24:59,516] [INFO] [app] - Создана категория: test_category (id=1)
[2025-08-20 16:24:59,520] [INFO] [app] - Получено 1 категорий
[2025-08-20 16:25:34,390] [INFO] [app] - Создана категория: test_category (id=1)
[2025-08-20 16:25:34,394] [INFO] [app] - Получено 1 категорий
[2025-08-20 16:27:04,423] [ERROR] [app] - Глобальная ошибка на POST /auth/register: [Errno 61] Connection refused
Traceback (most recent call last):
  File "/Users/alex/Desktop/Dev/api_mp/venv/lib/python3.9/site-packages/kombu/utils/functional.py", line 32, in __call__
    return self.__value__
AttributeError: 'ChannelPromise' object has no attribute '__value__'

During handling of the above exception, another exception occurred:

Traceback (most recent call last):
  File "/Users/alex/Desktop/Dev/api_mp/venv/lib/python3.9/site-packages/kombu/connection.py", line 472, in _reraise_as_library_errors
    yield
  File "/Users/alex/Desktop/Dev/api_mp/venv/lib/python3.9/site-packages/kombu/connection.py", line 459, in _ensure_connection
    return retry_over_time(
  File "/Users/alex/Desktop/Dev/api_mp/venv/lib/python3.9/site-packages/kombu/utils/functional.py", line 318, in retry_over_time
    return fun(*args, **kwargs)
  File "/Users/alex/Desktop/Dev/api_mp/venv/lib/python3.9/site-packages/kombu/connection.py", line 938, in _connection_factory
    self._connection = self._establish_connection()
  File "/Users/alex/Desktop/Dev/api_mp/venv/lib/python3.9/site-packages/kombu/connection.py", line 860, in _establish_connection
    conn = self.transport.establish_connection()
  File "/Users/alex/Desktop/Dev/api_mp/venv/lib/python3.9/site-packages/kombu/transport/pyamqp.py", line 203, in establish_connection
    conn.connect()
  File "/Users/alex/Desktop/Dev/api_mp/venv/lib/python3.9/site-packages/amqp/connection.py", line 324, in connect
    self.transport.connect()
  File "/Users/alex/Desktop/Dev/api_mp/venv/lib/python3.9/site-packages/amqp/transport.py", line 132, in connect
    self._connect(self.host, self.port, self.connect_timeout)
  File "/Users/alex/Desktop/Dev/api_mp/venv/lib/python3.9/site-packages/amqp/transport.py", line 187, in _connect
    self.sock.connect(sa)
ConnectionRefusedError: [Errno 61] Connection refused

The above exception was the direct cause of the following exception:

Traceback (most recent call last):
  File "/Users/alex/Desktop/Dev/api_mp/venv/lib/python3.9/site-packages/starlette/middleware/errors.py", line 164, in __call__
    await self.app(scope, receive, _send)
  File "/Users/alex/Desktop/Dev/api_mp/venv/lib/python3.9/site-packages/starlette/middleware/base.py", line 187, in __call__
    recv_stream.close()
  File "/Library/Developer/CommandLineTools/Library/Frameworks/Python3.framework/Versions/3.9/lib/python3.9/contextlib.py", line 135, in __exit__
    self.gen.throw(type, value, traceback)
  File "/Users/alex/Desktop/Dev/api_mp/venv/lib/python3.9/site-packages/starlette/_utils.py", line 83, in collapse_excgroups
    raise exc
  File "/Users/alex/Desktop/Dev/api_mp/venv/lib/python3.9/site-packages/starlette/middleware/base.py", line 184, in __call__
    response = await self.dispatch_func(request, call_next)
  File "/Users/alex/Desktop/Dev/api_mp/middleware/auth.py", line 22, in dispatch
    response = await call_next(request)
  File "/Users/alex/Desktop/Dev/api_mp/venv/lib/python3.9/site-packages/starlette/middleware/base.py", line 159, in call_next
    raise app_exc
  File "/Users/alex/Desktop/Dev/api_mp/venv/lib/python3.9/site-packages/starlette/middleware/base.py", line 144, in coro
    await self.app(scope, receive_or_disconnect, send_no_error)
  File "/Users/alex/Desktop/Dev/api_mp/venv/lib/python3.9/site-packages/starlette/middleware/exceptions.py", line 63, in __call__
    await wrap_app_handling_exceptions(self.app, conn)(scope, receive, send)
  File "/Users/alex/Desktop/Dev/api_mp/venv/lib/python3.9/site-packages/starlette/_exception_handler.py", line 53, in wrapped_app
    raise exc
  File "/Users/alex/Desktop/Dev/api_mp/venv/lib/python3.9/site-packages/starlette/_exception_handler.py", line 42, in wrapped_app
    await app(scope, receive, sender)
  File "/Users/alex/Desktop/Dev/api_mp/venv/lib/python3.9/site-packages/starlette/routing.py", line 716, in __call__
    await self.middleware_stack(scope, receive, send)
  File "/Users/alex/Desktop/Dev/api_mp/venv/lib/python3.9/site-packages/starlette/routing.py", line 736, in app
    await route.handle(scope, receive, send)
  File "/Users/alex/Desktop/Dev/api_mp/venv/lib/python3.9/site-packages/starlette/routing.py", line 290, in handle
    await self.app(scope, receive, send)
  File "/Users/alex/Desktop/Dev/api_mp/venv/lib/python3.9/site-packages/starlette/routing.py", line 78, in app
    await wrap_app_handling_exceptions(app, request)(scope, receive, send)
  File "/Users/alex/Desktop/Dev/api_mp/venv/lib/python3.9/site-packages/starlette/_exception_handler.py", line 53, in wrapped_app
    raise exc
  File "/Users/alex/Desktop/Dev/api_mp/venv/lib/python3.9/site-packages/starlette/_exception_handler.py", line 42, in wrapped_app
    await app(scope, receive, sender)
  File "/Users/alex/Desktop/Dev/api_mp/venv/lib/python3.9/site-packages/starlette/routing.py", line 75, in app
    response = await f(request)
  File "/Users/alex/Desktop/Dev/api_mp/venv/lib/python3.9/site-packages/fastapi/routing.py", line 302, in app
    raw_response = await run_endpoint_function(
  File "/Users/alex/Desktop/Dev/api_mp/venv/lib/python3.9/site-packages/fastapi/routing.py", line 213, in run_endpoint_function
    return await dependant.call(**values)
  File "/Users/alex/Desktop/Dev/api_mp/routers/auth.py", line 45, in register
    send_registration_email.delay(user.email, user.name)
  File "/Users/alex/Desktop/Dev/api_mp/venv/lib/python3.9/site-packages/celery/app/task.py", line 444, in delay
    return self.apply_async(args, kwargs)
  File "/Users/alex/Desktop/Dev/api_mp/venv/lib/python3.9/site-packages/celery/app/task.py", line 601, in apply_async
    return app.send_task(
  File "/Users/alex/Desktop/Dev/api_mp/venv/lib/python3.9/site-packages/celery/app/base.py", line 929, in send_task
    self.backend.on_task_call(P, task_id)
  File "/Users/alex/Desktop/Dev/api_mp/venv/lib/python3.9/site-packages/celery/backends/rpc.py", line 164, in on_task_call
    maybe_declare(self.binding(producer.channel), retry=True)
  File "/Users/alex/Desktop/Dev/api_mp/venv/lib/python3.9/site-packages/kombu/messaging.py", line 224, in _get_channel
    channel = self._channel = channel()
  File "/Users/alex/Desktop/Dev/api_mp/venv/lib/python3.9/site-packages/kombu/utils/functional.py", line 34, in __call__
    value = self.__value__ = self.__contract__()
  File "/Users/alex/Desktop/Dev/api_mp/venv/lib/python3.9/site-packages/kombu/messaging.py", line 240, in <lambda>
    channel = ChannelPromise(lambda: connection.default_channel)
  File "/Users/alex/Desktop/Dev/api_mp/venv/lib/python3.9/site-packages/kombu/connection.py", line 957, in default_channel
    self._ensure_connection(**conn_opts)
  File "/Users/alex/Desktop/Dev/api_mp/venv/lib/python3.9/site-packages/kombu/connection.py", line 459, in _ensure_connection
    return retry_over_time(
  File "/Library/Developer/CommandLineTools/Library/Frameworks/Python3.framework/Versions/3.9/lib/python3.9/contextlib.py", line 135, in __exit__
    self.gen.throw(type, value, traceback)
  File "/Users/alex/Desktop/Dev/api_mp/venv/lib/python3.9/site-packages/kombu/connection.py", line 476, in _reraise_as_library_errors
    raise ConnectionError(str(exc)) from exc
kombu.exceptions.OperationalError: [Errno 61] Connection refused
[2025-08-20 16:27:05,262] [INFO] [app] - Создана категория: test_category (id=1)
[2025-08-20 16:27:05,266] [INFO] [app] - Получено 1 категорий
[2025-08-20 16:27:35,443] [ERROR] [app] - Глобальная ошибка на POST /auth/register: [Errno 61] Connection refused
Traceback (most recent call last):
  File "/Users/alex/Desktop/Dev/api_mp/venv/lib/python3.9/site-packages/kombu/utils/functional.py", line 32, in __call__
    return self.__value__
AttributeError: 'ChannelPromise' object has no attribute '__value__'

During handling of the above exception, another exception occurred:

Traceback (most recent call last):
  File "/Users/alex/Desktop/Dev/api_mp/venv/lib/python3.9/site-packages/kombu/connection.py", line 472, in _reraise_as_library_errors
    yield
  File "/Users/alex/Desktop/Dev/api_mp/venv/lib/python3.9/site-packages/kombu/connection.py", line 459, in _ensure_connection
    return retry_over_time(
  File "/Users/alex/Desktop/Dev/api_mp/venv/lib/python3.9/site-packages/kombu/utils/functional.py", line 318, in retry_over_time
    return fun(*args, **kwargs)
  File "/Users/alex/Desktop/Dev/api_mp/venv/lib/python3.9/site-packages/kombu/connection.py", line 938, in _connection_factory
    self._connection = self._establish_connection()
  File "/Users/alex/Desktop/Dev/api_mp/venv/lib/python3.9/site-packages/kombu/connection.py", line 860, in _establish_connection
    conn = self.transport.establish_connection()
  File "/Users/alex/Desktop/Dev/api_mp/venv/lib/python3.9/site-packages/kombu/transport/pyamqp.py", line 203, in establish_connection
    conn.connect()
  File "/Users/alex/Desktop/Dev/api_mp/venv/lib/python3.9/site-packages/amqp/connection.py", line 324, in connect
    self.transport.connect()
  File "/Users/alex/Desktop/Dev/api_mp/venv/lib/python3.9/site-packages/amqp/transport.py", line 132, in connect
    self._connect(self.host, self.port, self.connect_timeout)
  File "/Users/alex/Desktop/Dev/api_mp/venv/lib/python3.9/site-packages/amqp/transport.py", line 187, in _connect
    self.sock.connect(sa)
ConnectionRefusedError: [Errno 61] Connection refused

The above exception was the direct cause of the following exception:

Traceback (most recent call last):
  File "/Users/alex/Desktop/Dev/api_mp/venv/lib/python3.9/site-packages/starlette/middleware/errors.py", line 164, in __call__
    await self.app(scope, receive, _send)
  File "/Users/alex/Desktop/Dev/api_mp/venv/lib/python3.9/site-packages/starlette/middleware/base.py", line 187, in __call__
    recv_stream.close()
  File "/Library/Developer/CommandLineTools/Library/Frameworks/Python3.framework/Versions/3.9/lib/python3.9/contextlib.py", line 135, in __exit__
    self.gen.throw(type, value, traceback)
  File "/Users/alex/Desktop/Dev/api_mp/venv/lib/python3.9/site-packages/starlette/_utils.py", line 83, in collapse_excgroups
    raise exc
  File "/Users/alex/Desktop/Dev/api_mp/venv/lib/python3.9/site-packages/starlette/middleware/base.py", line 184, in __call__
    response = await self.dispatch_func(request, call_next)
  File "/Users/alex/Desktop/Dev/api_mp/middleware/auth.py", line 22, in dispatch
    response = await call_next(request)
  File "/Users/alex/Desktop/Dev/api_mp/venv/lib/python3.9/site-packages/starlette/middleware/base.py", line 159, in call_next
    raise app_exc
  File "/Users/alex/Desktop/Dev/api_mp/venv/lib/python3.9/site-packages/starlette/middleware/base.py", line 144, in coro
    await self.app(scope, receive_or_disconnect, send_no_error)
  File "/Users/alex/Desktop/Dev/api_mp/venv/lib/python3.9/site-packages/starlette/middleware/exceptions.py", line 63, in __call__
    await wrap_app_handling_exceptions(self.app, conn)(scope, receive, send)
  File "/Users/alex/Desktop/Dev/api_mp/venv/lib/python3.9/site-packages/starlette/_exception_handler.py", line 53, in wrapped_app
    raise exc
  File "/Users/alex/Desktop/Dev/api_mp/venv/lib/python3.9/site-packages/starlette/_exception_handler.py", line 42, in wrapped_app
    await app(scope, receive, sender)
  File "/Users/alex/Desktop/Dev/api_mp/venv/lib/python3.9/site-packages/starlette/routing.py", line 716, in __call__
    await self.middleware_stack(scope, receive, send)
  File "/Users/alex/Desktop/Dev/api_mp/venv/lib/python3.9/site-packages/starlette/routing.py", line 736, in app
    await route.handle(scope, receive, send)
  File "/Users/alex/Desktop/Dev/api_mp/venv/lib/python3.9/site-packages/starlette/routing.py", line 290, in handle
    await self.app(scope, receive, send)
  File "/Users/alex/Desktop/Dev/api_mp/venv/lib/python3.9/site-packages/starlette/routing.py", line 78, in app
    await wrap_app_handling_exceptions(app, request)(scope, receive, send)
  File "/Users/alex/Desktop/Dev/api_mp/venv/lib/python3.9/site-packages/starlette/_exception_handler.py", line 53, in wrapped_app
    raise exc
  File "/Users/alex/Desktop/Dev/api_mp/venv/lib/python3.9/site-packages/starlette/_exception_handler.py", line 42, in wrapped_app
    await app(scope, receive, sender)
  File "/Users/alex/Desktop/Dev/api_mp/venv/lib/python3.9/site-packages/starlette/routing.py", line 75, in app
    response = await f(request)
  File "/Users/alex/Desktop/Dev/api_mp/venv/lib/python3.9/site-packages/fastapi/routing.py", line 302, in app
    raw_response = await run_endpoint_function(
  File "/Users/alex/Desktop/Dev/api_mp/venv/lib/python3.9/site-packages/fastapi/routing.py", line 213, in run_endpoint_function
    return await dependant.call(**values)
  File "/Users/alex/Desktop/Dev/api_mp/routers/auth.py", line 45, in register
    send_registration_email.delay(user.email, user.name)
  File "/Users/alex/Desktop/Dev/api_mp/venv/lib/python3.9/site-packages/celery/app/task.py", line 444, in delay
    return self.apply_async(args, kwargs)
  File "/Users/alex/Desktop/Dev/api_mp/venv/lib/python3.9/site-packages/celery/app/task.py", line 601, in apply_async
    return app.send_task(
  File "/Users/alex/Desktop/Dev/api_mp/venv/lib/python3.9/site-packages/celery/app/base.py", line 929, in send_task
    self.backend.on_task_call(P, task_id)
  File "/Users/alex/Desktop/Dev/api_mp/venv/lib/python3.9/site-packages/celery/backends/rpc.py", line 164, in on_task_call
    maybe_declare(self.binding(producer.channel), retry=True)
  File "/Users/alex/Desktop/Dev/api_mp/venv/lib/python3.9/site-packages/kombu/messaging.py", line 224, in _get_channel
    channel = self._channel = channel()
  File "/Users/alex/Desktop/Dev/api_mp/venv/lib/python3.9/site-packages/kombu/utils/functional.py", line 34, in __call__
    value = self.__value__ = self.__contract__()
  File "/Users/alex/Desktop/Dev/api_mp/venv/lib/python3.9/site-packages/kombu/messaging.py", line 240, in <lambda>
    channel = ChannelPromise(lambda: connection.default_channel)
  File "/Users/alex/Desktop/Dev/api_mp/venv/lib/python3.9/site-packages/kombu/connection.py", line 957, in default_channel
    self._ensure_connection(**conn_opts)
  File "/Users/alex/Desktop/Dev/api_mp/venv/lib/python3.9/site-packages/kombu/connection.py", line 459, in _ensure_connection
    return retry_over_time(
  File "/Library/Developer/CommandLineTools/Library/Frameworks/Python3.framework/Versions/3.9/lib/python3.9/contextlib.py", line 135, in __exit__
    self.gen.throw(type, value, traceback)
  File "/Users/alex/Desktop/Dev/api_mp/venv/lib/python3.9/site-packages/kombu/connection.py", line 476, in _reraise_as_library_errors
    raise ConnectionError(str(exc)) from exc
kombu.exceptions.OperationalError: [Errno 61] Connection refused
[2025-08-20 16:27:36,170] [INFO] [app] - Создана категория: test_category (id=1)
[2025-08-20 16:27:36,174] [INFO] [app] - Получено 1 категорий
[2025-08-20 16:28:02,257] [ERROR] [app] - Глобальная ошибка на POST /auth/register: [Errno 61] Connection refused
Traceback (most recent call last):
  File "/Users/alex/Desktop/Dev/api_mp/venv/lib/python3.9/site-packages/kombu/utils/functional.py", line 32, in __call__
    return self.__value__
AttributeError: 'ChannelPromise' object has no attribute '__value__'

During handling of the above exception, another exception occurred:

Traceback (most recent call last):
  File "/Users/alex/Desktop/Dev/api_mp/venv/lib/python3.9/site-packages/kombu/connection.py", line 472, in _reraise_as_library_errors
    yield
  File "/Users/alex/Desktop/Dev/api_mp/venv/lib/python3.9/site-packages/kombu/connection.py", line 459, in _ensure_connection
    return retry_over_time(
  File "/Users/alex/Desktop/Dev/api_mp/venv/lib/python3.9/site-packages/kombu/utils/functional.py", line 318, in retry_over_time
    return fun(*args, **kwargs)
  File "/Users/alex/Desktop/Dev/api_mp/venv/lib/python3.9/site-packages/kombu/connection.py", line 938, in _connection_factory
    self._connection = self._establish_connection()
  File "/Users/alex/Desktop/Dev/api_mp/venv/lib/python3.9/site-packages/kombu/connection.py", line 860, in _establish_connection
    conn = self.transport.establish_connection()
  File "/Users/alex/Desktop/Dev/api_mp/venv/lib/python3.9/site-packages/kombu/transport/pyamqp.py", line 203, in establish_connection
    conn.connect()
  File "/Users/alex/Desktop/Dev/api_mp/venv/lib/python3.9/site-packages/amqp/connection.py", line 324, in connect
    self.transport.connect()
  File "/Users/alex/Desktop/Dev/api_mp/venv/lib/python3.9/site-packages/amqp/transport.py", line 132, in connect
    self._connect(self.host, self.port, self.connect_timeout)
  File "/Users/alex/Desktop/Dev/api_mp/venv/lib/python3.9/site-packages/amqp/transport.py", line 187, in _connect
    self.sock.connect(sa)
ConnectionRefusedError: [Errno 61] Connection refused

The above exception was the direct cause of the following exception:

Traceback (most recent call last):
  File "/Users/alex/Desktop/Dev/api_mp/venv/lib/python3.9/site-packages/starlette/middleware/errors.py", line 164, in __call__
    await self.app(scope, receive, _send)
  File "/Users/alex/Desktop/Dev/api_mp/venv/lib/python3.9/site-packages/starlette/middleware/base.py", line 187, in __call__
    recv_stream.close()
  File "/Library/Developer/CommandLineTools/Library/Frameworks/Python3.framework/Versions/3.9/lib/python3.9/contextlib.py", line 135, in __exit__
    self.gen.throw(type, value, traceback)
  File "/Users/alex/Desktop/Dev/api_mp/venv/lib/python3.9/site-packages/starlette/_utils.py", line 83, in collapse_excgroups
    raise exc
  File "/Users/alex/Desktop/Dev/api_mp/venv/lib/python3.9/site-packages/starlette/middleware/base.py", line 184, in __call__
    response = await self.dispatch_func(request, call_next)
  File "/Users/alex/Desktop/Dev/api_mp/middleware/auth.py", line 22, in dispatch
    response = await call_next(request)
  File "/Users/alex/Desktop/Dev/api_mp/venv/lib/python3.9/site-packages/starlette/middleware/base.py", line 159, in call_next
    raise app_exc
  File "/Users/alex/Desktop/Dev/api_mp/venv/lib/python3.9/site-packages/starlette/middleware/base.py", line 144, in coro
    await self.app(scope, receive_or_disconnect, send_no_error)
  File "/Users/alex/Desktop/Dev/api_mp/venv/lib/python3.9/site-packages/starlette/middleware/exceptions.py", line 63, in __call__
    await wrap_app_handling_exceptions(self.app, conn)(scope, receive, send)
  File "/Users/alex/Desktop/Dev/api_mp/venv/lib/python3.9/site-packages/starlette/_exception_handler.py", line 53, in wrapped_app
    raise exc
  File "/Users/alex/Desktop/Dev/api_mp/venv/lib/python3.9/site-packages/starlette/_exception_handler.py", line 42, in wrapped_app
    await app(scope, receive, sender)
  File "/Users/alex/Desktop/Dev/api_mp/venv/lib/python3.9/site-packages/starlette/routing.py", line 716, in __call__
    await self.middleware_stack(scope, receive, send)
  File "/Users/alex/Desktop/Dev/api_mp/venv/lib/python3.9/site-packages/starlette/routing.py", line 736, in app
    await route.handle(scope, receive, send)
  File "/Users/alex/Desktop/Dev/api_mp/venv/lib/python3.9/site-packages/starlette/routing.py", line 290, in handle
    await self.app(scope, receive, send)
  File "/Users/alex/Desktop/Dev/api_mp/venv/lib/python3.9/site-packages/starlette/routing.py", line 78, in app
    await wrap_app_handling_exceptions(app, request)(scope, receive, send)
  File "/Users/alex/Desktop/Dev/api_mp/venv/lib/python3.9/site-packages/starlette/_exception_handler.py", line 53, in wrapped_app
    raise exc
  File "/Users/alex/Desktop/Dev/api_mp/venv/lib/python3.9/site-packages/starlette/_exception_handler.py", line 42, in wrapped_app
    await app(scope, receive, sender)
  File "/Users/alex/Desktop/Dev/api_mp/venv/lib/python3.9/site-packages/starlette/routing.py", line 75, in app
    response = await f(request)
  File "/Users/alex/Desktop/Dev/api_mp/venv/lib/python3.9/site-packages/fastapi/routing.py", line 302, in app
    raw_response = await run_endpoint_function(
  File "/Users/alex/Desktop/Dev/api_mp/venv/lib/python3.9/site-packages/fastapi/routing.py", line 213, in run_endpoint_function
    return await dependant.call(**values)
  File "/Users/alex/Desktop/Dev/api_mp/routers/auth.py", line 45, in register
    send_registration_email.delay(user.email, user.name)
  File "/Users/alex/Desktop/Dev/api_mp/venv/lib/python3.9/site-packages/celery/app/task.py", line 444, in delay
    return self.apply_async(args, kwargs)
  File "/Users/alex/Desktop/Dev/api_mp/venv/lib/python3.9/site-packages/celery/app/task.py", line 601, in apply_async
    return app.send_task(
  File "/Users/alex/Desktop/Dev/api_mp/venv/lib/python3.9/site-packages/celery/app/base.py", line 929, in send_task
    self.backend.on_task_call(P, task_id)
  File "/Users/alex/Desktop/Dev/api_mp/venv/lib/python3.9/site-packages/celery/backends/rpc.py", line 164, in on_task_call
    maybe_declare(self.binding(producer.channel), retry=True)
  File "/Users/alex/Desktop/Dev/api_mp/venv/lib/python3.9/site-packages/kombu/messaging.py", line 224, in _get_channel
    channel = self._channel = channel()
  File "/Users/alex/Desktop/Dev/api_mp/venv/lib/python3.9/site-packages/kombu/utils/functional.py", line 34, in __call__
    value = self.__value__ = self.__contract__()
  File "/Users/alex/Desktop/Dev/api_mp/venv/lib/python3.9/site-packages/kombu/messaging.py", line 240, in <lambda>
    channel = ChannelPromise(lambda: connection.default_channel)
  File "/Users/alex/Desktop/Dev/api_mp/venv/lib/python3.9/site-packages/kombu/connection.py", line 957, in default_channel
    self._ensure_connection(**conn_opts)
  File "/Users/alex/Desktop/Dev/api_mp/venv/lib/python3.9/site-packages/kombu/connection.py", line 459, in _ensure_connection
    return retry_over_time(
  File "/Library/Developer/CommandLineTools/Library/Frameworks/Python3.framework/Versions/3.9/lib/python3.9/contextlib.py", line 135, in __exit__
    self.gen.throw(type, value, traceback)
  File "/Users/alex/Desktop/Dev/api_mp/venv/lib/python3.9/site-packages/kombu/connection.py", line 476, in _reraise_as_library_errors
    raise ConnectionError(str(exc)) from exc
kombu.exceptions.OperationalError: [Errno 61] Connection refused
[2025-08-20 16:28:03,114] [INFO] [app] - Создана категория: test_category (id=1)
[2025-08-20 16:28:03,118] [INFO] [app] - Получено 1 категорий
[2025-08-20 16:32:18,467] [INFO] [app] - Создана категория: Test Category (id=1)
[2025-08-20 16:32:18,634] [INFO] [app] - Создана категория: test_category (id=1)
[2025-08-20 16:32:18,638] [INFO] [app] - Получено 1 категорий
[2025-08-20 16:33:48,321] [INFO] [app] - Создана категория: Test Category (id=1)
[2025-08-20 16:33:48,490] [INFO] [app] - Создана категория: test_category (id=1)
[2025-08-20 16:33:48,494] [INFO] [app] - Получено 1 категорий
[2025-08-20 16:36:21,591] [INFO] [app] - Создана категория: Test Category (id=1)
[2025-08-20 16:36:21,606] [INFO] [app] - Создание блога пользователем 1
[2025-08-20 16:36:22,876] [INFO] [app] - Получено 1 блогов)
[2025-08-20 16:36:22,906] [INFO] [app] - Создана категория: test_category (id=1)
[2025-08-20 16:36:22,910] [INFO] [app] - Получено 1 категорий
[2025-08-20 16:42:33,517] [INFO] [app] - Создана категория: Test Category (id=1)
[2025-08-20 16:42:33,531] [INFO] [app] - Создание блога пользователем 1
[2025-08-20 16:42:34,032] [INFO] [app] - Получено 1 блогов)
[2025-08-20 16:42:34,046] [INFO] [app] - Пользователь не существует: user@example.com
[2025-08-20 16:42:34,329] [INFO] [app] - Пользователь не существует: user@example.com
[2025-08-20 16:42:34,489] [INFO] [app] - Создана категория: test_category (id=1)
[2025-08-20 16:42:34,493] [INFO] [app] - Получено 1 категорий
[2025-08-20 16:44:13,812] [INFO] [app] - Пользователь не существует: user@example.com
[2025-08-20 16:44:13,893] [INFO] [app] - Пользователь не существует: user@example.com
[2025-08-20 16:44:14,038] [INFO] [app] - Создана категория: test_category (id=1)
[2025-08-20 16:44:14,042] [INFO] [app] - Получено 1 категорий
[2025-08-20 16:44:25,767] [INFO] [app] - Пользователь не существует: user@example.com
[2025-08-20 16:44:25,848] [INFO] [app] - Пользователь не существует: user@example.com
[2025-08-20 16:44:25,990] [INFO] [app] - Создана категория: test_category (id=1)
[2025-08-20 16:44:25,994] [INFO] [app] - Получено 1 категорий
[2025-08-20 16:44:52,913] [INFO] [app] - Создана категория: Test Category (id=1)
[2025-08-20 16:44:52,927] [INFO] [app] - Создание блога пользователем 1
[2025-08-20 16:44:53,410] [INFO] [app] - Получено 1 блогов)
[2025-08-20 16:44:53,425] [INFO] [app] - Пользователь не существует: user@example.com
[2025-08-20 16:44:53,665] [INFO] [app] - Пользователь не существует: user@example.com
[2025-08-20 16:44:53,822] [INFO] [app] - Создана категория: test_category (id=1)
[2025-08-20 16:44:53,826] [INFO] [app] - Получено 1 категорий
[2025-08-20 16:48:00,792] [INFO] [app] - Создана категория: test_category (id=1)
[2025-08-20 16:48:00,795] [INFO] [app] - Получено 1 категорий
[2025-08-20 16:48:59,391] [INFO] [app] - Создана категория: test_category (id=1)
[2025-08-20 16:48:59,396] [INFO] [app] - Получено 1 категорий
[2025-08-20 16:49:29,486] [INFO] [app] - Создана категория: Test Category (id=1)
[2025-08-20 16:49:29,499] [INFO] [app] - Создание блога пользователем 1
[2025-08-20 16:49:30,041] [INFO] [app] - Получено 1 блогов)
[2025-08-20 16:49:30,055] [INFO] [app] - Пользователь не существует: user@example.com
[2025-08-20 16:49:30,301] [INFO] [app] - Пользователь не существует: user@example.com
[2025-08-20 16:49:30,462] [INFO] [app] - Создана категория: test_category (id=1)
[2025-08-20 16:49:30,465] [INFO] [app] - Получено 1 категорий
[2025-08-20 16:52:23,346] [ERROR] [app] - Глобальная ошибка на POST /auth/register: Can't operate on closed transaction inside context manager.  Please complete the context manager before emitting further commands.
  + Exception Group Traceback (most recent call last):
  |   File "/Users/alex/Desktop/Dev/api_mp/venv/lib/python3.9/site-packages/starlette/_utils.py", line 77, in collapse_excgroups
  |     yield
  |   File "/Users/alex/Desktop/Dev/api_mp/venv/lib/python3.9/site-packages/starlette/middleware/base.py", line 187, in __call__
  |     recv_stream.close()
  |   File "/Users/alex/Desktop/Dev/api_mp/venv/lib/python3.9/site-packages/anyio/_backends/_asyncio.py", line 772, in __aexit__
  |     raise BaseExceptionGroup(
  | exceptiongroup.ExceptionGroup: unhandled errors in a TaskGroup (1 sub-exception)
  +-+---------------- 1 ----------------
    | Traceback (most recent call last):
    |   File "/Users/alex/Desktop/Dev/api_mp/venv/lib/python3.9/site-packages/starlette/middleware/errors.py", line 164, in __call__
    |     await self.app(scope, receive, _send)
    |   File "/Users/alex/Desktop/Dev/api_mp/venv/lib/python3.9/site-packages/starlette/middleware/base.py", line 187, in __call__
    |     recv_stream.close()
    |   File "/Library/Developer/CommandLineTools/Library/Frameworks/Python3.framework/Versions/3.9/lib/python3.9/contextlib.py", line 135, in __exit__
    |     self.gen.throw(type, value, traceback)
    |   File "/Users/alex/Desktop/Dev/api_mp/venv/lib/python3.9/site-packages/starlette/_utils.py", line 83, in collapse_excgroups
    |     raise exc
    |   File "/Users/alex/Desktop/Dev/api_mp/venv/lib/python3.9/site-packages/starlette/middleware/base.py", line 184, in __call__
    |     response = await self.dispatch_func(request, call_next)
    |   File "/Users/alex/Desktop/Dev/api_mp/middleware/auth.py", line 22, in dispatch
    |     response = await call_next(request)
    |   File "/Users/alex/Desktop/Dev/api_mp/venv/lib/python3.9/site-packages/starlette/middleware/base.py", line 159, in call_next
    |     raise app_exc
    |   File "/Users/alex/Desktop/Dev/api_mp/venv/lib/python3.9/site-packages/starlette/middleware/base.py", line 144, in coro
    |     await self.app(scope, receive_or_disconnect, send_no_error)
    |   File "/Users/alex/Desktop/Dev/api_mp/venv/lib/python3.9/site-packages/starlette/middleware/exceptions.py", line 63, in __call__
    |     await wrap_app_handling_exceptions(self.app, conn)(scope, receive, send)
    |   File "/Users/alex/Desktop/Dev/api_mp/venv/lib/python3.9/site-packages/starlette/_exception_handler.py", line 53, in wrapped_app
    |     raise exc
    |   File "/Users/alex/Desktop/Dev/api_mp/venv/lib/python3.9/site-packages/starlette/_exception_handler.py", line 42, in wrapped_app
    |     await app(scope, receive, sender)
    |   File "/Users/alex/Desktop/Dev/api_mp/venv/lib/python3.9/site-packages/starlette/routing.py", line 716, in __call__
    |     await self.middleware_stack(scope, receive, send)
    |   File "/Users/alex/Desktop/Dev/api_mp/venv/lib/python3.9/site-packages/starlette/routing.py", line 736, in app
    |     await route.handle(scope, receive, send)
    |   File "/Users/alex/Desktop/Dev/api_mp/venv/lib/python3.9/site-packages/starlette/routing.py", line 290, in handle
    |     await self.app(scope, receive, send)
    |   File "/Users/alex/Desktop/Dev/api_mp/venv/lib/python3.9/site-packages/starlette/routing.py", line 78, in app
    |     await wrap_app_handling_exceptions(app, request)(scope, receive, send)
    |   File "/Users/alex/Desktop/Dev/api_mp/venv/lib/python3.9/site-packages/starlette/_exception_handler.py", line 53, in wrapped_app
    |     raise exc
    |   File "/Users/alex/Desktop/Dev/api_mp/venv/lib/python3.9/site-packages/starlette/_exception_handler.py", line 42, in wrapped_app
    |     await app(scope, receive, sender)
    |   File "/Users/alex/Desktop/Dev/api_mp/venv/lib/python3.9/site-packages/starlette/routing.py", line 75, in app
    |     response = await f(request)
    |   File "/Users/alex/Desktop/Dev/api_mp/venv/lib/python3.9/site-packages/fastapi/routing.py", line 302, in app
    |     raw_response = await run_endpoint_function(
    |   File "/Users/alex/Desktop/Dev/api_mp/venv/lib/python3.9/site-packages/fastapi/routing.py", line 213, in run_endpoint_function
    |     return await dependant.call(**values)
    |   File "/Users/alex/Desktop/Dev/api_mp/routers/auth.py", line 43, in register
    |     user = await create_user(db, user_in)
    |   File "/Users/alex/Desktop/Dev/api_mp/services/user.py", line 36, in create_user
    |     await session.refresh(user)
    |   File "/Users/alex/Desktop/Dev/api_mp/venv/lib/python3.9/site-packages/sqlalchemy/ext/asyncio/session.py", line 331, in refresh
    |     await greenlet_spawn(
    |   File "/Users/alex/Desktop/Dev/api_mp/venv/lib/python3.9/site-packages/sqlalchemy/util/_concurrency_py3k.py", line 190, in greenlet_spawn
    |     result = context.switch(*args, **kwargs)
    |   File "/Users/alex/Desktop/Dev/api_mp/venv/lib/python3.9/site-packages/sqlalchemy/orm/session.py", line 3168, in refresh
    |     loading.load_on_ident(
    |   File "/Users/alex/Desktop/Dev/api_mp/venv/lib/python3.9/site-packages/sqlalchemy/orm/loading.py", line 509, in load_on_ident
    |     return load_on_pk_identity(
    |   File "/Users/alex/Desktop/Dev/api_mp/venv/lib/python3.9/site-packages/sqlalchemy/orm/loading.py", line 694, in load_on_pk_identity
    |     session.execute(
    |   File "/Users/alex/Desktop/Dev/api_mp/venv/lib/python3.9/site-packages/sqlalchemy/orm/session.py", line 2365, in execute
    |     return self._execute_internal(
    |   File "/Users/alex/Desktop/Dev/api_mp/venv/lib/python3.9/site-packages/sqlalchemy/orm/session.py", line 2241, in _execute_internal
    |     conn = self._connection_for_bind(bind)
    |   File "/Users/alex/Desktop/Dev/api_mp/venv/lib/python3.9/site-packages/sqlalchemy/orm/session.py", line 2105, in _connection_for_bind
    |     TransactionalContext._trans_ctx_check(self)
    |   File "/Users/alex/Desktop/Dev/api_mp/venv/lib/python3.9/site-packages/sqlalchemy/engine/util.py", line 111, in _trans_ctx_check
    |     raise exc.InvalidRequestError(
    | sqlalchemy.exc.InvalidRequestError: Can't operate on closed transaction inside context manager.  Please complete the context manager before emitting further commands.
    +------------------------------------

During handling of the above exception, another exception occurred:

Traceback (most recent call last):
  File "/Users/alex/Desktop/Dev/api_mp/venv/lib/python3.9/site-packages/starlette/middleware/errors.py", line 164, in __call__
    await self.app(scope, receive, _send)
  File "/Users/alex/Desktop/Dev/api_mp/venv/lib/python3.9/site-packages/starlette/middleware/base.py", line 187, in __call__
    recv_stream.close()
  File "/Library/Developer/CommandLineTools/Library/Frameworks/Python3.framework/Versions/3.9/lib/python3.9/contextlib.py", line 135, in __exit__
    self.gen.throw(type, value, traceback)
  File "/Users/alex/Desktop/Dev/api_mp/venv/lib/python3.9/site-packages/starlette/_utils.py", line 83, in collapse_excgroups
    raise exc
  File "/Users/alex/Desktop/Dev/api_mp/venv/lib/python3.9/site-packages/starlette/middleware/base.py", line 184, in __call__
    response = await self.dispatch_func(request, call_next)
  File "/Users/alex/Desktop/Dev/api_mp/middleware/auth.py", line 22, in dispatch
    response = await call_next(request)
  File "/Users/alex/Desktop/Dev/api_mp/venv/lib/python3.9/site-packages/starlette/middleware/base.py", line 159, in call_next
    raise app_exc
  File "/Users/alex/Desktop/Dev/api_mp/venv/lib/python3.9/site-packages/starlette/middleware/base.py", line 144, in coro
    await self.app(scope, receive_or_disconnect, send_no_error)
  File "/Users/alex/Desktop/Dev/api_mp/venv/lib/python3.9/site-packages/starlette/middleware/exceptions.py", line 63, in __call__
    await wrap_app_handling_exceptions(self.app, conn)(scope, receive, send)
  File "/Users/alex/Desktop/Dev/api_mp/venv/lib/python3.9/site-packages/starlette/_exception_handler.py", line 53, in wrapped_app
    raise exc
  File "/Users/alex/Desktop/Dev/api_mp/venv/lib/python3.9/site-packages/starlette/_exception_handler.py", line 42, in wrapped_app
    await app(scope, receive, sender)
  File "/Users/alex/Desktop/Dev/api_mp/venv/lib/python3.9/site-packages/starlette/routing.py", line 716, in __call__
    await self.middleware_stack(scope, receive, send)
  File "/Users/alex/Desktop/Dev/api_mp/venv/lib/python3.9/site-packages/starlette/routing.py", line 736, in app
    await route.handle(scope, receive, send)
  File "/Users/alex/Desktop/Dev/api_mp/venv/lib/python3.9/site-packages/starlette/routing.py", line 290, in handle
    await self.app(scope, receive, send)
  File "/Users/alex/Desktop/Dev/api_mp/venv/lib/python3.9/site-packages/starlette/routing.py", line 78, in app
    await wrap_app_handling_exceptions(app, request)(scope, receive, send)
  File "/Users/alex/Desktop/Dev/api_mp/venv/lib/python3.9/site-packages/starlette/_exception_handler.py", line 53, in wrapped_app
    raise exc
  File "/Users/alex/Desktop/Dev/api_mp/venv/lib/python3.9/site-packages/starlette/_exception_handler.py", line 42, in wrapped_app
    await app(scope, receive, sender)
  File "/Users/alex/Desktop/Dev/api_mp/venv/lib/python3.9/site-packages/starlette/routing.py", line 75, in app
    response = await f(request)
  File "/Users/alex/Desktop/Dev/api_mp/venv/lib/python3.9/site-packages/fastapi/routing.py", line 302, in app
    raw_response = await run_endpoint_function(
  File "/Users/alex/Desktop/Dev/api_mp/venv/lib/python3.9/site-packages/fastapi/routing.py", line 213, in run_endpoint_function
    return await dependant.call(**values)
  File "/Users/alex/Desktop/Dev/api_mp/routers/auth.py", line 43, in register
    user = await create_user(db, user_in)
  File "/Users/alex/Desktop/Dev/api_mp/services/user.py", line 36, in create_user
    await session.refresh(user)
  File "/Users/alex/Desktop/Dev/api_mp/venv/lib/python3.9/site-packages/sqlalchemy/ext/asyncio/session.py", line 331, in refresh
    await greenlet_spawn(
  File "/Users/alex/Desktop/Dev/api_mp/venv/lib/python3.9/site-packages/sqlalchemy/util/_concurrency_py3k.py", line 190, in greenlet_spawn
    result = context.switch(*args, **kwargs)
  File "/Users/alex/Desktop/Dev/api_mp/venv/lib/python3.9/site-packages/sqlalchemy/orm/session.py", line 3168, in refresh
    loading.load_on_ident(
  File "/Users/alex/Desktop/Dev/api_mp/venv/lib/python3.9/site-packages/sqlalchemy/orm/loading.py", line 509, in load_on_ident
    return load_on_pk_identity(
  File "/Users/alex/Desktop/Dev/api_mp/venv/lib/python3.9/site-packages/sqlalchemy/orm/loading.py", line 694, in load_on_pk_identity
    session.execute(
  File "/Users/alex/Desktop/Dev/api_mp/venv/lib/python3.9/site-packages/sqlalchemy/orm/session.py", line 2365, in execute
    return self._execute_internal(
  File "/Users/alex/Desktop/Dev/api_mp/venv/lib/python3.9/site-packages/sqlalchemy/orm/session.py", line 2241, in _execute_internal
    conn = self._connection_for_bind(bind)
  File "/Users/alex/Desktop/Dev/api_mp/venv/lib/python3.9/site-packages/sqlalchemy/orm/session.py", line 2105, in _connection_for_bind
    TransactionalContext._trans_ctx_check(self)
  File "/Users/alex/Desktop/Dev/api_mp/venv/lib/python3.9/site-packages/sqlalchemy/engine/util.py", line 111, in _trans_ctx_check
    raise exc.InvalidRequestError(
sqlalchemy.exc.InvalidRequestError: Can't operate on closed transaction inside context manager.  Please complete the context manager before emitting further commands.
[2025-08-20 16:52:24,152] [INFO] [app] - Пользователь не существует: user@example.com
[2025-08-20 16:52:24,236] [INFO] [app] - Пользователь не существует: user@example.com
[2025-08-20 16:52:24,379] [ERROR] [app] - Неизвестная ошибка при создании категории: Can't operate on closed transaction inside context manager.  Please complete the context manager before emitting further commands.
Traceback (most recent call last):
  File "/Users/alex/Desktop/Dev/api_mp/routers/category.py", line 45, in create_categories
    category = await create_category(session, category_data)
  File "/Users/alex/Desktop/Dev/api_mp/services/category.py", line 35, in create_category
    await session.refresh(category)
  File "/Users/alex/Desktop/Dev/api_mp/venv/lib/python3.9/site-packages/sqlalchemy/ext/asyncio/session.py", line 331, in refresh
    await greenlet_spawn(
  File "/Users/alex/Desktop/Dev/api_mp/venv/lib/python3.9/site-packages/sqlalchemy/util/_concurrency_py3k.py", line 190, in greenlet_spawn
    result = context.switch(*args, **kwargs)
  File "/Users/alex/Desktop/Dev/api_mp/venv/lib/python3.9/site-packages/sqlalchemy/orm/session.py", line 3168, in refresh
    loading.load_on_ident(
  File "/Users/alex/Desktop/Dev/api_mp/venv/lib/python3.9/site-packages/sqlalchemy/orm/loading.py", line 509, in load_on_ident
    return load_on_pk_identity(
  File "/Users/alex/Desktop/Dev/api_mp/venv/lib/python3.9/site-packages/sqlalchemy/orm/loading.py", line 694, in load_on_pk_identity
    session.execute(
  File "/Users/alex/Desktop/Dev/api_mp/venv/lib/python3.9/site-packages/sqlalchemy/orm/session.py", line 2365, in execute
    return self._execute_internal(
  File "/Users/alex/Desktop/Dev/api_mp/venv/lib/python3.9/site-packages/sqlalchemy/orm/session.py", line 2241, in _execute_internal
    conn = self._connection_for_bind(bind)
  File "/Users/alex/Desktop/Dev/api_mp/venv/lib/python3.9/site-packages/sqlalchemy/orm/session.py", line 2105, in _connection_for_bind
    TransactionalContext._trans_ctx_check(self)
  File "/Users/alex/Desktop/Dev/api_mp/venv/lib/python3.9/site-packages/sqlalchemy/engine/util.py", line 111, in _trans_ctx_check
    raise exc.InvalidRequestError(
sqlalchemy.exc.InvalidRequestError: Can't operate on closed transaction inside context manager.  Please complete the context manager before emitting further commands.
[2025-08-20 16:52:35,957] [INFO] [app] - Создана категория: Test Category (id=1)
[2025-08-20 16:52:35,974] [INFO] [app] - Создание блога пользователем 1
[2025-08-20 16:52:37,621] [INFO] [app] - Получено 1 блогов)
[2025-08-20 16:52:37,636] [INFO] [app] - Пользователь не существует: user@example.com
[2025-08-20 16:52:37,934] [INFO] [app] - Пользователь не существует: user@example.com
[2025-08-20 16:52:38,086] [INFO] [app] - Создана категория: test_category (id=1)
[2025-08-20 16:52:38,089] [INFO] [app] - Получено 1 категорий
[2025-08-20 16:53:42,131] [INFO] [app] - Создана категория: Test Category (id=1)
[2025-08-20 16:53:42,149] [INFO] [app] - Создание блога пользователем 1
[2025-08-20 16:53:43,059] [INFO] [app] - Создана категория: test_category (id=1)
[2025-08-20 16:53:43,062] [INFO] [app] - Получено 1 категорий
[2025-08-20 16:56:03,221] [INFO] [app] - Создана категория: Test Category (id=1)
[2025-08-20 16:56:03,236] [INFO] [app] - Создание блога пользователем 1
[2025-08-20 16:56:05,439] [INFO] [app] - Создана категория: test_category (id=1)
[2025-08-20 16:56:05,443] [INFO] [app] - Получено 1 категорий
[2025-08-20 16:57:18,027] [INFO] [app] - Создана категория: Test Category (id=1)
[2025-08-20 16:57:18,041] [INFO] [app] - Создание блога пользователем 1
[2025-08-20 16:57:18,790] [INFO] [app] - Получено 1 блогов)
[2025-08-20 16:57:19,224] [INFO] [app] - Создана категория: test_category (id=1)
[2025-08-20 16:57:19,227] [INFO] [app] - Получено 1 категорий
[2025-08-20 17:02:44,979] [INFO] [app] - Создана категория: test_category (id=1)
[2025-08-20 17:02:44,984] [INFO] [app] - Получено 1 категорий
[2025-08-20 17:04:10,637] [INFO] [app] - Создана категория: test_category (id=1)
[2025-08-20 17:04:10,641] [INFO] [app] - Получено 1 категорий
[2025-08-20 17:04:23,548] [INFO] [app] - Создана категория: test_category (id=1)
[2025-08-20 17:04:23,552] [INFO] [app] - Получено 1 категорий
[2025-08-20 17:05:08,580] [INFO] [app] - Создана категория: test_category (id=1)
[2025-08-20 17:05:08,584] [INFO] [app] - Получено 1 категорий
[2025-08-20 17:05:35,862] [INFO] [app] - Создана категория: test_category (id=1)
[2025-08-20 17:05:35,866] [INFO] [app] - Получено 1 категорий
[2025-08-20 17:06:25,976] [INFO] [app] - Создана категория: test_category (id=1)
[2025-08-20 17:06:25,980] [INFO] [app] - Получено 1 категорий
[2025-08-20 17:07:56,715] [INFO] [app] - Создана категория: test_category (id=1)
[2025-08-20 17:07:56,720] [INFO] [app] - Получено 1 категорий
[2025-08-20 17:12:06,055] [INFO] [app] - Создана категория: Test Category (id=1)
[2025-08-20 17:12:06,069] [INFO] [app] - Создание блога пользователем 1
[2025-08-20 17:12:07,171] [INFO] [app] - Получено 1 блогов)
[2025-08-20 17:12:07,773] [INFO] [app] - Создана категория: Update Category (id=2)
[2025-08-20 17:12:08,431] [INFO] [app] - Создана категория: Delete Category (id=3)
[2025-08-20 17:12:08,470] [INFO] [app] - Создана категория: test_category (id=1)
[2025-08-20 17:12:08,474] [INFO] [app] - Получено 1 категорий
[2025-08-20 17:17:00,525] [INFO] [app] - Создана категория: Test Category (id=1)
[2025-08-20 17:17:00,538] [INFO] [app] - Создание блога пользователем 1
[2025-08-20 17:17:01,236] [INFO] [app] - Получено 1 блогов)
[2025-08-20 17:17:01,750] [INFO] [app] - Создана категория: Update Category (id=2)
[2025-08-20 17:17:02,434] [INFO] [app] - Создана категория: Delete Category (id=3)
[2025-08-20 17:17:02,472] [INFO] [app] - Создана категория: test_category (id=1)
[2025-08-20 17:17:02,475] [INFO] [app] - Получено 1 категорий
[2025-08-20 17:17:58,066] [INFO] [app] - Создана категория: Test Category (id=1)
[2025-08-20 17:17:58,079] [INFO] [app] - Создание блога пользователем 1
[2025-08-20 17:17:58,331] [INFO] [app] - Получено 1 блогов)
[2025-08-20 17:17:58,848] [INFO] [app] - Создана категория: Update Category (id=2)
[2025-08-20 17:17:59,496] [INFO] [app] - Создана категория: Delete Category (id=3)
[2025-08-20 17:17:59,534] [INFO] [app] - Создана категория: test_category (id=1)
[2025-08-20 17:17:59,537] [INFO] [app] - Получено 1 категорий
[2025-08-20 17:19:12,024] [INFO] [app] - Создана категория: Test Category (id=1)
[2025-08-20 17:19:12,039] [INFO] [app] - Создание блога пользователем 1
[2025-08-20 17:19:12,579] [INFO] [app] - Получено 1 блогов)
[2025-08-20 17:19:13,091] [INFO] [app] - Создана категория: Update Category (id=2)
[2025-08-20 17:19:13,743] [INFO] [app] - Создана категория: Delete Category (id=3)
[2025-08-20 17:19:13,780] [INFO] [app] - Создана категория: test_category (id=1)
[2025-08-20 17:19:13,785] [INFO] [app] - Получено 1 категорий
[2025-08-20 17:20:21,477] [INFO] [app] - Создана категория: test_category (id=1)
[2025-08-20 17:20:21,481] [INFO] [app] - Получено 1 категорий
[2025-08-20 17:23:06,880] [INFO] [app] - Создана категория: Test Category (id=1)
[2025-08-20 17:23:06,894] [INFO] [app] - Создание блога пользователем 1
[2025-08-20 17:23:07,380] [INFO] [app] - Получено 1 блогов)
[2025-08-20 17:23:07,896] [INFO] [app] - Создана категория: Update Category (id=2)
[2025-08-20 17:23:08,557] [INFO] [app] - Создана категория: Delete Category (id=3)
[2025-08-20 17:23:08,595] [INFO] [app] - Создана категория: test_category (id=1)
[2025-08-20 17:23:08,599] [INFO] [app] - Получено 1 категорий
[2025-08-20 17:24:02,536] [INFO] [app] - Создана категория: Test Category (id=1)
[2025-08-20 17:24:02,549] [INFO] [app] - Создание блога пользователем 1
[2025-08-20 17:24:02,837] [INFO] [app] - Получено 1 блогов)
[2025-08-20 17:24:03,361] [INFO] [app] - Создана категория: Update Category (id=2)
[2025-08-20 17:24:04,023] [INFO] [app] - Создана категория: Delete Category (id=3)
[2025-08-20 17:24:04,061] [INFO] [app] - Создана категория: test_category (id=1)
[2025-08-20 17:24:04,064] [INFO] [app] - Получено 1 категорий
[2025-08-20 17:28:35,522] [INFO] [app] - Создана категория: Test Category (id=1)
[2025-08-20 17:28:35,536] [INFO] [app] - Создание блога пользователем 1
[2025-08-20 17:28:36,130] [INFO] [app] - Получено 1 блогов)
[2025-08-20 17:28:36,662] [INFO] [app] - Попытка создать блог с существующей категорией: test_category
[2025-08-20 17:28:36,662] [WARNING] [app] - Ошибка при создании категории: Категория 'test_category' уже существует.
[2025-08-20 17:28:37,507] [INFO] [app] - Создана категория: Delete Category (id=2)
[2025-08-20 17:28:37,558] [INFO] [app] - Создана категория: test_category (id=1)
[2025-08-20 17:28:37,562] [INFO] [app] - Получено 1 категорий
[2025-08-20 17:31:07,410] [INFO] [app] - Создана категория: Update Category a3b02e (id=1)
[2025-08-20 17:31:07,422] [INFO] [app] - Создание блога пользователем 1
[2025-08-20 17:31:08,095] [INFO] [app] - Получено 1 блогов)
[2025-08-20 17:31:08,617] [INFO] [app] - Создана категория: Update Category b86c52 (id=2)
[2025-08-20 17:31:09,285] [INFO] [app] - Создана категория: Delete Category (id=3)
[2025-08-20 17:31:09,322] [INFO] [app] - Создана категория: test_category (id=1)
[2025-08-20 17:31:09,325] [INFO] [app] - Получено 1 категорий
[2025-08-20 17:32:05,375] [INFO] [app] - Создана категория: Update Category f7a45d (id=1)
[2025-08-20 17:32:05,388] [INFO] [app] - Создание блога пользователем 1
[2025-08-20 17:32:05,639] [INFO] [app] - Получено 1 блогов)
[2025-08-20 17:32:06,156] [INFO] [app] - Создана категория: Update Category ebf6eb (id=2)
[2025-08-20 17:32:06,808] [INFO] [app] - Создана категория: Delete Category (id=3)
[2025-08-20 17:32:06,846] [INFO] [app] - Создана категория: test_category (id=1)
[2025-08-20 17:32:06,850] [INFO] [app] - Получено 1 категорий
[2025-08-20 17:33:19,695] [INFO] [app] - Создана категория: Update Category 503c87 (id=1)
[2025-08-20 17:33:19,709] [INFO] [app] - Создание блога пользователем 1
[2025-08-20 17:33:20,191] [INFO] [app] - Получено 1 блогов)
[2025-08-20 17:33:20,222] [INFO] [app] - Создана категория: test_category (id=1)
[2025-08-20 17:33:20,227] [INFO] [app] - Получено 1 категорий
[2025-08-20 17:34:11,943] [INFO] [app] - Создана категория: Update Category 9acc41 (id=1)
[2025-08-20 17:34:11,956] [INFO] [app] - Создание блога пользователем 1
[2025-08-20 17:34:12,221] [INFO] [app] - Получено 1 блогов)
[2025-08-20 17:34:12,254] [INFO] [app] - Создана категория: test_category (id=1)
[2025-08-20 17:34:12,258] [INFO] [app] - Получено 1 категорий
[2025-08-20 17:34:28,304] [INFO] [app] - Создана категория: Update Category 078fe1 (id=1)
[2025-08-20 17:34:28,316] [INFO] [app] - Создание блога пользователем 1
[2025-08-20 17:34:28,825] [INFO] [app] - Получено 1 блогов)
[2025-08-20 17:34:28,854] [INFO] [app] - Создана категория: test_category (id=1)
[2025-08-20 17:34:28,858] [INFO] [app] - Получено 1 категорий
[2025-08-20 17:36:05,767] [INFO] [app] - Создана категория: Update Category ed29b6 (id=1)
[2025-08-20 17:36:05,780] [INFO] [app] - Создание блога пользователем 1
[2025-08-20 17:36:07,272] [INFO] [app] - Получено 1 блогов)
[2025-08-20 17:36:07,304] [INFO] [app] - Создана категория: test_category (id=1)
[2025-08-20 17:36:07,308] [INFO] [app] - Получено 1 категорий
[2025-08-20 17:43:02,763] [INFO] [app] - Создана категория: Update Category f27655 (id=1)
[2025-08-20 17:43:02,777] [INFO] [app] - Создание блога пользователем 1
[2025-08-20 17:43:03,347] [INFO] [app] - Получено 1 блогов)
[2025-08-20 17:43:03,858] [INFO] [app] - Создана категория: Update Category (id=2)
[2025-08-20 17:43:04,507] [INFO] [app] - Создана категория: Delete Category (id=3)
[2025-08-20 17:43:04,547] [INFO] [app] - Создана категория: test_category (id=1)
[2025-08-20 17:43:04,550] [INFO] [app] - Получено 1 категорий
[2025-08-20 17:46:08,838] [INFO] [app] - Создана категория: Update Category b5bfc5 (id=1)
[2025-08-20 17:46:08,850] [INFO] [app] - Создание блога пользователем 1
[2025-08-20 17:46:09,320] [INFO] [app] - Получено 1 блогов)
[2025-08-20 17:46:09,941] [INFO] [app] - Создана категория: Update Category e15e3d (id=2)
[2025-08-20 17:46:10,591] [INFO] [app] - Создана категория: Delete Category 32d905 (id=3)
[2025-08-20 17:46:10,629] [INFO] [app] - Создана категория: test_category (id=1)
[2025-08-20 17:46:10,632] [INFO] [app] - Получено 1 категорий
[2025-08-20 17:47:06,950] [INFO] [app] - Создана категория: test_category (id=1)
[2025-08-20 17:47:06,956] [INFO] [app] - Получено 1 категорий
[2025-08-20 17:48:09,162] [INFO] [app] - Создана категория: Update Category bc5541 (id=1)
[2025-08-20 17:48:09,174] [INFO] [app] - Создание блога пользователем 1
[2025-08-20 17:48:09,661] [INFO] [app] - Получено 1 блогов)
[2025-08-20 17:48:10,176] [INFO] [app] - Создана категория: Update Category (id=2)
[2025-08-20 17:48:10,183] [INFO] [app] - Создана категория: Update Category 9c7a9e (id=3)
[2025-08-20 17:48:10,364] [INFO] [app] - Создана категория: test_category (id=1)
[2025-08-20 17:48:10,367] [INFO] [app] - Получено 1 категорий
[2025-08-20 17:48:37,445] [INFO] [app] - Создана категория: Update Category faca0e (id=1)
[2025-08-20 17:48:37,462] [INFO] [app] - Создание блога пользователем 1
[2025-08-20 17:48:37,720] [INFO] [app] - Получено 1 блогов)
[2025-08-20 17:48:38,243] [INFO] [app] - Создана категория: Update Category (id=2)
[2025-08-20 17:48:38,251] [INFO] [app] - Создана категория: Update Category 709599 (id=3)
[2025-08-20 17:48:38,440] [INFO] [app] - Создана категория: test_category (id=1)
[2025-08-20 17:48:38,443] [INFO] [app] - Получено 1 категорий
[2025-08-20 17:51:17,244] [INFO] [app] - Создана категория: Update Category 4bf11d (id=1)
[2025-08-20 17:51:17,258] [INFO] [app] - Создание блога пользователем 1
[2025-08-20 17:51:18,131] [INFO] [app] - Получено 1 блогов)
[2025-08-20 17:51:18,639] [INFO] [app] - Создана категория: Update Category 85d9fd (id=2)
[2025-08-20 17:51:18,814] [INFO] [app] - Создана категория: test_category (id=1)
[2025-08-20 17:51:18,817] [INFO] [app] - Получено 1 категорий
[2025-08-20 17:52:42,422] [INFO] [app] - Создана категория: Update Category 062648 (id=1)
[2025-08-20 17:52:42,435] [INFO] [app] - Создание блога пользователем 1
[2025-08-20 17:52:42,906] [INFO] [app] - Получено 1 блогов)
[2025-08-20 17:52:43,420] [INFO] [app] - Создана категория: Update Category 735594 (id=2)
[2025-08-20 17:52:43,589] [INFO] [app] - Создана категория: test_category (id=1)
[2025-08-20 17:52:43,592] [INFO] [app] - Получено 1 категорий
[2025-08-20 17:55:58,335] [INFO] [app] - Создана категория: Update Category 86dc8f (id=1)
[2025-08-20 17:55:58,346] [INFO] [app] - Создание блога пользователем 1
[2025-08-20 17:56:00,445] [INFO] [app] - Получено 1 блогов)
[2025-08-20 17:56:00,511] [INFO] [app] - Создана категория: test_category (id=1)
[2025-08-20 17:56:00,517] [INFO] [app] - Получено 1 категорий
[2025-08-20 17:57:01,667] [INFO] [app] - Создана категория: Update Category 918c1f (id=1)
[2025-08-20 17:57:01,682] [INFO] [app] - Создание блога пользователем 1
[2025-08-20 17:57:02,475] [INFO] [app] - Получено 1 блогов)
[2025-08-20 17:57:03,000] [INFO] [app] - Создана категория: Cat b9a7 (id=2)
[2025-08-20 17:57:03,156] [INFO] [app] - Создана категория: test_category (id=1)
[2025-08-20 17:57:03,159] [INFO] [app] - Получено 1 категорий
[2025-08-20 17:58:07,155] [INFO] [app] - Создана категория: Update Category 805367 (id=1)
[2025-08-20 17:58:07,174] [INFO] [app] - Создание блога пользователем 1
[2025-08-20 17:58:07,656] [INFO] [app] - Получено 1 блогов)
[2025-08-20 17:58:08,171] [INFO] [app] - Создана категория: Cat 8847 (id=2)
[2025-08-20 17:58:08,359] [INFO] [app] - Создана категория: test_category (id=1)
[2025-08-20 17:58:08,362] [INFO] [app] - Получено 1 категорий
[2025-08-20 17:59:41,890] [INFO] [app] - Создана категория: Update Category b65694 (id=1)
[2025-08-20 17:59:41,903] [INFO] [app] - Создание блога пользователем 1
[2025-08-20 17:59:43,228] [INFO] [app] - Получено 1 блогов)
[2025-08-20 17:59:43,851] [INFO] [app] - Создана категория: Cat 7cfa (id=2)
[2025-08-20 17:59:44,039] [INFO] [app] - Создана категория: test_category (id=1)
[2025-08-20 17:59:44,042] [INFO] [app] - Получено 1 категорий
[2025-08-20 17:59:58,474] [INFO] [app] - Создана категория: Update Category 411167 (id=1)
[2025-08-20 17:59:58,486] [INFO] [app] - Создание блога пользователем 1
[2025-08-20 17:59:58,726] [INFO] [app] - Получено 1 блогов)
[2025-08-20 17:59:59,249] [INFO] [app] - Создана категория: Cat 61f8 (id=2)
[2025-08-20 17:59:59,432] [INFO] [app] - Создана категория: test_category (id=1)
[2025-08-20 17:59:59,436] [INFO] [app] - Получено 1 категорий
[2025-08-20 18:02:46,201] [INFO] [app] - Создана категория: Update Category d60972 (id=1)
[2025-08-20 18:02:46,211] [ERROR] [app] - Неизвестная ошибка при создании блога: 'dict' object has no attribute 'id'
Traceback (most recent call last):
  File "/Users/alex/Desktop/Dev/api_mp/routers/blog.py", line 70, in create_blogs
    logger.info(f"Создание блога пользователем {current_user.id}")
AttributeError: 'dict' object has no attribute 'id'
[2025-08-20 18:02:46,422] [INFO] [app] - Создана категория: Cat 005f (id=6)
[2025-08-20 18:02:46,432] [ERROR] [app] - Неизвестная ошибка при создании блога: 'dict' object has no attribute 'id'
Traceback (most recent call last):
  File "/Users/alex/Desktop/Dev/api_mp/routers/blog.py", line 70, in create_blogs
    logger.info(f"Создание блога пользователем {current_user.id}")
AttributeError: 'dict' object has no attribute 'id'
[2025-08-20 18:02:46,459] [INFO] [app] - Создана категория: test_category (id=1)
[2025-08-20 18:02:46,462] [INFO] [app] - Получено 1 категорий
[2025-08-20 18:04:26,254] [INFO] [app] - Создана категория: Update Category 8e1f76 (id=1)
[2025-08-20 18:04:26,265] [ERROR] [app] - Неизвестная ошибка при создании блога: 'dict' object has no attribute 'id'
Traceback (most recent call last):
  File "/Users/alex/Desktop/Dev/api_mp/routers/blog.py", line 70, in create_blogs
    logger.info(f"Создание блога пользователем {current_user.id}")
AttributeError: 'dict' object has no attribute 'id'
[2025-08-20 18:04:26,451] [INFO] [app] - Создана категория: Cat e86c (id=7)
[2025-08-20 18:04:26,461] [ERROR] [app] - Неизвестная ошибка при создании блога: 'dict' object has no attribute 'id'
Traceback (most recent call last):
  File "/Users/alex/Desktop/Dev/api_mp/routers/blog.py", line 70, in create_blogs
    logger.info(f"Создание блога пользователем {current_user.id}")
AttributeError: 'dict' object has no attribute 'id'
[2025-08-20 18:04:26,490] [INFO] [app] - Создана категория: test_category (id=1)
[2025-08-20 18:04:26,493] [INFO] [app] - Получено 1 категорий
[2025-08-20 18:06:11,301] [INFO] [app] - Создана категория: Update Category a41932 (id=1)
[2025-08-20 18:06:11,315] [INFO] [app] - Создание блога пользователем 1
[2025-08-20 18:06:13,369] [INFO] [app] - Получено 1 блогов)
[2025-08-20 18:06:13,872] [INFO] [app] - Создана категория: Cat 7aa6 (id=2)
[2025-08-20 18:06:14,035] [INFO] [app] - Создана категория: test_category (id=1)
[2025-08-20 18:06:14,038] [INFO] [app] - Получено 1 категорий
[2025-08-20 18:11:32,461] [INFO] [app] - Создана категория: Update Category 47ec72 (id=1)
[2025-08-20 18:11:32,476] [INFO] [app] - Создание блога пользователем 1
[2025-08-20 18:11:33,043] [INFO] [app] - Получено 1 блогов)
[2025-08-20 18:11:33,549] [INFO] [app] - Создана категория: Cat 844b (id=2)
[2025-08-20 18:11:33,711] [INFO] [app] - Создана категория: test_category (id=1)
[2025-08-20 18:11:33,714] [INFO] [app] - Получено 1 категорий
[2025-08-20 18:16:37,499] [INFO] [app] - Создана категория: Update Category 8708dd (id=1)
[2025-08-20 18:16:37,516] [INFO] [app] - Создание блога пользователем 1
[2025-08-20 18:16:38,401] [INFO] [app] - Получено 1 блогов)
[2025-08-20 18:16:38,917] [INFO] [app] - Создана категория: Cat aee6 (id=2)
[2025-08-20 18:16:39,101] [INFO] [app] - Создана категория: test_category (id=1)
[2025-08-20 18:16:39,104] [INFO] [app] - Получено 1 категорий
[2025-08-20 18:17:21,170] [INFO] [app] - Создана категория: Update Category adb574 (id=1)
[2025-08-20 18:17:21,183] [INFO] [app] - Создание блога пользователем 1
[2025-08-20 18:17:21,472] [INFO] [app] - Получено 1 блогов)
[2025-08-20 18:17:21,995] [INFO] [app] - Создана категория: Cat 210a (id=2)
[2025-08-20 18:17:22,175] [INFO] [app] - Создана категория: test_category (id=1)
[2025-08-20 18:17:22,178] [INFO] [app] - Получено 1 категорий
[2025-08-20 18:24:30,522] [INFO] [app] - Создана категория: test_category (id=1)
[2025-08-20 18:24:30,526] [INFO] [app] - Получено 1 категорий
[2025-08-20 18:31:24,459] [ERROR] [app] - Глобальная ошибка на POST /auth/register: [Errno 61] Connection refused
Traceback (most recent call last):
  File "/Users/alex/Desktop/Dev/api_mp/venv/lib/python3.9/site-packages/kombu/utils/functional.py", line 32, in __call__
    return self.__value__
AttributeError: 'ChannelPromise' object has no attribute '__value__'

During handling of the above exception, another exception occurred:

Traceback (most recent call last):
  File "/Users/alex/Desktop/Dev/api_mp/venv/lib/python3.9/site-packages/kombu/connection.py", line 472, in _reraise_as_library_errors
    yield
  File "/Users/alex/Desktop/Dev/api_mp/venv/lib/python3.9/site-packages/kombu/connection.py", line 459, in _ensure_connection
    return retry_over_time(
  File "/Users/alex/Desktop/Dev/api_mp/venv/lib/python3.9/site-packages/kombu/utils/functional.py", line 318, in retry_over_time
    return fun(*args, **kwargs)
  File "/Users/alex/Desktop/Dev/api_mp/venv/lib/python3.9/site-packages/kombu/connection.py", line 938, in _connection_factory
    self._connection = self._establish_connection()
  File "/Users/alex/Desktop/Dev/api_mp/venv/lib/python3.9/site-packages/kombu/connection.py", line 860, in _establish_connection
    conn = self.transport.establish_connection()
  File "/Users/alex/Desktop/Dev/api_mp/venv/lib/python3.9/site-packages/kombu/transport/pyamqp.py", line 203, in establish_connection
    conn.connect()
  File "/Users/alex/Desktop/Dev/api_mp/venv/lib/python3.9/site-packages/amqp/connection.py", line 324, in connect
    self.transport.connect()
  File "/Users/alex/Desktop/Dev/api_mp/venv/lib/python3.9/site-packages/amqp/transport.py", line 132, in connect
    self._connect(self.host, self.port, self.connect_timeout)
  File "/Users/alex/Desktop/Dev/api_mp/venv/lib/python3.9/site-packages/amqp/transport.py", line 187, in _connect
    self.sock.connect(sa)
ConnectionRefusedError: [Errno 61] Connection refused

The above exception was the direct cause of the following exception:

Traceback (most recent call last):
  File "/Users/alex/Desktop/Dev/api_mp/venv/lib/python3.9/site-packages/starlette/middleware/errors.py", line 164, in __call__
    await self.app(scope, receive, _send)
  File "/Users/alex/Desktop/Dev/api_mp/venv/lib/python3.9/site-packages/starlette/middleware/base.py", line 187, in __call__
    recv_stream.close()
  File "/Library/Developer/CommandLineTools/Library/Frameworks/Python3.framework/Versions/3.9/lib/python3.9/contextlib.py", line 135, in __exit__
    self.gen.throw(type, value, traceback)
  File "/Users/alex/Desktop/Dev/api_mp/venv/lib/python3.9/site-packages/starlette/_utils.py", line 83, in collapse_excgroups
    raise exc
  File "/Users/alex/Desktop/Dev/api_mp/venv/lib/python3.9/site-packages/starlette/middleware/base.py", line 184, in __call__
    response = await self.dispatch_func(request, call_next)
  File "/Users/alex/Desktop/Dev/api_mp/middleware/auth.py", line 22, in dispatch
    response = await call_next(request)
  File "/Users/alex/Desktop/Dev/api_mp/venv/lib/python3.9/site-packages/starlette/middleware/base.py", line 159, in call_next
    raise app_exc
  File "/Users/alex/Desktop/Dev/api_mp/venv/lib/python3.9/site-packages/starlette/middleware/base.py", line 144, in coro
    await self.app(scope, receive_or_disconnect, send_no_error)
  File "/Users/alex/Desktop/Dev/api_mp/venv/lib/python3.9/site-packages/starlette/middleware/exceptions.py", line 63, in __call__
    await wrap_app_handling_exceptions(self.app, conn)(scope, receive, send)
  File "/Users/alex/Desktop/Dev/api_mp/venv/lib/python3.9/site-packages/starlette/_exception_handler.py", line 53, in wrapped_app
    raise exc
  File "/Users/alex/Desktop/Dev/api_mp/venv/lib/python3.9/site-packages/starlette/_exception_handler.py", line 42, in wrapped_app
    await app(scope, receive, sender)
  File "/Users/alex/Desktop/Dev/api_mp/venv/lib/python3.9/site-packages/starlette/routing.py", line 716, in __call__
    await self.middleware_stack(scope, receive, send)
  File "/Users/alex/Desktop/Dev/api_mp/venv/lib/python3.9/site-packages/starlette/routing.py", line 736, in app
    await route.handle(scope, receive, send)
  File "/Users/alex/Desktop/Dev/api_mp/venv/lib/python3.9/site-packages/starlette/routing.py", line 290, in handle
    await self.app(scope, receive, send)
  File "/Users/alex/Desktop/Dev/api_mp/venv/lib/python3.9/site-packages/starlette/routing.py", line 78, in app
    await wrap_app_handling_exceptions(app, request)(scope, receive, send)
  File "/Users/alex/Desktop/Dev/api_mp/venv/lib/python3.9/site-packages/starlette/_exception_handler.py", line 53, in wrapped_app
    raise exc
  File "/Users/alex/Desktop/Dev/api_mp/venv/lib/python3.9/site-packages/starlette/_exception_handler.py", line 42, in wrapped_app
    await app(scope, receive, sender)
  File "/Users/alex/Desktop/Dev/api_mp/venv/lib/python3.9/site-packages/starlette/routing.py", line 75, in app
    response = await f(request)
  File "/Users/alex/Desktop/Dev/api_mp/venv/lib/python3.9/site-packages/fastapi/routing.py", line 302, in app
    raw_response = await run_endpoint_function(
  File "/Users/alex/Desktop/Dev/api_mp/venv/lib/python3.9/site-packages/fastapi/routing.py", line 213, in run_endpoint_function
    return await dependant.call(**values)
  File "/Users/alex/Desktop/Dev/api_mp/routers/auth.py", line 45, in register
    send_registration_email.delay(user.email, user.name)
  File "/Users/alex/Desktop/Dev/api_mp/venv/lib/python3.9/site-packages/celery/app/task.py", line 444, in delay
    return self.apply_async(args, kwargs)
  File "/Users/alex/Desktop/Dev/api_mp/venv/lib/python3.9/site-packages/celery/app/task.py", line 601, in apply_async
    return app.send_task(
  File "/Users/alex/Desktop/Dev/api_mp/venv/lib/python3.9/site-packages/celery/app/base.py", line 929, in send_task
    self.backend.on_task_call(P, task_id)
  File "/Users/alex/Desktop/Dev/api_mp/venv/lib/python3.9/site-packages/celery/backends/rpc.py", line 164, in on_task_call
    maybe_declare(self.binding(producer.channel), retry=True)
  File "/Users/alex/Desktop/Dev/api_mp/venv/lib/python3.9/site-packages/kombu/messaging.py", line 224, in _get_channel
    channel = self._channel = channel()
  File "/Users/alex/Desktop/Dev/api_mp/venv/lib/python3.9/site-packages/kombu/utils/functional.py", line 34, in __call__
    value = self.__value__ = self.__contract__()
  File "/Users/alex/Desktop/Dev/api_mp/venv/lib/python3.9/site-packages/kombu/messaging.py", line 240, in <lambda>
    channel = ChannelPromise(lambda: connection.default_channel)
  File "/Users/alex/Desktop/Dev/api_mp/venv/lib/python3.9/site-packages/kombu/connection.py", line 957, in default_channel
    self._ensure_connection(**conn_opts)
  File "/Users/alex/Desktop/Dev/api_mp/venv/lib/python3.9/site-packages/kombu/connection.py", line 459, in _ensure_connection
    return retry_over_time(
  File "/Library/Developer/CommandLineTools/Library/Frameworks/Python3.framework/Versions/3.9/lib/python3.9/contextlib.py", line 135, in __exit__
    self.gen.throw(type, value, traceback)
  File "/Users/alex/Desktop/Dev/api_mp/venv/lib/python3.9/site-packages/kombu/connection.py", line 476, in _reraise_as_library_errors
    raise ConnectionError(str(exc)) from exc
kombu.exceptions.OperationalError: [Errno 61] Connection refused
[2025-08-20 18:31:25,790] [INFO] [app] - Создана категория: test_category (id=1)
[2025-08-20 18:31:25,794] [INFO] [app] - Получено 1 категорий
[2025-08-20 18:32:43,601] [INFO] [app] - Создана категория: Update Category 78ce79 (id=1)
[2025-08-20 18:32:43,615] [INFO] [app] - Создание блога пользователем 1
[2025-08-20 18:32:44,241] [INFO] [app] - Получено 1 блогов)
[2025-08-20 18:32:44,764] [INFO] [app] - Создана категория: Cat ee88 (id=2)
[2025-08-20 18:32:44,974] [INFO] [app] - Создана категория: test_category (id=1)
[2025-08-20 18:32:44,977] [INFO] [app] - Получено 1 категорий
[2025-08-20 18:33:13,669] [INFO] [app] - Создана категория: Update Category 278ac4 (id=1)
[2025-08-20 18:33:13,681] [INFO] [app] - Создание блога пользователем 1
[2025-08-20 18:33:14,585] [INFO] [app] - Создана категория: Cat f6e6 (id=2)
[2025-08-20 18:33:14,636] [INFO] [app] - Создана категория: test_category (id=1)
[2025-08-20 18:33:14,640] [INFO] [app] - Получено 1 категорий
[2025-08-20 18:34:31,579] [INFO] [app] - Создана категория: Update Category 80f6a4 (id=1)
[2025-08-20 18:34:31,591] [INFO] [app] - Создание блога пользователем 1
[2025-08-20 18:34:32,073] [INFO] [app] - Получено 1 блогов)
[2025-08-20 18:34:32,598] [INFO] [app] - Создана категория: Cat b3bb (id=2)
[2025-08-20 18:34:32,767] [INFO] [app] - Создана категория: test_category (id=1)
[2025-08-20 18:34:32,772] [INFO] [app] - Получено 1 категорий
[2025-08-20 18:34:48,998] [INFO] [app] - Создана категория: Update Category 7ad53b (id=1)
[2025-08-20 18:34:49,011] [INFO] [app] - Создание блога пользователем 1
[2025-08-20 18:34:49,231] [INFO] [app] - Получено 1 блогов)
[2025-08-20 18:34:49,776] [INFO] [app] - Создана категория: Cat 9c1e (id=1)
[2025-08-20 18:34:49,943] [INFO] [app] - Создана категория: test_category (id=1)
[2025-08-20 18:34:49,946] [INFO] [app] - Получено 1 категорий
[2025-08-20 18:35:47,858] [INFO] [app] - Создана категория: Update Category a08bf1 (id=1)
[2025-08-20 18:35:47,870] [INFO] [app] - Создание блога пользователем 1
[2025-08-20 18:35:48,690] [INFO] [app] - Получено 1 блогов)
[2025-08-20 18:35:49,238] [INFO] [app] - Создана категория: Cat 55e8 (id=1)
[2025-08-20 18:35:49,427] [INFO] [app] - Создана категория: test_category (id=1)
[2025-08-20 18:35:49,430] [INFO] [app] - Получено 1 категорий
[2025-08-20 18:38:54,464] [INFO] [app] - Создана категория: Update Category 41d317 (id=1)
[2025-08-20 18:38:54,479] [INFO] [app] - Создание блога пользователем 1
[2025-08-20 18:38:54,957] [INFO] [app] - Получено 1 блогов)
[2025-08-20 18:38:55,624] [INFO] [app] - Создана категория: Cat d5f8 (id=1)
[2025-08-20 18:38:55,790] [INFO] [app] - Создана категория: test_category (id=1)
[2025-08-20 18:38:55,793] [INFO] [app] - Получено 1 категорий
[2025-08-20 19:02:24,964] [INFO] [app] - Создана категория: Update Category 824427 (id=1)
[2025-08-20 19:02:24,976] [INFO] [app] - Создание блога пользователем 1
[2025-08-20 19:02:25,559] [INFO] [app] - Получено 1 блогов)
[2025-08-20 19:02:26,098] [INFO] [app] - Создана категория: Cat d1f0 (id=1)
[2025-08-20 19:02:26,270] [INFO] [app] - Создана категория: test_category (id=1)
[2025-08-20 19:02:26,273] [INFO] [app] - Получено 1 категорий
[2025-08-21 12:33:49,918] [INFO] [app] - Создана категория: Cat 35ff (id=1)
[2025-08-21 12:33:49,931] [INFO] [app] - Создание блога пользователем 1
[2025-08-21 12:33:50,755] [INFO] [app] - Создана категория: test_category (id=1)
[2025-08-21 12:33:50,758] [INFO] [app] - Получено 1 категорий
[2025-08-21 12:38:23,869] [INFO] [app] - Создана категория: Cat 5667 (id=1)
[2025-08-21 12:38:23,881] [INFO] [app] - Создание блога пользователем 1
[2025-08-21 12:38:24,493] [INFO] [app] - Создана категория: test_category (id=1)
[2025-08-21 12:38:24,496] [INFO] [app] - Получено 1 категорий
[2025-08-21 12:40:33,903] [INFO] [app] - Создана категория: Cat 5679 (id=1)
[2025-08-21 12:40:33,919] [INFO] [app] - Создание блога пользователем 1
[2025-08-21 12:40:34,669] [INFO] [app] - Создана категория: test_category (id=1)
[2025-08-21 12:40:34,672] [INFO] [app] - Получено 1 категорий
[2025-08-21 12:43:11,767] [INFO] [app] - Создана категория: Cat 3e6d (id=1)
[2025-08-21 12:43:11,784] [INFO] [app] - Создание блога пользователем 1
[2025-08-21 12:43:12,276] [ERROR] [app] - Ошибка при коммите обновления в БД (sqlite3.IntegrityError) NOT NULL constraint failed: blogs.slug
[SQL: UPDATE blogs SET title=?, text=?, slug=?, updated_at=CURRENT_TIMESTAMP, category_id=? WHERE blogs.id = ?]
[parameters: ('Updated Title', 'updated text', None, None, 1)]
(Background on this error at: https://sqlalche.me/e/20/gkpj)
Traceback (most recent call last):
  File "/Users/alex/Desktop/Dev/api_mp/venv/lib/python3.9/site-packages/sqlalchemy/engine/base.py", line 1963, in _exec_single_context
    self.dialect.do_execute(
  File "/Users/alex/Desktop/Dev/api_mp/venv/lib/python3.9/site-packages/sqlalchemy/engine/default.py", line 943, in do_execute
    cursor.execute(statement, parameters)
  File "/Users/alex/Desktop/Dev/api_mp/venv/lib/python3.9/site-packages/sqlalchemy/dialects/sqlite/aiosqlite.py", line 149, in execute
    self._adapt_connection._handle_exception(error)
  File "/Users/alex/Desktop/Dev/api_mp/venv/lib/python3.9/site-packages/sqlalchemy/dialects/sqlite/aiosqlite.py", line 300, in _handle_exception
    raise error
  File "/Users/alex/Desktop/Dev/api_mp/venv/lib/python3.9/site-packages/sqlalchemy/dialects/sqlite/aiosqlite.py", line 131, in execute
    self.await_(_cursor.execute(operation, parameters))
  File "/Users/alex/Desktop/Dev/api_mp/venv/lib/python3.9/site-packages/sqlalchemy/util/_concurrency_py3k.py", line 132, in await_only
    return current.parent.switch(awaitable)  # type: ignore[no-any-return,attr-defined] # noqa: E501
  File "/Users/alex/Desktop/Dev/api_mp/venv/lib/python3.9/site-packages/sqlalchemy/util/_concurrency_py3k.py", line 196, in greenlet_spawn
    value = await result
  File "/Users/alex/Desktop/Dev/api_mp/venv/lib/python3.9/site-packages/aiosqlite/cursor.py", line 40, in execute
    await self._execute(self._cursor.execute, sql, parameters)
  File "/Users/alex/Desktop/Dev/api_mp/venv/lib/python3.9/site-packages/aiosqlite/cursor.py", line 32, in _execute
    return await self._conn._execute(fn, *args, **kwargs)
  File "/Users/alex/Desktop/Dev/api_mp/venv/lib/python3.9/site-packages/aiosqlite/core.py", line 122, in _execute
    return await future
  File "/Users/alex/Desktop/Dev/api_mp/venv/lib/python3.9/site-packages/aiosqlite/core.py", line 105, in run
    result = function()
sqlite3.IntegrityError: NOT NULL constraint failed: blogs.slug

The above exception was the direct cause of the following exception:

Traceback (most recent call last):
  File "/Users/alex/Desktop/Dev/api_mp/services/blog.py", line 161, in update_blog
    await session.commit()
  File "/Users/alex/Desktop/Dev/api_mp/venv/lib/python3.9/site-packages/sqlalchemy/ext/asyncio/session.py", line 1014, in commit
    await greenlet_spawn(self.sync_session.commit)
  File "/Users/alex/Desktop/Dev/api_mp/venv/lib/python3.9/site-packages/sqlalchemy/util/_concurrency_py3k.py", line 203, in greenlet_spawn
    result = context.switch(value)
  File "/Users/alex/Desktop/Dev/api_mp/venv/lib/python3.9/site-packages/sqlalchemy/orm/session.py", line 2032, in commit
    trans.commit(_to_root=True)
  File "<string>", line 2, in commit
  File "/Users/alex/Desktop/Dev/api_mp/venv/lib/python3.9/site-packages/sqlalchemy/orm/state_changes.py", line 139, in _go
    ret_value = fn(self, *arg, **kw)
  File "/Users/alex/Desktop/Dev/api_mp/venv/lib/python3.9/site-packages/sqlalchemy/orm/session.py", line 1313, in commit
    self._prepare_impl()
  File "<string>", line 2, in _prepare_impl
  File "/Users/alex/Desktop/Dev/api_mp/venv/lib/python3.9/site-packages/sqlalchemy/orm/state_changes.py", line 139, in _go
    ret_value = fn(self, *arg, **kw)
  File "/Users/alex/Desktop/Dev/api_mp/venv/lib/python3.9/site-packages/sqlalchemy/orm/session.py", line 1288, in _prepare_impl
    self.session.flush()
  File "/Users/alex/Desktop/Dev/api_mp/venv/lib/python3.9/site-packages/sqlalchemy/orm/session.py", line 4345, in flush
    self._flush(objects)
  File "/Users/alex/Desktop/Dev/api_mp/venv/lib/python3.9/site-packages/sqlalchemy/orm/session.py", line 4481, in _flush
    transaction.rollback(_capture_exception=True)
  File "/Users/alex/Desktop/Dev/api_mp/venv/lib/python3.9/site-packages/sqlalchemy/util/langhelpers.py", line 224, in __exit__
    raise exc_value.with_traceback(exc_tb)
  File "/Users/alex/Desktop/Dev/api_mp/venv/lib/python3.9/site-packages/sqlalchemy/orm/session.py", line 4441, in _flush
    flush_context.execute()
  File "/Users/alex/Desktop/Dev/api_mp/venv/lib/python3.9/site-packages/sqlalchemy/orm/unitofwork.py", line 466, in execute
    rec.execute(self)
  File "/Users/alex/Desktop/Dev/api_mp/venv/lib/python3.9/site-packages/sqlalchemy/orm/unitofwork.py", line 642, in execute
    util.preloaded.orm_persistence.save_obj(
  File "/Users/alex/Desktop/Dev/api_mp/venv/lib/python3.9/site-packages/sqlalchemy/orm/persistence.py", line 85, in save_obj
    _emit_update_statements(
  File "/Users/alex/Desktop/Dev/api_mp/venv/lib/python3.9/site-packages/sqlalchemy/orm/persistence.py", line 912, in _emit_update_statements
    c = connection.execute(
  File "/Users/alex/Desktop/Dev/api_mp/venv/lib/python3.9/site-packages/sqlalchemy/engine/base.py", line 1415, in execute
    return meth(
  File "/Users/alex/Desktop/Dev/api_mp/venv/lib/python3.9/site-packages/sqlalchemy/sql/elements.py", line 523, in _execute_on_connection
    return connection._execute_clauseelement(
  File "/Users/alex/Desktop/Dev/api_mp/venv/lib/python3.9/site-packages/sqlalchemy/engine/base.py", line 1637, in _execute_clauseelement
    ret = self._execute_context(
  File "/Users/alex/Desktop/Dev/api_mp/venv/lib/python3.9/site-packages/sqlalchemy/engine/base.py", line 1842, in _execute_context
    return self._exec_single_context(
  File "/Users/alex/Desktop/Dev/api_mp/venv/lib/python3.9/site-packages/sqlalchemy/engine/base.py", line 1982, in _exec_single_context
    self._handle_dbapi_exception(
  File "/Users/alex/Desktop/Dev/api_mp/venv/lib/python3.9/site-packages/sqlalchemy/engine/base.py", line 2351, in _handle_dbapi_exception
    raise sqlalchemy_exception.with_traceback(exc_info[2]) from e
  File "/Users/alex/Desktop/Dev/api_mp/venv/lib/python3.9/site-packages/sqlalchemy/engine/base.py", line 1963, in _exec_single_context
    self.dialect.do_execute(
  File "/Users/alex/Desktop/Dev/api_mp/venv/lib/python3.9/site-packages/sqlalchemy/engine/default.py", line 943, in do_execute
    cursor.execute(statement, parameters)
  File "/Users/alex/Desktop/Dev/api_mp/venv/lib/python3.9/site-packages/sqlalchemy/dialects/sqlite/aiosqlite.py", line 149, in execute
    self._adapt_connection._handle_exception(error)
  File "/Users/alex/Desktop/Dev/api_mp/venv/lib/python3.9/site-packages/sqlalchemy/dialects/sqlite/aiosqlite.py", line 300, in _handle_exception
    raise error
  File "/Users/alex/Desktop/Dev/api_mp/venv/lib/python3.9/site-packages/sqlalchemy/dialects/sqlite/aiosqlite.py", line 131, in execute
    self.await_(_cursor.execute(operation, parameters))
  File "/Users/alex/Desktop/Dev/api_mp/venv/lib/python3.9/site-packages/sqlalchemy/util/_concurrency_py3k.py", line 132, in await_only
    return current.parent.switch(awaitable)  # type: ignore[no-any-return,attr-defined] # noqa: E501
  File "/Users/alex/Desktop/Dev/api_mp/venv/lib/python3.9/site-packages/sqlalchemy/util/_concurrency_py3k.py", line 196, in greenlet_spawn
    value = await result
  File "/Users/alex/Desktop/Dev/api_mp/venv/lib/python3.9/site-packages/aiosqlite/cursor.py", line 40, in execute
    await self._execute(self._cursor.execute, sql, parameters)
  File "/Users/alex/Desktop/Dev/api_mp/venv/lib/python3.9/site-packages/aiosqlite/cursor.py", line 32, in _execute
    return await self._conn._execute(fn, *args, **kwargs)
  File "/Users/alex/Desktop/Dev/api_mp/venv/lib/python3.9/site-packages/aiosqlite/core.py", line 122, in _execute
    return await future
  File "/Users/alex/Desktop/Dev/api_mp/venv/lib/python3.9/site-packages/aiosqlite/core.py", line 105, in run
    result = function()
sqlalchemy.exc.IntegrityError: (sqlite3.IntegrityError) NOT NULL constraint failed: blogs.slug
[SQL: UPDATE blogs SET title=?, text=?, slug=?, updated_at=CURRENT_TIMESTAMP, category_id=? WHERE blogs.id = ?]
[parameters: ('Updated Title', 'updated text', None, None, 1)]
(Background on this error at: https://sqlalche.me/e/20/gkpj)
[2025-08-21 12:43:12,368] [ERROR] [app] - Глобальная ошибка на PUT /blogs/1: (sqlite3.IntegrityError) NOT NULL constraint failed: blogs.slug
[SQL: UPDATE blogs SET title=?, text=?, slug=?, updated_at=CURRENT_TIMESTAMP, category_id=? WHERE blogs.id = ?]
[parameters: ('Updated Title', 'updated text', None, None, 1)]
(Background on this error at: https://sqlalche.me/e/20/gkpj)
Traceback (most recent call last):
  File "/Users/alex/Desktop/Dev/api_mp/venv/lib/python3.9/site-packages/sqlalchemy/engine/base.py", line 1963, in _exec_single_context
    self.dialect.do_execute(
  File "/Users/alex/Desktop/Dev/api_mp/venv/lib/python3.9/site-packages/sqlalchemy/engine/default.py", line 943, in do_execute
    cursor.execute(statement, parameters)
  File "/Users/alex/Desktop/Dev/api_mp/venv/lib/python3.9/site-packages/sqlalchemy/dialects/sqlite/aiosqlite.py", line 149, in execute
    self._adapt_connection._handle_exception(error)
  File "/Users/alex/Desktop/Dev/api_mp/venv/lib/python3.9/site-packages/sqlalchemy/dialects/sqlite/aiosqlite.py", line 300, in _handle_exception
    raise error
  File "/Users/alex/Desktop/Dev/api_mp/venv/lib/python3.9/site-packages/sqlalchemy/dialects/sqlite/aiosqlite.py", line 131, in execute
    self.await_(_cursor.execute(operation, parameters))
  File "/Users/alex/Desktop/Dev/api_mp/venv/lib/python3.9/site-packages/sqlalchemy/util/_concurrency_py3k.py", line 132, in await_only
    return current.parent.switch(awaitable)  # type: ignore[no-any-return,attr-defined] # noqa: E501
  File "/Users/alex/Desktop/Dev/api_mp/venv/lib/python3.9/site-packages/sqlalchemy/util/_concurrency_py3k.py", line 196, in greenlet_spawn
    value = await result
  File "/Users/alex/Desktop/Dev/api_mp/venv/lib/python3.9/site-packages/aiosqlite/cursor.py", line 40, in execute
    await self._execute(self._cursor.execute, sql, parameters)
  File "/Users/alex/Desktop/Dev/api_mp/venv/lib/python3.9/site-packages/aiosqlite/cursor.py", line 32, in _execute
    return await self._conn._execute(fn, *args, **kwargs)
  File "/Users/alex/Desktop/Dev/api_mp/venv/lib/python3.9/site-packages/aiosqlite/core.py", line 122, in _execute
    return await future
  File "/Users/alex/Desktop/Dev/api_mp/venv/lib/python3.9/site-packages/aiosqlite/core.py", line 105, in run
    result = function()
sqlite3.IntegrityError: NOT NULL constraint failed: blogs.slug

The above exception was the direct cause of the following exception:

Traceback (most recent call last):
  File "/Users/alex/Desktop/Dev/api_mp/venv/lib/python3.9/site-packages/starlette/middleware/errors.py", line 164, in __call__
    await self.app(scope, receive, _send)
  File "/Users/alex/Desktop/Dev/api_mp/venv/lib/python3.9/site-packages/starlette/middleware/base.py", line 187, in __call__
    recv_stream.close()
  File "/Library/Developer/CommandLineTools/Library/Frameworks/Python3.framework/Versions/3.9/lib/python3.9/contextlib.py", line 135, in __exit__
    self.gen.throw(type, value, traceback)
  File "/Users/alex/Desktop/Dev/api_mp/venv/lib/python3.9/site-packages/starlette/_utils.py", line 83, in collapse_excgroups
    raise exc
  File "/Users/alex/Desktop/Dev/api_mp/venv/lib/python3.9/site-packages/starlette/middleware/base.py", line 184, in __call__
    response = await self.dispatch_func(request, call_next)
  File "/Users/alex/Desktop/Dev/api_mp/middleware/auth.py", line 22, in dispatch
    response = await call_next(request)
  File "/Users/alex/Desktop/Dev/api_mp/venv/lib/python3.9/site-packages/starlette/middleware/base.py", line 159, in call_next
    raise app_exc
  File "/Users/alex/Desktop/Dev/api_mp/venv/lib/python3.9/site-packages/starlette/middleware/base.py", line 144, in coro
    await self.app(scope, receive_or_disconnect, send_no_error)
  File "/Users/alex/Desktop/Dev/api_mp/venv/lib/python3.9/site-packages/starlette/middleware/exceptions.py", line 63, in __call__
    await wrap_app_handling_exceptions(self.app, conn)(scope, receive, send)
  File "/Users/alex/Desktop/Dev/api_mp/venv/lib/python3.9/site-packages/starlette/_exception_handler.py", line 53, in wrapped_app
    raise exc
  File "/Users/alex/Desktop/Dev/api_mp/venv/lib/python3.9/site-packages/starlette/_exception_handler.py", line 42, in wrapped_app
    await app(scope, receive, sender)
  File "/Users/alex/Desktop/Dev/api_mp/venv/lib/python3.9/site-packages/starlette/routing.py", line 716, in __call__
    await self.middleware_stack(scope, receive, send)
  File "/Users/alex/Desktop/Dev/api_mp/venv/lib/python3.9/site-packages/starlette/routing.py", line 736, in app
    await route.handle(scope, receive, send)
  File "/Users/alex/Desktop/Dev/api_mp/venv/lib/python3.9/site-packages/starlette/routing.py", line 290, in handle
    await self.app(scope, receive, send)
  File "/Users/alex/Desktop/Dev/api_mp/venv/lib/python3.9/site-packages/starlette/routing.py", line 78, in app
    await wrap_app_handling_exceptions(app, request)(scope, receive, send)
  File "/Users/alex/Desktop/Dev/api_mp/venv/lib/python3.9/site-packages/starlette/_exception_handler.py", line 53, in wrapped_app
    raise exc
  File "/Users/alex/Desktop/Dev/api_mp/venv/lib/python3.9/site-packages/starlette/_exception_handler.py", line 42, in wrapped_app
    await app(scope, receive, sender)
  File "/Users/alex/Desktop/Dev/api_mp/venv/lib/python3.9/site-packages/starlette/routing.py", line 75, in app
    response = await f(request)
  File "/Users/alex/Desktop/Dev/api_mp/venv/lib/python3.9/site-packages/fastapi/routing.py", line 302, in app
    raw_response = await run_endpoint_function(
  File "/Users/alex/Desktop/Dev/api_mp/venv/lib/python3.9/site-packages/fastapi/routing.py", line 213, in run_endpoint_function
    return await dependant.call(**values)
  File "/Users/alex/Desktop/Dev/api_mp/routers/blog.py", line 137, in update_blog_view
    updated_blog = await update_blog(
  File "/Users/alex/Desktop/Dev/api_mp/services/blog.py", line 161, in update_blog
    await session.commit()
  File "/Users/alex/Desktop/Dev/api_mp/venv/lib/python3.9/site-packages/sqlalchemy/ext/asyncio/session.py", line 1014, in commit
    await greenlet_spawn(self.sync_session.commit)
  File "/Users/alex/Desktop/Dev/api_mp/venv/lib/python3.9/site-packages/sqlalchemy/util/_concurrency_py3k.py", line 203, in greenlet_spawn
    result = context.switch(value)
  File "/Users/alex/Desktop/Dev/api_mp/venv/lib/python3.9/site-packages/sqlalchemy/orm/session.py", line 2032, in commit
    trans.commit(_to_root=True)
  File "<string>", line 2, in commit
  File "/Users/alex/Desktop/Dev/api_mp/venv/lib/python3.9/site-packages/sqlalchemy/orm/state_changes.py", line 139, in _go
    ret_value = fn(self, *arg, **kw)
  File "/Users/alex/Desktop/Dev/api_mp/venv/lib/python3.9/site-packages/sqlalchemy/orm/session.py", line 1313, in commit
    self._prepare_impl()
  File "<string>", line 2, in _prepare_impl
  File "/Users/alex/Desktop/Dev/api_mp/venv/lib/python3.9/site-packages/sqlalchemy/orm/state_changes.py", line 139, in _go
    ret_value = fn(self, *arg, **kw)
  File "/Users/alex/Desktop/Dev/api_mp/venv/lib/python3.9/site-packages/sqlalchemy/orm/session.py", line 1288, in _prepare_impl
    self.session.flush()
  File "/Users/alex/Desktop/Dev/api_mp/venv/lib/python3.9/site-packages/sqlalchemy/orm/session.py", line 4345, in flush
    self._flush(objects)
  File "/Users/alex/Desktop/Dev/api_mp/venv/lib/python3.9/site-packages/sqlalchemy/orm/session.py", line 4481, in _flush
    transaction.rollback(_capture_exception=True)
  File "/Users/alex/Desktop/Dev/api_mp/venv/lib/python3.9/site-packages/sqlalchemy/util/langhelpers.py", line 224, in __exit__
    raise exc_value.with_traceback(exc_tb)
  File "/Users/alex/Desktop/Dev/api_mp/venv/lib/python3.9/site-packages/sqlalchemy/orm/session.py", line 4441, in _flush
    flush_context.execute()
  File "/Users/alex/Desktop/Dev/api_mp/venv/lib/python3.9/site-packages/sqlalchemy/orm/unitofwork.py", line 466, in execute
    rec.execute(self)
  File "/Users/alex/Desktop/Dev/api_mp/venv/lib/python3.9/site-packages/sqlalchemy/orm/unitofwork.py", line 642, in execute
    util.preloaded.orm_persistence.save_obj(
  File "/Users/alex/Desktop/Dev/api_mp/venv/lib/python3.9/site-packages/sqlalchemy/orm/persistence.py", line 85, in save_obj
    _emit_update_statements(
  File "/Users/alex/Desktop/Dev/api_mp/venv/lib/python3.9/site-packages/sqlalchemy/orm/persistence.py", line 912, in _emit_update_statements
    c = connection.execute(
  File "/Users/alex/Desktop/Dev/api_mp/venv/lib/python3.9/site-packages/sqlalchemy/engine/base.py", line 1415, in execute
    return meth(
  File "/Users/alex/Desktop/Dev/api_mp/venv/lib/python3.9/site-packages/sqlalchemy/sql/elements.py", line 523, in _execute_on_connection
    return connection._execute_clauseelement(
  File "/Users/alex/Desktop/Dev/api_mp/venv/lib/python3.9/site-packages/sqlalchemy/engine/base.py", line 1637, in _execute_clauseelement
    ret = self._execute_context(
  File "/Users/alex/Desktop/Dev/api_mp/venv/lib/python3.9/site-packages/sqlalchemy/engine/base.py", line 1842, in _execute_context
    return self._exec_single_context(
  File "/Users/alex/Desktop/Dev/api_mp/venv/lib/python3.9/site-packages/sqlalchemy/engine/base.py", line 1982, in _exec_single_context
    self._handle_dbapi_exception(
  File "/Users/alex/Desktop/Dev/api_mp/venv/lib/python3.9/site-packages/sqlalchemy/engine/base.py", line 2351, in _handle_dbapi_exception
    raise sqlalchemy_exception.with_traceback(exc_info[2]) from e
  File "/Users/alex/Desktop/Dev/api_mp/venv/lib/python3.9/site-packages/sqlalchemy/engine/base.py", line 1963, in _exec_single_context
    self.dialect.do_execute(
  File "/Users/alex/Desktop/Dev/api_mp/venv/lib/python3.9/site-packages/sqlalchemy/engine/default.py", line 943, in do_execute
    cursor.execute(statement, parameters)
  File "/Users/alex/Desktop/Dev/api_mp/venv/lib/python3.9/site-packages/sqlalchemy/dialects/sqlite/aiosqlite.py", line 149, in execute
    self._adapt_connection._handle_exception(error)
  File "/Users/alex/Desktop/Dev/api_mp/venv/lib/python3.9/site-packages/sqlalchemy/dialects/sqlite/aiosqlite.py", line 300, in _handle_exception
    raise error
  File "/Users/alex/Desktop/Dev/api_mp/venv/lib/python3.9/site-packages/sqlalchemy/dialects/sqlite/aiosqlite.py", line 131, in execute
    self.await_(_cursor.execute(operation, parameters))
  File "/Users/alex/Desktop/Dev/api_mp/venv/lib/python3.9/site-packages/sqlalchemy/util/_concurrency_py3k.py", line 132, in await_only
    return current.parent.switch(awaitable)  # type: ignore[no-any-return,attr-defined] # noqa: E501
  File "/Users/alex/Desktop/Dev/api_mp/venv/lib/python3.9/site-packages/sqlalchemy/util/_concurrency_py3k.py", line 196, in greenlet_spawn
    value = await result
  File "/Users/alex/Desktop/Dev/api_mp/venv/lib/python3.9/site-packages/aiosqlite/cursor.py", line 40, in execute
    await self._execute(self._cursor.execute, sql, parameters)
  File "/Users/alex/Desktop/Dev/api_mp/venv/lib/python3.9/site-packages/aiosqlite/cursor.py", line 32, in _execute
    return await self._conn._execute(fn, *args, **kwargs)
  File "/Users/alex/Desktop/Dev/api_mp/venv/lib/python3.9/site-packages/aiosqlite/core.py", line 122, in _execute
    return await future
  File "/Users/alex/Desktop/Dev/api_mp/venv/lib/python3.9/site-packages/aiosqlite/core.py", line 105, in run
    result = function()
sqlalchemy.exc.IntegrityError: (sqlite3.IntegrityError) NOT NULL constraint failed: blogs.slug
[SQL: UPDATE blogs SET title=?, text=?, slug=?, updated_at=CURRENT_TIMESTAMP, category_id=? WHERE blogs.id = ?]
[parameters: ('Updated Title', 'updated text', None, None, 1)]
(Background on this error at: https://sqlalche.me/e/20/gkpj)
[2025-08-21 12:43:13,506] [INFO] [app] - Создана категория: test_category (id=1)
[2025-08-21 12:43:13,510] [INFO] [app] - Получено 1 категорий
[2025-08-21 12:44:31,268] [INFO] [app] - Создана категория: Cat f2d9 (id=1)
[2025-08-21 12:44:31,280] [INFO] [app] - Создание блога пользователем 1
[2025-08-21 12:44:31,977] [INFO] [app] - Создана категория: test_category (id=1)
[2025-08-21 12:44:31,980] [INFO] [app] - Получено 1 категорий
[2025-08-21 12:46:48,559] [INFO] [app] - Создана категория: Cat bdfe (id=1)
[2025-08-21 12:46:48,572] [INFO] [app] - Создание блога пользователем 1
[2025-08-21 12:46:49,438] [INFO] [app] - Создана категория: test_category (id=1)
[2025-08-21 12:46:49,443] [INFO] [app] - Получено 1 категорий
[2025-08-21 12:48:14,427] [INFO] [app] - Создана категория: Cat 8972 (id=1)
[2025-08-21 12:48:14,444] [INFO] [app] - Создание блога пользователем 1
[2025-08-21 12:48:15,013] [INFO] [app] - Создана категория: test_category (id=1)
[2025-08-21 12:48:15,016] [INFO] [app] - Получено 1 категорий
[2025-08-21 12:51:47,657] [INFO] [app] - Создана категория: Cat a97f (id=1)
[2025-08-21 12:51:47,670] [INFO] [app] - Создание блога пользователем 1
[2025-08-21 12:51:48,379] [INFO] [app] - Обновление блога пользователем 1
[2025-08-21 12:51:48,430] [INFO] [app] - Создана категория: test_category (id=1)
[2025-08-21 12:51:48,433] [INFO] [app] - Получено 1 категорий
[2025-08-21 12:52:11,662] [INFO] [app] - Создана категория: Update Category 0a926c (id=1)
[2025-08-21 12:52:11,674] [INFO] [app] - Создание блога пользователем 1
[2025-08-21 12:52:11,900] [INFO] [app] - Получено 1 блогов)
[2025-08-21 12:52:12,422] [INFO] [app] - Создана категория: Cat 21d5 (id=1)
[2025-08-21 12:52:12,586] [INFO] [app] - Создана категория: test_category (id=1)
[2025-08-21 12:52:12,589] [INFO] [app] - Получено 1 категорий
[2025-08-21 12:54:51,691] [INFO] [app] - Создана категория: Update Category eba30a (id=1)
[2025-08-21 12:54:51,704] [INFO] [app] - Создание блога пользователем 1
[2025-08-21 12:54:52,326] [INFO] [app] - Получено 1 блогов)
[2025-08-21 12:54:52,850] [INFO] [app] - Создана категория: Cat 2239 (id=1)
[2025-08-21 12:54:53,020] [INFO] [app] - Создана категория: test_category (id=1)
[2025-08-21 12:54:53,024] [INFO] [app] - Получено 1 категорий
[2025-08-21 12:56:34,939] [INFO] [app] - Создана категория: Update Category 05eba4 (id=1)
[2025-08-21 12:56:34,953] [INFO] [app] - Создание блога пользователем 1
[2025-08-21 12:56:35,547] [INFO] [app] - Получено 1 блогов)
[2025-08-21 12:56:36,075] [INFO] [app] - Создана категория: Cat 1b5a (id=1)
[2025-08-21 12:56:36,294] [INFO] [app] - Создана категория: test_category (id=1)
[2025-08-21 12:56:36,298] [INFO] [app] - Получено 1 категорий
[2025-08-21 13:12:47,996] [INFO] [app] - Создана категория: Update Category b3d711 (id=1)
[2025-08-21 13:12:48,013] [INFO] [app] - Создание блога пользователем 1
[2025-08-21 13:12:48,919] [INFO] [app] - Получено 1 блогов)
[2025-08-21 13:12:49,439] [INFO] [app] - Создана категория: Cat bb05 (id=1)
[2025-08-21 13:12:49,625] [INFO] [app] - Создана категория: test_category (id=1)
[2025-08-21 13:12:49,628] [INFO] [app] - Получено 1 категорий
[2025-08-21 13:13:01,413] [INFO] [app] - Создана категория: Update Category 775fa6 (id=1)
[2025-08-21 13:13:01,424] [INFO] [app] - Создание блога пользователем 1
[2025-08-21 13:13:01,662] [INFO] [app] - Получено 1 блогов)
[2025-08-21 13:13:02,225] [INFO] [app] - Создана категория: Cat cfb6 (id=1)
[2025-08-21 13:13:02,393] [INFO] [app] - Создана категория: test_category (id=1)
[2025-08-21 13:13:02,397] [INFO] [app] - Получено 1 категорий
[2025-08-21 13:15:24,933] [INFO] [app] - Создана категория: Update Category 64d580 (id=1)
[2025-08-21 13:15:24,945] [INFO] [app] - Создание блога пользователем 1
[2025-08-21 13:15:25,895] [INFO] [app] - Получено 1 блогов)
[2025-08-21 13:15:26,412] [INFO] [app] - Создана категория: Cat 739b (id=1)
[2025-08-21 13:15:26,574] [INFO] [app] - Создана категория: test_category (id=1)
[2025-08-21 13:15:26,579] [INFO] [app] - Получено 1 категорий
[2025-08-21 13:16:52,607] [INFO] [app] - Создана категория: Cat 19ed (id=1)
[2025-08-21 13:16:52,618] [INFO] [app] - Создание блога пользователем 1
[2025-08-21 13:16:53,505] [INFO] [app] - Обновление блога пользователем 1
[2025-08-21 13:16:53,551] [ERROR] [app] - Неизвестная ошибка при создании категории: '_AsyncGeneratorContextManager' object has no attribute 'execute'
Traceback (most recent call last):
  File "/Users/alex/Desktop/Dev/api_mp/routers/category.py", line 45, in create_categories
    category = await create_category(session, category_data)
  File "/Users/alex/Desktop/Dev/api_mp/services/category.py", line 16, in create_category
    result = await session.execute(stmt)
AttributeError: '_AsyncGeneratorContextManager' object has no attribute 'execute'
[2025-08-21 13:20:03,060] [INFO] [app] - Создана категория: Update Category 0ccce4 (id=1)
[2025-08-21 13:20:03,072] [INFO] [app] - Создание блога пользователем 1
[2025-08-21 13:20:03,779] [INFO] [app] - Получено 1 блогов)
[2025-08-21 13:20:04,303] [INFO] [app] - Создана категория: Cat 6766 (id=1)
[2025-08-21 13:20:04,469] [INFO] [app] - Создана категория: test_category (id=1)
[2025-08-21 13:20:04,472] [INFO] [app] - Получено 1 категорий
[2025-08-21 13:21:47,088] [INFO] [app] - Создана категория: Update Category e2d131 (id=1)
[2025-08-21 13:21:47,103] [INFO] [app] - Создание блога пользователем 1
[2025-08-21 13:21:47,777] [INFO] [app] - Получено 1 блогов)
[2025-08-21 13:21:48,307] [INFO] [app] - Создана категория: Cat 21ec (id=1)
[2025-08-21 13:21:48,491] [INFO] [app] - Создана категория: test_category (id=1)
[2025-08-21 13:21:48,495] [INFO] [app] - Получено 1 категорий
[2025-08-21 13:22:51,536] [INFO] [app] - Создана категория: test_category (id=1)
[2025-08-21 13:22:51,541] [INFO] [app] - Получено 1 категорий
[2025-08-21 13:23:40,762] [INFO] [app] - Создана категория: Update Category bb93db (id=1)
[2025-08-21 13:23:40,776] [INFO] [app] - Создание блога пользователем 1
[2025-08-21 13:23:41,218] [INFO] [app] - Получено 1 блогов)
[2025-08-21 13:23:41,745] [INFO] [app] - Создана категория: Cat 21c1 (id=1)
[2025-08-21 13:23:41,945] [INFO] [app] - Создана категория: test_category (id=1)
[2025-08-21 13:23:41,950] [INFO] [app] - Получено 1 категорий
[2025-08-21 13:26:51,550] [INFO] [app] - Создана категория: Update Category 5ea2dc (id=1)
[2025-08-21 13:26:51,563] [INFO] [app] - Создание блога пользователем 1
[2025-08-21 13:26:52,071] [INFO] [app] - Получено 1 блогов)
[2025-08-21 13:26:52,596] [INFO] [app] - Создана категория: Cat 9f2b (id=1)
[2025-08-21 13:26:52,778] [INFO] [app] - Создана категория: test_category (id=1)
[2025-08-21 13:26:52,781] [INFO] [app] - Получено 1 категорий
[2025-08-21 13:27:05,833] [INFO] [app] - Создана категория: test_category (id=1)
[2025-08-21 13:27:05,837] [INFO] [app] - Получено 1 категорий
[2025-08-21 13:27:48,737] [INFO] [app] - Создана категория: Update Category e50e47 (id=1)
[2025-08-21 13:27:48,750] [INFO] [app] - Создание блога пользователем 1
[2025-08-21 13:27:49,023] [INFO] [app] - Получено 1 блогов)
[2025-08-21 13:27:49,572] [INFO] [app] - Создана категория: Cat 1f34 (id=1)
[2025-08-21 13:27:49,759] [INFO] [app] - Создана категория: test_category (id=1)
[2025-08-21 13:27:49,762] [INFO] [app] - Получено 1 категорий
[2025-08-21 13:28:42,922] [ERROR] [app] - Глобальная ошибка на POST /auth/register: Can't operate on closed transaction inside context manager.  Please complete the context manager before emitting further commands.
  + Exception Group Traceback (most recent call last):
  |   File "/Users/alex/Desktop/Dev/api_mp/venv/lib/python3.9/site-packages/starlette/_utils.py", line 77, in collapse_excgroups
  |     yield
  |   File "/Users/alex/Desktop/Dev/api_mp/venv/lib/python3.9/site-packages/starlette/middleware/base.py", line 187, in __call__
  |     recv_stream.close()
  |   File "/Users/alex/Desktop/Dev/api_mp/venv/lib/python3.9/site-packages/anyio/_backends/_asyncio.py", line 772, in __aexit__
  |     raise BaseExceptionGroup(
  | exceptiongroup.ExceptionGroup: unhandled errors in a TaskGroup (1 sub-exception)
  +-+---------------- 1 ----------------
    | Traceback (most recent call last):
    |   File "/Users/alex/Desktop/Dev/api_mp/venv/lib/python3.9/site-packages/starlette/middleware/errors.py", line 164, in __call__
    |     await self.app(scope, receive, _send)
    |   File "/Users/alex/Desktop/Dev/api_mp/venv/lib/python3.9/site-packages/starlette/middleware/base.py", line 187, in __call__
    |     recv_stream.close()
    |   File "/Library/Developer/CommandLineTools/Library/Frameworks/Python3.framework/Versions/3.9/lib/python3.9/contextlib.py", line 135, in __exit__
    |     self.gen.throw(type, value, traceback)
    |   File "/Users/alex/Desktop/Dev/api_mp/venv/lib/python3.9/site-packages/starlette/_utils.py", line 83, in collapse_excgroups
    |     raise exc
    |   File "/Users/alex/Desktop/Dev/api_mp/venv/lib/python3.9/site-packages/starlette/middleware/base.py", line 184, in __call__
    |     response = await self.dispatch_func(request, call_next)
    |   File "/Users/alex/Desktop/Dev/api_mp/middleware/auth.py", line 22, in dispatch
    |     response = await call_next(request)
    |   File "/Users/alex/Desktop/Dev/api_mp/venv/lib/python3.9/site-packages/starlette/middleware/base.py", line 159, in call_next
    |     raise app_exc
    |   File "/Users/alex/Desktop/Dev/api_mp/venv/lib/python3.9/site-packages/starlette/middleware/base.py", line 144, in coro
    |     await self.app(scope, receive_or_disconnect, send_no_error)
    |   File "/Users/alex/Desktop/Dev/api_mp/venv/lib/python3.9/site-packages/starlette/middleware/exceptions.py", line 63, in __call__
    |     await wrap_app_handling_exceptions(self.app, conn)(scope, receive, send)
    |   File "/Users/alex/Desktop/Dev/api_mp/venv/lib/python3.9/site-packages/starlette/_exception_handler.py", line 53, in wrapped_app
    |     raise exc
    |   File "/Users/alex/Desktop/Dev/api_mp/venv/lib/python3.9/site-packages/starlette/_exception_handler.py", line 42, in wrapped_app
    |     await app(scope, receive, sender)
    |   File "/Users/alex/Desktop/Dev/api_mp/venv/lib/python3.9/site-packages/starlette/routing.py", line 716, in __call__
    |     await self.middleware_stack(scope, receive, send)
    |   File "/Users/alex/Desktop/Dev/api_mp/venv/lib/python3.9/site-packages/starlette/routing.py", line 736, in app
    |     await route.handle(scope, receive, send)
    |   File "/Users/alex/Desktop/Dev/api_mp/venv/lib/python3.9/site-packages/starlette/routing.py", line 290, in handle
    |     await self.app(scope, receive, send)
    |   File "/Users/alex/Desktop/Dev/api_mp/venv/lib/python3.9/site-packages/starlette/routing.py", line 78, in app
    |     await wrap_app_handling_exceptions(app, request)(scope, receive, send)
    |   File "/Users/alex/Desktop/Dev/api_mp/venv/lib/python3.9/site-packages/starlette/_exception_handler.py", line 53, in wrapped_app
    |     raise exc
    |   File "/Users/alex/Desktop/Dev/api_mp/venv/lib/python3.9/site-packages/starlette/_exception_handler.py", line 42, in wrapped_app
    |     await app(scope, receive, sender)
    |   File "/Users/alex/Desktop/Dev/api_mp/venv/lib/python3.9/site-packages/starlette/routing.py", line 75, in app
    |     response = await f(request)
    |   File "/Users/alex/Desktop/Dev/api_mp/venv/lib/python3.9/site-packages/fastapi/routing.py", line 302, in app
    |     raw_response = await run_endpoint_function(
    |   File "/Users/alex/Desktop/Dev/api_mp/venv/lib/python3.9/site-packages/fastapi/routing.py", line 213, in run_endpoint_function
    |     return await dependant.call(**values)
    |   File "/Users/alex/Desktop/Dev/api_mp/routers/auth.py", line 43, in register
    |     user = await create_user(db, user_in)
    |   File "/Users/alex/Desktop/Dev/api_mp/services/user.py", line 36, in create_user
    |     await session.refresh(user)
    |   File "/Users/alex/Desktop/Dev/api_mp/venv/lib/python3.9/site-packages/sqlalchemy/ext/asyncio/session.py", line 331, in refresh
    |     await greenlet_spawn(
    |   File "/Users/alex/Desktop/Dev/api_mp/venv/lib/python3.9/site-packages/sqlalchemy/util/_concurrency_py3k.py", line 190, in greenlet_spawn
    |     result = context.switch(*args, **kwargs)
    |   File "/Users/alex/Desktop/Dev/api_mp/venv/lib/python3.9/site-packages/sqlalchemy/orm/session.py", line 3168, in refresh
    |     loading.load_on_ident(
    |   File "/Users/alex/Desktop/Dev/api_mp/venv/lib/python3.9/site-packages/sqlalchemy/orm/loading.py", line 509, in load_on_ident
    |     return load_on_pk_identity(
    |   File "/Users/alex/Desktop/Dev/api_mp/venv/lib/python3.9/site-packages/sqlalchemy/orm/loading.py", line 694, in load_on_pk_identity
    |     session.execute(
    |   File "/Users/alex/Desktop/Dev/api_mp/venv/lib/python3.9/site-packages/sqlalchemy/orm/session.py", line 2365, in execute
    |     return self._execute_internal(
    |   File "/Users/alex/Desktop/Dev/api_mp/venv/lib/python3.9/site-packages/sqlalchemy/orm/session.py", line 2241, in _execute_internal
    |     conn = self._connection_for_bind(bind)
    |   File "/Users/alex/Desktop/Dev/api_mp/venv/lib/python3.9/site-packages/sqlalchemy/orm/session.py", line 2105, in _connection_for_bind
    |     TransactionalContext._trans_ctx_check(self)
    |   File "/Users/alex/Desktop/Dev/api_mp/venv/lib/python3.9/site-packages/sqlalchemy/engine/util.py", line 111, in _trans_ctx_check
    |     raise exc.InvalidRequestError(
    | sqlalchemy.exc.InvalidRequestError: Can't operate on closed transaction inside context manager.  Please complete the context manager before emitting further commands.
    +------------------------------------

During handling of the above exception, another exception occurred:

Traceback (most recent call last):
  File "/Users/alex/Desktop/Dev/api_mp/venv/lib/python3.9/site-packages/starlette/middleware/errors.py", line 164, in __call__
    await self.app(scope, receive, _send)
  File "/Users/alex/Desktop/Dev/api_mp/venv/lib/python3.9/site-packages/starlette/middleware/base.py", line 187, in __call__
    recv_stream.close()
  File "/Library/Developer/CommandLineTools/Library/Frameworks/Python3.framework/Versions/3.9/lib/python3.9/contextlib.py", line 135, in __exit__
    self.gen.throw(type, value, traceback)
  File "/Users/alex/Desktop/Dev/api_mp/venv/lib/python3.9/site-packages/starlette/_utils.py", line 83, in collapse_excgroups
    raise exc
  File "/Users/alex/Desktop/Dev/api_mp/venv/lib/python3.9/site-packages/starlette/middleware/base.py", line 184, in __call__
    response = await self.dispatch_func(request, call_next)
  File "/Users/alex/Desktop/Dev/api_mp/middleware/auth.py", line 22, in dispatch
    response = await call_next(request)
  File "/Users/alex/Desktop/Dev/api_mp/venv/lib/python3.9/site-packages/starlette/middleware/base.py", line 159, in call_next
    raise app_exc
  File "/Users/alex/Desktop/Dev/api_mp/venv/lib/python3.9/site-packages/starlette/middleware/base.py", line 144, in coro
    await self.app(scope, receive_or_disconnect, send_no_error)
  File "/Users/alex/Desktop/Dev/api_mp/venv/lib/python3.9/site-packages/starlette/middleware/exceptions.py", line 63, in __call__
    await wrap_app_handling_exceptions(self.app, conn)(scope, receive, send)
  File "/Users/alex/Desktop/Dev/api_mp/venv/lib/python3.9/site-packages/starlette/_exception_handler.py", line 53, in wrapped_app
    raise exc
  File "/Users/alex/Desktop/Dev/api_mp/venv/lib/python3.9/site-packages/starlette/_exception_handler.py", line 42, in wrapped_app
    await app(scope, receive, sender)
  File "/Users/alex/Desktop/Dev/api_mp/venv/lib/python3.9/site-packages/starlette/routing.py", line 716, in __call__
    await self.middleware_stack(scope, receive, send)
  File "/Users/alex/Desktop/Dev/api_mp/venv/lib/python3.9/site-packages/starlette/routing.py", line 736, in app
    await route.handle(scope, receive, send)
  File "/Users/alex/Desktop/Dev/api_mp/venv/lib/python3.9/site-packages/starlette/routing.py", line 290, in handle
    await self.app(scope, receive, send)
  File "/Users/alex/Desktop/Dev/api_mp/venv/lib/python3.9/site-packages/starlette/routing.py", line 78, in app
    await wrap_app_handling_exceptions(app, request)(scope, receive, send)
  File "/Users/alex/Desktop/Dev/api_mp/venv/lib/python3.9/site-packages/starlette/_exception_handler.py", line 53, in wrapped_app
    raise exc
  File "/Users/alex/Desktop/Dev/api_mp/venv/lib/python3.9/site-packages/starlette/_exception_handler.py", line 42, in wrapped_app
    await app(scope, receive, sender)
  File "/Users/alex/Desktop/Dev/api_mp/venv/lib/python3.9/site-packages/starlette/routing.py", line 75, in app
    response = await f(request)
  File "/Users/alex/Desktop/Dev/api_mp/venv/lib/python3.9/site-packages/fastapi/routing.py", line 302, in app
    raw_response = await run_endpoint_function(
  File "/Users/alex/Desktop/Dev/api_mp/venv/lib/python3.9/site-packages/fastapi/routing.py", line 213, in run_endpoint_function
    return await dependant.call(**values)
  File "/Users/alex/Desktop/Dev/api_mp/routers/auth.py", line 43, in register
    user = await create_user(db, user_in)
  File "/Users/alex/Desktop/Dev/api_mp/services/user.py", line 36, in create_user
    await session.refresh(user)
  File "/Users/alex/Desktop/Dev/api_mp/venv/lib/python3.9/site-packages/sqlalchemy/ext/asyncio/session.py", line 331, in refresh
    await greenlet_spawn(
  File "/Users/alex/Desktop/Dev/api_mp/venv/lib/python3.9/site-packages/sqlalchemy/util/_concurrency_py3k.py", line 190, in greenlet_spawn
    result = context.switch(*args, **kwargs)
  File "/Users/alex/Desktop/Dev/api_mp/venv/lib/python3.9/site-packages/sqlalchemy/orm/session.py", line 3168, in refresh
    loading.load_on_ident(
  File "/Users/alex/Desktop/Dev/api_mp/venv/lib/python3.9/site-packages/sqlalchemy/orm/loading.py", line 509, in load_on_ident
    return load_on_pk_identity(
  File "/Users/alex/Desktop/Dev/api_mp/venv/lib/python3.9/site-packages/sqlalchemy/orm/loading.py", line 694, in load_on_pk_identity
    session.execute(
  File "/Users/alex/Desktop/Dev/api_mp/venv/lib/python3.9/site-packages/sqlalchemy/orm/session.py", line 2365, in execute
    return self._execute_internal(
  File "/Users/alex/Desktop/Dev/api_mp/venv/lib/python3.9/site-packages/sqlalchemy/orm/session.py", line 2241, in _execute_internal
    conn = self._connection_for_bind(bind)
  File "/Users/alex/Desktop/Dev/api_mp/venv/lib/python3.9/site-packages/sqlalchemy/orm/session.py", line 2105, in _connection_for_bind
    TransactionalContext._trans_ctx_check(self)
  File "/Users/alex/Desktop/Dev/api_mp/venv/lib/python3.9/site-packages/sqlalchemy/engine/util.py", line 111, in _trans_ctx_check
    raise exc.InvalidRequestError(
sqlalchemy.exc.InvalidRequestError: Can't operate on closed transaction inside context manager.  Please complete the context manager before emitting further commands.
[2025-08-21 13:28:44,221] [ERROR] [app] - Глобальная ошибка на POST /auth/register: Can't operate on closed transaction inside context manager.  Please complete the context manager before emitting further commands.
  + Exception Group Traceback (most recent call last):
  |   File "/Users/alex/Desktop/Dev/api_mp/venv/lib/python3.9/site-packages/starlette/_utils.py", line 77, in collapse_excgroups
  |     yield
  |   File "/Users/alex/Desktop/Dev/api_mp/venv/lib/python3.9/site-packages/starlette/middleware/base.py", line 187, in __call__
  |     recv_stream.close()
  |   File "/Users/alex/Desktop/Dev/api_mp/venv/lib/python3.9/site-packages/anyio/_backends/_asyncio.py", line 772, in __aexit__
  |     raise BaseExceptionGroup(
  | exceptiongroup.ExceptionGroup: unhandled errors in a TaskGroup (1 sub-exception)
  +-+---------------- 1 ----------------
    | Traceback (most recent call last):
    |   File "/Users/alex/Desktop/Dev/api_mp/venv/lib/python3.9/site-packages/starlette/middleware/errors.py", line 164, in __call__
    |     await self.app(scope, receive, _send)
    |   File "/Users/alex/Desktop/Dev/api_mp/venv/lib/python3.9/site-packages/starlette/middleware/base.py", line 187, in __call__
    |     recv_stream.close()
    |   File "/Library/Developer/CommandLineTools/Library/Frameworks/Python3.framework/Versions/3.9/lib/python3.9/contextlib.py", line 135, in __exit__
    |     self.gen.throw(type, value, traceback)
    |   File "/Users/alex/Desktop/Dev/api_mp/venv/lib/python3.9/site-packages/starlette/_utils.py", line 83, in collapse_excgroups
    |     raise exc
    |   File "/Users/alex/Desktop/Dev/api_mp/venv/lib/python3.9/site-packages/starlette/middleware/base.py", line 184, in __call__
    |     response = await self.dispatch_func(request, call_next)
    |   File "/Users/alex/Desktop/Dev/api_mp/middleware/auth.py", line 22, in dispatch
    |     response = await call_next(request)
    |   File "/Users/alex/Desktop/Dev/api_mp/venv/lib/python3.9/site-packages/starlette/middleware/base.py", line 159, in call_next
    |     raise app_exc
    |   File "/Users/alex/Desktop/Dev/api_mp/venv/lib/python3.9/site-packages/starlette/middleware/base.py", line 144, in coro
    |     await self.app(scope, receive_or_disconnect, send_no_error)
    |   File "/Users/alex/Desktop/Dev/api_mp/venv/lib/python3.9/site-packages/starlette/middleware/exceptions.py", line 63, in __call__
    |     await wrap_app_handling_exceptions(self.app, conn)(scope, receive, send)
    |   File "/Users/alex/Desktop/Dev/api_mp/venv/lib/python3.9/site-packages/starlette/_exception_handler.py", line 53, in wrapped_app
    |     raise exc
    |   File "/Users/alex/Desktop/Dev/api_mp/venv/lib/python3.9/site-packages/starlette/_exception_handler.py", line 42, in wrapped_app
    |     await app(scope, receive, sender)
    |   File "/Users/alex/Desktop/Dev/api_mp/venv/lib/python3.9/site-packages/starlette/routing.py", line 716, in __call__
    |     await self.middleware_stack(scope, receive, send)
    |   File "/Users/alex/Desktop/Dev/api_mp/venv/lib/python3.9/site-packages/starlette/routing.py", line 736, in app
    |     await route.handle(scope, receive, send)
    |   File "/Users/alex/Desktop/Dev/api_mp/venv/lib/python3.9/site-packages/starlette/routing.py", line 290, in handle
    |     await self.app(scope, receive, send)
    |   File "/Users/alex/Desktop/Dev/api_mp/venv/lib/python3.9/site-packages/starlette/routing.py", line 78, in app
    |     await wrap_app_handling_exceptions(app, request)(scope, receive, send)
    |   File "/Users/alex/Desktop/Dev/api_mp/venv/lib/python3.9/site-packages/starlette/_exception_handler.py", line 53, in wrapped_app
    |     raise exc
    |   File "/Users/alex/Desktop/Dev/api_mp/venv/lib/python3.9/site-packages/starlette/_exception_handler.py", line 42, in wrapped_app
    |     await app(scope, receive, sender)
    |   File "/Users/alex/Desktop/Dev/api_mp/venv/lib/python3.9/site-packages/starlette/routing.py", line 75, in app
    |     response = await f(request)
    |   File "/Users/alex/Desktop/Dev/api_mp/venv/lib/python3.9/site-packages/fastapi/routing.py", line 302, in app
    |     raw_response = await run_endpoint_function(
    |   File "/Users/alex/Desktop/Dev/api_mp/venv/lib/python3.9/site-packages/fastapi/routing.py", line 213, in run_endpoint_function
    |     return await dependant.call(**values)
    |   File "/Users/alex/Desktop/Dev/api_mp/routers/auth.py", line 43, in register
    |     user = await create_user(db, user_in)
    |   File "/Users/alex/Desktop/Dev/api_mp/services/user.py", line 36, in create_user
    |     await session.refresh(user)
    |   File "/Users/alex/Desktop/Dev/api_mp/venv/lib/python3.9/site-packages/sqlalchemy/ext/asyncio/session.py", line 331, in refresh
    |     await greenlet_spawn(
    |   File "/Users/alex/Desktop/Dev/api_mp/venv/lib/python3.9/site-packages/sqlalchemy/util/_concurrency_py3k.py", line 190, in greenlet_spawn
    |     result = context.switch(*args, **kwargs)
    |   File "/Users/alex/Desktop/Dev/api_mp/venv/lib/python3.9/site-packages/sqlalchemy/orm/session.py", line 3168, in refresh
    |     loading.load_on_ident(
    |   File "/Users/alex/Desktop/Dev/api_mp/venv/lib/python3.9/site-packages/sqlalchemy/orm/loading.py", line 509, in load_on_ident
    |     return load_on_pk_identity(
    |   File "/Users/alex/Desktop/Dev/api_mp/venv/lib/python3.9/site-packages/sqlalchemy/orm/loading.py", line 694, in load_on_pk_identity
    |     session.execute(
    |   File "/Users/alex/Desktop/Dev/api_mp/venv/lib/python3.9/site-packages/sqlalchemy/orm/session.py", line 2365, in execute
    |     return self._execute_internal(
    |   File "/Users/alex/Desktop/Dev/api_mp/venv/lib/python3.9/site-packages/sqlalchemy/orm/session.py", line 2241, in _execute_internal
    |     conn = self._connection_for_bind(bind)
    |   File "/Users/alex/Desktop/Dev/api_mp/venv/lib/python3.9/site-packages/sqlalchemy/orm/session.py", line 2105, in _connection_for_bind
    |     TransactionalContext._trans_ctx_check(self)
    |   File "/Users/alex/Desktop/Dev/api_mp/venv/lib/python3.9/site-packages/sqlalchemy/engine/util.py", line 111, in _trans_ctx_check
    |     raise exc.InvalidRequestError(
    | sqlalchemy.exc.InvalidRequestError: Can't operate on closed transaction inside context manager.  Please complete the context manager before emitting further commands.
    +------------------------------------

During handling of the above exception, another exception occurred:

Traceback (most recent call last):
  File "/Users/alex/Desktop/Dev/api_mp/venv/lib/python3.9/site-packages/starlette/middleware/errors.py", line 164, in __call__
    await self.app(scope, receive, _send)
  File "/Users/alex/Desktop/Dev/api_mp/venv/lib/python3.9/site-packages/starlette/middleware/base.py", line 187, in __call__
    recv_stream.close()
  File "/Library/Developer/CommandLineTools/Library/Frameworks/Python3.framework/Versions/3.9/lib/python3.9/contextlib.py", line 135, in __exit__
    self.gen.throw(type, value, traceback)
  File "/Users/alex/Desktop/Dev/api_mp/venv/lib/python3.9/site-packages/starlette/_utils.py", line 83, in collapse_excgroups
    raise exc
  File "/Users/alex/Desktop/Dev/api_mp/venv/lib/python3.9/site-packages/starlette/middleware/base.py", line 184, in __call__
    response = await self.dispatch_func(request, call_next)
  File "/Users/alex/Desktop/Dev/api_mp/middleware/auth.py", line 22, in dispatch
    response = await call_next(request)
  File "/Users/alex/Desktop/Dev/api_mp/venv/lib/python3.9/site-packages/starlette/middleware/base.py", line 159, in call_next
    raise app_exc
  File "/Users/alex/Desktop/Dev/api_mp/venv/lib/python3.9/site-packages/starlette/middleware/base.py", line 144, in coro
    await self.app(scope, receive_or_disconnect, send_no_error)
  File "/Users/alex/Desktop/Dev/api_mp/venv/lib/python3.9/site-packages/starlette/middleware/exceptions.py", line 63, in __call__
    await wrap_app_handling_exceptions(self.app, conn)(scope, receive, send)
  File "/Users/alex/Desktop/Dev/api_mp/venv/lib/python3.9/site-packages/starlette/_exception_handler.py", line 53, in wrapped_app
    raise exc
  File "/Users/alex/Desktop/Dev/api_mp/venv/lib/python3.9/site-packages/starlette/_exception_handler.py", line 42, in wrapped_app
    await app(scope, receive, sender)
  File "/Users/alex/Desktop/Dev/api_mp/venv/lib/python3.9/site-packages/starlette/routing.py", line 716, in __call__
    await self.middleware_stack(scope, receive, send)
  File "/Users/alex/Desktop/Dev/api_mp/venv/lib/python3.9/site-packages/starlette/routing.py", line 736, in app
    await route.handle(scope, receive, send)
  File "/Users/alex/Desktop/Dev/api_mp/venv/lib/python3.9/site-packages/starlette/routing.py", line 290, in handle
    await self.app(scope, receive, send)
  File "/Users/alex/Desktop/Dev/api_mp/venv/lib/python3.9/site-packages/starlette/routing.py", line 78, in app
    await wrap_app_handling_exceptions(app, request)(scope, receive, send)
  File "/Users/alex/Desktop/Dev/api_mp/venv/lib/python3.9/site-packages/starlette/_exception_handler.py", line 53, in wrapped_app
    raise exc
  File "/Users/alex/Desktop/Dev/api_mp/venv/lib/python3.9/site-packages/starlette/_exception_handler.py", line 42, in wrapped_app
    await app(scope, receive, sender)
  File "/Users/alex/Desktop/Dev/api_mp/venv/lib/python3.9/site-packages/starlette/routing.py", line 75, in app
    response = await f(request)
  File "/Users/alex/Desktop/Dev/api_mp/venv/lib/python3.9/site-packages/fastapi/routing.py", line 302, in app
    raw_response = await run_endpoint_function(
  File "/Users/alex/Desktop/Dev/api_mp/venv/lib/python3.9/site-packages/fastapi/routing.py", line 213, in run_endpoint_function
    return await dependant.call(**values)
  File "/Users/alex/Desktop/Dev/api_mp/routers/auth.py", line 43, in register
    user = await create_user(db, user_in)
  File "/Users/alex/Desktop/Dev/api_mp/services/user.py", line 36, in create_user
    await session.refresh(user)
  File "/Users/alex/Desktop/Dev/api_mp/venv/lib/python3.9/site-packages/sqlalchemy/ext/asyncio/session.py", line 331, in refresh
    await greenlet_spawn(
  File "/Users/alex/Desktop/Dev/api_mp/venv/lib/python3.9/site-packages/sqlalchemy/util/_concurrency_py3k.py", line 190, in greenlet_spawn
    result = context.switch(*args, **kwargs)
  File "/Users/alex/Desktop/Dev/api_mp/venv/lib/python3.9/site-packages/sqlalchemy/orm/session.py", line 3168, in refresh
    loading.load_on_ident(
  File "/Users/alex/Desktop/Dev/api_mp/venv/lib/python3.9/site-packages/sqlalchemy/orm/loading.py", line 509, in load_on_ident
    return load_on_pk_identity(
  File "/Users/alex/Desktop/Dev/api_mp/venv/lib/python3.9/site-packages/sqlalchemy/orm/loading.py", line 694, in load_on_pk_identity
    session.execute(
  File "/Users/alex/Desktop/Dev/api_mp/venv/lib/python3.9/site-packages/sqlalchemy/orm/session.py", line 2365, in execute
    return self._execute_internal(
  File "/Users/alex/Desktop/Dev/api_mp/venv/lib/python3.9/site-packages/sqlalchemy/orm/session.py", line 2241, in _execute_internal
    conn = self._connection_for_bind(bind)
  File "/Users/alex/Desktop/Dev/api_mp/venv/lib/python3.9/site-packages/sqlalchemy/orm/session.py", line 2105, in _connection_for_bind
    TransactionalContext._trans_ctx_check(self)
  File "/Users/alex/Desktop/Dev/api_mp/venv/lib/python3.9/site-packages/sqlalchemy/engine/util.py", line 111, in _trans_ctx_check
    raise exc.InvalidRequestError(
sqlalchemy.exc.InvalidRequestError: Can't operate on closed transaction inside context manager.  Please complete the context manager before emitting further commands.
[2025-08-21 13:28:44,867] [ERROR] [app] - Неизвестная ошибка при создании категории: Can't operate on closed transaction inside context manager.  Please complete the context manager before emitting further commands.
Traceback (most recent call last):
  File "/Users/alex/Desktop/Dev/api_mp/routers/category.py", line 45, in create_categories
    category = await create_category(session, category_data)
  File "/Users/alex/Desktop/Dev/api_mp/services/category.py", line 35, in create_category
    await session.refresh(category)
  File "/Users/alex/Desktop/Dev/api_mp/venv/lib/python3.9/site-packages/sqlalchemy/ext/asyncio/session.py", line 331, in refresh
    await greenlet_spawn(
  File "/Users/alex/Desktop/Dev/api_mp/venv/lib/python3.9/site-packages/sqlalchemy/util/_concurrency_py3k.py", line 190, in greenlet_spawn
    result = context.switch(*args, **kwargs)
  File "/Users/alex/Desktop/Dev/api_mp/venv/lib/python3.9/site-packages/sqlalchemy/orm/session.py", line 3168, in refresh
    loading.load_on_ident(
  File "/Users/alex/Desktop/Dev/api_mp/venv/lib/python3.9/site-packages/sqlalchemy/orm/loading.py", line 509, in load_on_ident
    return load_on_pk_identity(
  File "/Users/alex/Desktop/Dev/api_mp/venv/lib/python3.9/site-packages/sqlalchemy/orm/loading.py", line 694, in load_on_pk_identity
    session.execute(
  File "/Users/alex/Desktop/Dev/api_mp/venv/lib/python3.9/site-packages/sqlalchemy/orm/session.py", line 2365, in execute
    return self._execute_internal(
  File "/Users/alex/Desktop/Dev/api_mp/venv/lib/python3.9/site-packages/sqlalchemy/orm/session.py", line 2241, in _execute_internal
    conn = self._connection_for_bind(bind)
  File "/Users/alex/Desktop/Dev/api_mp/venv/lib/python3.9/site-packages/sqlalchemy/orm/session.py", line 2105, in _connection_for_bind
    TransactionalContext._trans_ctx_check(self)
  File "/Users/alex/Desktop/Dev/api_mp/venv/lib/python3.9/site-packages/sqlalchemy/engine/util.py", line 111, in _trans_ctx_check
    raise exc.InvalidRequestError(
sqlalchemy.exc.InvalidRequestError: Can't operate on closed transaction inside context manager.  Please complete the context manager before emitting further commands.
[2025-08-21 13:29:38,125] [INFO] [app] - Создана категория: Update Category 64a9e9 (id=1)
[2025-08-21 13:29:38,139] [INFO] [app] - Создание блога пользователем 1
[2025-08-21 13:29:38,726] [INFO] [app] - Получено 1 блогов)
[2025-08-21 13:29:39,252] [INFO] [app] - Создана категория: Cat f36c (id=1)
[2025-08-21 13:29:39,425] [INFO] [app] - Создана категория: test_category (id=1)
[2025-08-21 13:29:39,429] [INFO] [app] - Получено 1 категорий
[2025-08-21 13:30:23,345] [INFO] [app] - Создана категория: Update Category 126f84 (id=1)
[2025-08-21 13:30:23,358] [INFO] [app] - Создание блога пользователем 1
[2025-08-21 13:30:23,623] [INFO] [app] - Получено 1 блогов)
[2025-08-21 13:30:24,152] [INFO] [app] - Создана категория: Cat b60c (id=1)
[2025-08-21 13:30:24,338] [INFO] [app] - Создана категория: test_category (id=1)
[2025-08-21 13:30:24,342] [INFO] [app] - Получено 1 категорий
[2025-08-21 13:31:38,748] [INFO] [app] - Создана категория: Update Category a753ad (id=1)
[2025-08-21 13:31:38,769] [INFO] [app] - Создание блога пользователем 1
[2025-08-21 13:31:39,717] [INFO] [app] - Получено 1 блогов)
[2025-08-21 13:31:40,247] [INFO] [app] - Создана категория: Cat 9769 (id=1)
[2025-08-21 13:31:40,428] [INFO] [app] - Создана категория: test_category (id=1)
[2025-08-21 13:31:40,431] [INFO] [app] - Получено 1 категорий
[2025-08-21 13:32:38,336] [INFO] [app] - Создана категория: Update Category e529c2 (id=1)
[2025-08-21 13:32:38,351] [INFO] [app] - Создание блога пользователем 1
[2025-08-21 13:32:38,680] [INFO] [app] - Получено 1 блогов)
[2025-08-21 13:32:39,214] [INFO] [app] - Создана категория: Cat 9cd2 (id=1)
[2025-08-21 13:32:39,410] [INFO] [app] - Создана категория: test_category (id=1)
[2025-08-21 13:32:39,413] [INFO] [app] - Получено 1 категорий
[2025-08-21 13:37:09,505] [DEBUG] [app] - Middleware token: None
[2025-08-21 13:37:09,875] [DEBUG] [app] - Middleware token: None
[2025-08-21 13:37:10,129] [DEBUG] [app] - Middleware token: eyJhbGciOiJIUzI1NiIsInR5cCI6IkpXVCJ9.eyJzdWIiOiIxIiwiZXhwIjoxNzU1Nzc2MjMwfQ.rUrHuhLSzquux0zKidjCgJhcLA9-iUAGjOljF6_hZVI
[2025-08-21 13:37:10,130] [DEBUG] [app] - Decoded payload: {'sub': '1', 'exp': 1755776230}
[2025-08-21 13:37:10,151] [DEBUG] [app] - User from DB: <models.user.User object at 0x10964c2e0>
[2025-08-21 13:37:10,159] [INFO] [app] - Создана категория: Update Category 084d74 (id=1)
[2025-08-21 13:37:10,161] [DEBUG] [app] - Middleware token: eyJhbGciOiJIUzI1NiIsInR5cCI6IkpXVCJ9.eyJzdWIiOiIxIiwiZXhwIjoxNzU1Nzc2MjMwfQ.rUrHuhLSzquux0zKidjCgJhcLA9-iUAGjOljF6_hZVI
[2025-08-21 13:37:10,161] [DEBUG] [app] - Decoded payload: {'sub': '1', 'exp': 1755776230}
[2025-08-21 13:37:10,163] [DEBUG] [app] - User from DB: <models.user.User object at 0x1096619a0>
[2025-08-21 13:37:10,173] [INFO] [app] - Создание блога пользователем 1
[2025-08-21 13:37:11,250] [DEBUG] [app] - Middleware token: eyJhbGciOiJIUzI1NiIsInR5cCI6IkpXVCJ9.eyJzdWIiOiIxIiwiZXhwIjoxNzU1Nzc2MjMwfQ.rUrHuhLSzquux0zKidjCgJhcLA9-iUAGjOljF6_hZVI
[2025-08-21 13:37:11,251] [DEBUG] [app] - Decoded payload: {'sub': '1', 'exp': 1755776230}
[2025-08-21 13:37:11,253] [DEBUG] [app] - User from DB: <models.user.User object at 0x10a3d64c0>
[2025-08-21 13:37:11,260] [INFO] [app] - Получено 1 блогов)
[2025-08-21 13:37:11,280] [DEBUG] [app] - Middleware token: None
[2025-08-21 13:37:11,546] [DEBUG] [app] - Middleware token: None
[2025-08-21 13:37:11,793] [DEBUG] [app] - Middleware token: eyJhbGciOiJIUzI1NiIsInR5cCI6IkpXVCJ9.eyJzdWIiOiIxIiwiZXhwIjoxNzU1Nzc2MjMxfQ.corolXbWSwhhmof0TlllklwtmxsttKRh4IBnNerslcw
[2025-08-21 13:37:11,793] [DEBUG] [app] - Decoded payload: {'sub': '1', 'exp': 1755776231}
[2025-08-21 13:37:11,795] [ERROR] [app] - AuthMiddleware exception: Task <Task pending name='Task-92' coro=<test_update_blog() running at /Users/alex/Desktop/Dev/api_mp/tests/test_blog.py:70> cb=[_run_until_complete_cb() at /Library/Developer/CommandLineTools/Library/Frameworks/Python3.framework/Versions/3.9/lib/python3.9/asyncio/base_events.py:184]> got Future <Future pending cb=[BaseProtocol._on_waiter_completed()]> attached to a different loop
[2025-08-21 13:37:11,802] [INFO] [app] - Создана категория: Cat 8fe1 (id=1)
[2025-08-21 13:37:11,804] [DEBUG] [app] - Middleware token: eyJhbGciOiJIUzI1NiIsInR5cCI6IkpXVCJ9.eyJzdWIiOiIxIiwiZXhwIjoxNzU1Nzc2MjMxfQ.corolXbWSwhhmof0TlllklwtmxsttKRh4IBnNerslcw
[2025-08-21 13:37:11,804] [DEBUG] [app] - Decoded payload: {'sub': '1', 'exp': 1755776231}
[2025-08-21 13:37:11,805] [ERROR] [app] - AuthMiddleware exception: (sqlalchemy.dialects.postgresql.asyncpg.InterfaceError) <class 'asyncpg.exceptions._base.InterfaceError'>: cannot perform operation: another operation is in progress
[SQL: SELECT users.id, users.email, users.name, users.phone, users.hashed_password, users.is_superuser 
FROM users 
WHERE users.id = $1::INTEGER]
[parameters: (1,)]
(Background on this error at: https://sqlalche.me/e/20/rvf5)
[2025-08-21 13:37:11,987] [DEBUG] [app] - Middleware token: None
[2025-08-21 13:37:11,995] [INFO] [app] - Создана категория: test_category (id=1)
[2025-08-21 13:37:11,997] [DEBUG] [app] - Middleware token: None
[2025-08-21 13:37:12,000] [INFO] [app] - Получено 1 категорий
[2025-08-21 13:41:12,064] [DEBUG] [app] - Middleware token: eyJhbGciOiJIUzI1NiIsInR5cCI6IkpXVCJ9.eyJzdWIiOiIxIiwiZXhwIjoxNzU1Nzc2NDcyfQ.9qS2mhdSV_ZDn3JyKgBDjfi9q8iRIHszpO_KdP8V-hU
[2025-08-21 13:41:12,066] [DEBUG] [app] - Decoded payload: {'sub': '1', 'exp': 1755776472}
[2025-08-21 13:41:12,073] [INFO] [app] - Создана категория: Update Category fd73e6 (id=1)
[2025-08-21 13:41:12,075] [DEBUG] [app] - Middleware token: eyJhbGciOiJIUzI1NiIsInR5cCI6IkpXVCJ9.eyJzdWIiOiIxIiwiZXhwIjoxNzU1Nzc2NDcyfQ.9qS2mhdSV_ZDn3JyKgBDjfi9q8iRIHszpO_KdP8V-hU
[2025-08-21 13:41:12,075] [DEBUG] [app] - Decoded payload: {'sub': '1', 'exp': 1755776472}
[2025-08-21 13:41:12,084] [DEBUG] [app] - User from DB: <models.user.User object at 0x112598e80>
[2025-08-21 13:41:12,085] [INFO] [app] - Создание блога пользователем 1
[2025-08-21 13:41:12,629] [DEBUG] [app] - Middleware token: eyJhbGciOiJIUzI1NiIsInR5cCI6IkpXVCJ9.eyJzdWIiOiIxIiwiZXhwIjoxNzU1Nzc2NDcyfQ.9qS2mhdSV_ZDn3JyKgBDjfi9q8iRIHszpO_KdP8V-hU
[2025-08-21 13:41:12,630] [DEBUG] [app] - Decoded payload: {'sub': '1', 'exp': 1755776472}
[2025-08-21 13:41:12,637] [INFO] [app] - Получено 1 блогов)
[2025-08-21 13:41:13,148] [DEBUG] [app] - Middleware token: eyJhbGciOiJIUzI1NiIsInR5cCI6IkpXVCJ9.eyJzdWIiOiIxIiwiZXhwIjoxNzU1Nzc2NDczfQ.QdaVdvV56PV-6smx-B7C-YZ5-Syji7MLh4BkWPzAZAs
[2025-08-21 13:41:13,148] [DEBUG] [app] - Decoded payload: {'sub': '1', 'exp': 1755776473}
[2025-08-21 13:41:13,155] [INFO] [app] - Создана категория: Cat d64c (id=1)
[2025-08-21 13:41:13,156] [DEBUG] [app] - Middleware token: eyJhbGciOiJIUzI1NiIsInR5cCI6IkpXVCJ9.eyJzdWIiOiIxIiwiZXhwIjoxNzU1Nzc2NDczfQ.QdaVdvV56PV-6smx-B7C-YZ5-Syji7MLh4BkWPzAZAs
[2025-08-21 13:41:13,157] [DEBUG] [app] - Decoded payload: {'sub': '1', 'exp': 1755776473}
[2025-08-21 13:41:13,165] [DEBUG] [app] - User from DB: <models.user.User object at 0x11336f670>
[2025-08-21 13:41:13,166] [INFO] [app] - Создание блога пользователем 1
[2025-08-21 13:41:13,374] [DEBUG] [app] - Middleware token: eyJhbGciOiJIUzI1NiIsInR5cCI6IkpXVCJ9.eyJzdWIiOiIxIiwiZXhwIjoxNzU1Nzc2NDczfQ.QdaVdvV56PV-6smx-B7C-YZ5-Syji7MLh4BkWPzAZAs
[2025-08-21 13:41:13,374] [DEBUG] [app] - Decoded payload: {'sub': '1', 'exp': 1755776473}
[2025-08-21 13:41:13,385] [DEBUG] [app] - User from DB: <models.user.User object at 0x117f5c820>
[2025-08-21 13:41:13,634] [INFO] [app] - Обновление блога пользователем 1
[2025-08-21 13:41:13,697] [INFO] [app] - Создана категория: test_category (id=1)
[2025-08-21 13:41:13,701] [INFO] [app] - Получено 1 категорий
[2025-08-21 13:42:16,734] [DEBUG] [app] - Middleware token: eyJhbGciOiJIUzI1NiIsInR5cCI6IkpXVCJ9.eyJzdWIiOiIxIiwiZXhwIjoxNzU1Nzc2NTM2fQ.8zTSo8un6uhnwofeSZkrqVfSIkuy1QaMBRIvC-L-I0o
[2025-08-21 13:42:16,735] [DEBUG] [app] - Decoded payload: {'sub': '1', 'exp': 1755776536}
[2025-08-21 13:42:16,742] [INFO] [app] - Создана категория: Update Category fa1392 (id=1)
[2025-08-21 13:42:16,745] [DEBUG] [app] - Middleware token: eyJhbGciOiJIUzI1NiIsInR5cCI6IkpXVCJ9.eyJzdWIiOiIxIiwiZXhwIjoxNzU1Nzc2NTM2fQ.8zTSo8un6uhnwofeSZkrqVfSIkuy1QaMBRIvC-L-I0o
[2025-08-21 13:42:16,745] [DEBUG] [app] - Decoded payload: {'sub': '1', 'exp': 1755776536}
[2025-08-21 13:42:16,754] [DEBUG] [app] - User from DB: <models.user.User object at 0x107ef4100>
[2025-08-21 13:42:16,754] [INFO] [app] - Создание блога пользователем 1
[2025-08-21 13:42:17,222] [DEBUG] [app] - Middleware token: eyJhbGciOiJIUzI1NiIsInR5cCI6IkpXVCJ9.eyJzdWIiOiIxIiwiZXhwIjoxNzU1Nzc2NTM2fQ.8zTSo8un6uhnwofeSZkrqVfSIkuy1QaMBRIvC-L-I0o
[2025-08-21 13:42:17,222] [DEBUG] [app] - Decoded payload: {'sub': '1', 'exp': 1755776536}
[2025-08-21 13:42:17,229] [INFO] [app] - Получено 1 блогов)
[2025-08-21 13:42:17,248] [DEBUG] [app] - No user_id in request.state
[2025-08-21 13:42:17,762] [DEBUG] [app] - Middleware token: eyJhbGciOiJIUzI1NiIsInR5cCI6IkpXVCJ9.eyJzdWIiOiIxIiwiZXhwIjoxNzU1Nzc2NTM3fQ.uUQcq2UE8hdNJlg3zLACbhuSIF8nNfIBgcZLPW-Ck9E
[2025-08-21 13:42:17,762] [DEBUG] [app] - Decoded payload: {'sub': '1', 'exp': 1755776537}
[2025-08-21 13:42:17,768] [INFO] [app] - Создана категория: Cat ede5 (id=1)
[2025-08-21 13:42:17,770] [DEBUG] [app] - Middleware token: eyJhbGciOiJIUzI1NiIsInR5cCI6IkpXVCJ9.eyJzdWIiOiIxIiwiZXhwIjoxNzU1Nzc2NTM3fQ.uUQcq2UE8hdNJlg3zLACbhuSIF8nNfIBgcZLPW-Ck9E
[2025-08-21 13:42:17,771] [DEBUG] [app] - Decoded payload: {'sub': '1', 'exp': 1755776537}
[2025-08-21 13:42:17,780] [DEBUG] [app] - User from DB: <models.user.User object at 0x108b84940>
[2025-08-21 13:42:17,780] [INFO] [app] - Создание блога пользователем 1
[2025-08-21 13:42:17,975] [DEBUG] [app] - Middleware token: eyJhbGciOiJIUzI1NiIsInR5cCI6IkpXVCJ9.eyJzdWIiOiIxIiwiZXhwIjoxNzU1Nzc2NTM3fQ.uUQcq2UE8hdNJlg3zLACbhuSIF8nNfIBgcZLPW-Ck9E
[2025-08-21 13:42:17,976] [DEBUG] [app] - Decoded payload: {'sub': '1', 'exp': 1755776537}
[2025-08-21 13:42:17,986] [DEBUG] [app] - User from DB: <models.user.User object at 0x10d8fba60>
[2025-08-21 13:42:18,228] [INFO] [app] - Обновление блога пользователем 1
[2025-08-21 13:42:18,278] [INFO] [app] - Создана категория: test_category (id=1)
[2025-08-21 13:42:18,282] [INFO] [app] - Получено 1 категорий
[2025-08-21 13:43:22,753] [DEBUG] [app] - Middleware token: eyJhbGciOiJIUzI1NiIsInR5cCI6IkpXVCJ9.eyJzdWIiOiIxIiwiZXhwIjoxNzU1Nzc2NjAyfQ.x9Wrje2XOdJhTTWeOGxZYK7Aib_QPYHTWVstEdZoiiI
[2025-08-21 13:43:22,754] [DEBUG] [app] - Decoded payload: {'sub': '1', 'exp': 1755776602}
[2025-08-21 13:43:22,761] [INFO] [app] - Создана категория: Update Category 2bf774 (id=1)
[2025-08-21 13:43:22,764] [DEBUG] [app] - Middleware token: eyJhbGciOiJIUzI1NiIsInR5cCI6IkpXVCJ9.eyJzdWIiOiIxIiwiZXhwIjoxNzU1Nzc2NjAyfQ.x9Wrje2XOdJhTTWeOGxZYK7Aib_QPYHTWVstEdZoiiI
[2025-08-21 13:43:22,764] [DEBUG] [app] - Decoded payload: {'sub': '1', 'exp': 1755776602}
[2025-08-21 13:43:22,773] [DEBUG] [app] - User from DB: <models.user.User object at 0x113f95130>
[2025-08-21 13:43:22,773] [INFO] [app] - Создание блога пользователем 1
[2025-08-21 13:43:23,245] [DEBUG] [app] - Middleware token: eyJhbGciOiJIUzI1NiIsInR5cCI6IkpXVCJ9.eyJzdWIiOiIxIiwiZXhwIjoxNzU1Nzc2NjAyfQ.x9Wrje2XOdJhTTWeOGxZYK7Aib_QPYHTWVstEdZoiiI
[2025-08-21 13:43:23,245] [DEBUG] [app] - Decoded payload: {'sub': '1', 'exp': 1755776602}
[2025-08-21 13:43:23,253] [INFO] [app] - Получено 1 блогов)
[2025-08-21 13:43:23,273] [DEBUG] [app] - No user_id in request.state
[2025-08-21 13:43:23,789] [DEBUG] [app] - Middleware token: eyJhbGciOiJIUzI1NiIsInR5cCI6IkpXVCJ9.eyJzdWIiOiIxIiwiZXhwIjoxNzU1Nzc2NjAzfQ.AjCVOQTd214WDv4-CE8Yb8rubaCs_S-yJMaLECiZ2uA
[2025-08-21 13:43:23,790] [DEBUG] [app] - Decoded payload: {'sub': '1', 'exp': 1755776603}
[2025-08-21 13:43:23,796] [INFO] [app] - Создана категория: Cat e3c1 (id=1)
[2025-08-21 13:43:23,798] [DEBUG] [app] - Middleware token: eyJhbGciOiJIUzI1NiIsInR5cCI6IkpXVCJ9.eyJzdWIiOiIxIiwiZXhwIjoxNzU1Nzc2NjAzfQ.AjCVOQTd214WDv4-CE8Yb8rubaCs_S-yJMaLECiZ2uA
[2025-08-21 13:43:23,799] [DEBUG] [app] - Decoded payload: {'sub': '1', 'exp': 1755776603}
[2025-08-21 13:43:23,808] [DEBUG] [app] - User from DB: <models.user.User object at 0x114d6b400>
[2025-08-21 13:43:23,809] [INFO] [app] - Создание блога пользователем 1
[2025-08-21 13:43:24,004] [DEBUG] [app] - Middleware token: eyJhbGciOiJIUzI1NiIsInR5cCI6IkpXVCJ9.eyJzdWIiOiIxIiwiZXhwIjoxNzU1Nzc2NjAzfQ.AjCVOQTd214WDv4-CE8Yb8rubaCs_S-yJMaLECiZ2uA
[2025-08-21 13:43:24,005] [DEBUG] [app] - Decoded payload: {'sub': '1', 'exp': 1755776603}
[2025-08-21 13:43:24,015] [DEBUG] [app] - User from DB: <models.user.User object at 0x1199861c0>
[2025-08-21 13:43:24,268] [INFO] [app] - Обновление блога пользователем 1
[2025-08-21 13:43:24,321] [INFO] [app] - Создана категория: test_category (id=1)
[2025-08-21 13:43:24,326] [INFO] [app] - Получено 1 категорий
[2025-08-21 13:43:46,538] [DEBUG] [app] - Middleware token: eyJhbGciOiJIUzI1NiIsInR5cCI6IkpXVCJ9.eyJzdWIiOiIxIiwiZXhwIjoxNzU1Nzc2NjI2fQ.beUxUJmONr3thu2UyE1YpMGKnchG1SszG-lJo-1wR7g
[2025-08-21 13:43:46,539] [DEBUG] [app] - Decoded payload: {'sub': '1', 'exp': 1755776626}
[2025-08-21 13:43:46,546] [INFO] [app] - Создана категория: Update Category aed382 (id=1)
[2025-08-21 13:43:46,549] [DEBUG] [app] - Middleware token: eyJhbGciOiJIUzI1NiIsInR5cCI6IkpXVCJ9.eyJzdWIiOiIxIiwiZXhwIjoxNzU1Nzc2NjI2fQ.beUxUJmONr3thu2UyE1YpMGKnchG1SszG-lJo-1wR7g
[2025-08-21 13:43:46,549] [DEBUG] [app] - Decoded payload: {'sub': '1', 'exp': 1755776626}
[2025-08-21 13:43:46,558] [DEBUG] [app] - User from DB: <models.user.User object at 0x10a8c4100>
[2025-08-21 13:43:46,558] [INFO] [app] - Создание блога пользователем 1
[2025-08-21 13:43:46,826] [DEBUG] [app] - Middleware token: eyJhbGciOiJIUzI1NiIsInR5cCI6IkpXVCJ9.eyJzdWIiOiIxIiwiZXhwIjoxNzU1Nzc2NjI2fQ.beUxUJmONr3thu2UyE1YpMGKnchG1SszG-lJo-1wR7g
[2025-08-21 13:43:46,826] [DEBUG] [app] - Decoded payload: {'sub': '1', 'exp': 1755776626}
[2025-08-21 13:43:46,833] [INFO] [app] - Получено 1 блогов)
[2025-08-21 13:43:46,851] [DEBUG] [app] - No user_id in request.state
[2025-08-21 13:43:47,366] [DEBUG] [app] - Middleware token: eyJhbGciOiJIUzI1NiIsInR5cCI6IkpXVCJ9.eyJzdWIiOiIxIiwiZXhwIjoxNzU1Nzc2NjI3fQ.76kXptlXGFMbDPsTcY4GbQH16n5tQ6oa8p9ZM0BFvqQ
[2025-08-21 13:43:47,366] [DEBUG] [app] - Decoded payload: {'sub': '1', 'exp': 1755776627}
[2025-08-21 13:43:47,372] [INFO] [app] - Создана категория: Cat e0c1 (id=1)
[2025-08-21 13:43:47,374] [DEBUG] [app] - Middleware token: eyJhbGciOiJIUzI1NiIsInR5cCI6IkpXVCJ9.eyJzdWIiOiIxIiwiZXhwIjoxNzU1Nzc2NjI3fQ.76kXptlXGFMbDPsTcY4GbQH16n5tQ6oa8p9ZM0BFvqQ
[2025-08-21 13:43:47,374] [DEBUG] [app] - Decoded payload: {'sub': '1', 'exp': 1755776627}
[2025-08-21 13:43:47,383] [DEBUG] [app] - User from DB: <models.user.User object at 0x10b6993d0>
[2025-08-21 13:43:47,383] [INFO] [app] - Создание блога пользователем 1
[2025-08-21 13:43:47,573] [DEBUG] [app] - Middleware token: eyJhbGciOiJIUzI1NiIsInR5cCI6IkpXVCJ9.eyJzdWIiOiIxIiwiZXhwIjoxNzU1Nzc2NjI3fQ.76kXptlXGFMbDPsTcY4GbQH16n5tQ6oa8p9ZM0BFvqQ
[2025-08-21 13:43:47,574] [DEBUG] [app] - Decoded payload: {'sub': '1', 'exp': 1755776627}
[2025-08-21 13:43:47,584] [DEBUG] [app] - User from DB: <models.user.User object at 0x1102c5190>
[2025-08-21 13:43:47,837] [INFO] [app] - Обновление блога пользователем 1
[2025-08-21 13:43:47,883] [INFO] [app] - Создана категория: test_category (id=1)
[2025-08-21 13:43:47,886] [INFO] [app] - Получено 1 категорий
[2025-08-21 13:46:59,042] [DEBUG] [app] - Middleware token (preview): eyJhb...ZMAnc
[2025-08-21 13:46:59,044] [DEBUG] [app] - Decoded user_id from token: 1
[2025-08-21 13:46:59,051] [INFO] [app] - Создана категория: Update Category 60c531 (id=1)
[2025-08-21 13:46:59,053] [DEBUG] [app] - Middleware token (preview): eyJhb...ZMAnc
[2025-08-21 13:46:59,053] [DEBUG] [app] - Decoded user_id from token: 1
[2025-08-21 13:46:59,063] [DEBUG] [app] - User from DB: <models.user.User object at 0x1058ac130>
[2025-08-21 13:46:59,063] [INFO] [app] - Создание блога пользователем 1
[2025-08-21 13:46:59,851] [DEBUG] [app] - Middleware token (preview): eyJhb...ZMAnc
[2025-08-21 13:46:59,853] [DEBUG] [app] - Decoded user_id from token: 1
[2025-08-21 13:46:59,860] [INFO] [app] - Получено 1 блогов)
[2025-08-21 13:46:59,882] [DEBUG] [app] - No user_id in request.state
[2025-08-21 13:47:00,396] [DEBUG] [app] - Middleware token (preview): eyJhb...03zw4
[2025-08-21 13:47:00,396] [DEBUG] [app] - Decoded user_id from token: 1
[2025-08-21 13:47:00,402] [INFO] [app] - Создана категория: Cat e286 (id=1)
[2025-08-21 13:47:00,404] [DEBUG] [app] - Middleware token (preview): eyJhb...03zw4
[2025-08-21 13:47:00,404] [DEBUG] [app] - Decoded user_id from token: 1
[2025-08-21 13:47:00,413] [DEBUG] [app] - User from DB: <models.user.User object at 0x106665880>
[2025-08-21 13:47:00,413] [INFO] [app] - Создание блога пользователем 1
[2025-08-21 13:47:00,613] [DEBUG] [app] - Middleware token (preview): eyJhb...03zw4
[2025-08-21 13:47:00,613] [DEBUG] [app] - Decoded user_id from token: 1
[2025-08-21 13:47:00,626] [DEBUG] [app] - User from DB: <models.user.User object at 0x10b2b7ca0>
[2025-08-21 13:47:00,872] [INFO] [app] - Обновление блога пользователем 1
[2025-08-21 13:47:00,923] [INFO] [app] - Создана категория: test_category (id=1)
[2025-08-21 13:47:00,926] [INFO] [app] - Получено 1 категорий
[2025-08-21 13:48:10,369] [DEBUG] [app] - Middleware token (preview): eyJhb...X-tg0
[2025-08-21 13:48:10,371] [DEBUG] [app] - Decoded user_id from token: 1
[2025-08-21 13:48:10,378] [INFO] [app] - Создана категория: Update Category 81e88e (id=1)
[2025-08-21 13:48:10,380] [DEBUG] [app] - Middleware token (preview): eyJhb...X-tg0
[2025-08-21 13:48:10,380] [DEBUG] [app] - Decoded user_id from token: 1
[2025-08-21 13:48:10,389] [DEBUG] [app] - Authenticated user: id=1, email=user_130604@example.com
[2025-08-21 13:48:10,390] [INFO] [app] - Создание блога пользователем 1
[2025-08-21 13:48:10,829] [DEBUG] [app] - Middleware token (preview): eyJhb...X-tg0
[2025-08-21 13:48:10,829] [DEBUG] [app] - Decoded user_id from token: 1
[2025-08-21 13:48:10,836] [INFO] [app] - Получено 1 блогов)
[2025-08-21 13:48:10,858] [DEBUG] [app] - No user_id in request.state
[2025-08-21 13:48:11,379] [DEBUG] [app] - Middleware token (preview): eyJhb...ReN20
[2025-08-21 13:48:11,380] [DEBUG] [app] - Decoded user_id from token: 1
[2025-08-21 13:48:11,387] [INFO] [app] - Создана категория: Cat e713 (id=1)
[2025-08-21 13:48:11,388] [DEBUG] [app] - Middleware token (preview): eyJhb...ReN20
[2025-08-21 13:48:11,389] [DEBUG] [app] - Decoded user_id from token: 1
[2025-08-21 13:48:11,397] [DEBUG] [app] - Authenticated user: id=1, email=user_427514@example.com
[2025-08-21 13:48:11,398] [INFO] [app] - Создание блога пользователем 1
[2025-08-21 13:48:11,617] [DEBUG] [app] - Middleware token (preview): eyJhb...ReN20
[2025-08-21 13:48:11,617] [DEBUG] [app] - Decoded user_id from token: 1
[2025-08-21 13:48:11,632] [DEBUG] [app] - Authenticated user: id=1, email=user_427514@example.com
[2025-08-21 13:48:11,868] [INFO] [app] - Обновление блога пользователем 1
[2025-08-21 13:48:11,916] [INFO] [app] - Создана категория: test_category (id=1)
[2025-08-21 13:48:11,919] [INFO] [app] - Получено 1 категорий
[2025-08-21 13:49:20,824] [DEBUG] [app] - Middleware token (preview): eyJhb...EEh28
[2025-08-21 13:49:20,826] [DEBUG] [app] - Decoded user_id from token: 1
[2025-08-21 13:49:20,833] [INFO] [app] - Создана категория: Update Category dad1a7 (id=1)
[2025-08-21 13:49:20,835] [DEBUG] [app] - Middleware token (preview): eyJhb...EEh28
[2025-08-21 13:49:20,835] [DEBUG] [app] - Decoded user_id from token: 1
[2025-08-21 13:49:20,848] [DEBUG] [app] - Authenticated user: id=1, email=user_148709@example.com
[2025-08-21 13:49:20,848] [INFO] [app] - Создание блога пользователем 1
[2025-08-21 13:49:21,502] [DEBUG] [app] - Middleware token (preview): eyJhb...EEh28
[2025-08-21 13:49:21,502] [DEBUG] [app] - Decoded user_id from token: 1
[2025-08-21 13:49:21,510] [INFO] [app] - Получено 1 блогов)
[2025-08-21 13:49:21,529] [DEBUG] [app] - No user_id in request.state
[2025-08-21 13:49:22,037] [DEBUG] [app] - Middleware token (preview): eyJhb...2Jfr4
[2025-08-21 13:49:22,037] [DEBUG] [app] - Decoded user_id from token: 1
[2025-08-21 13:49:22,043] [INFO] [app] - Создана категория: Cat dcf5 (id=1)
[2025-08-21 13:49:22,045] [DEBUG] [app] - Middleware token (preview): eyJhb...2Jfr4
[2025-08-21 13:49:22,046] [DEBUG] [app] - Decoded user_id from token: 1
[2025-08-21 13:49:22,055] [DEBUG] [app] - Authenticated user: id=1, email=user_866219@example.com
[2025-08-21 13:49:22,055] [INFO] [app] - Создание блога пользователем 1
[2025-08-21 13:49:22,245] [DEBUG] [app] - Middleware token (preview): eyJhb...2Jfr4
[2025-08-21 13:49:22,246] [DEBUG] [app] - Decoded user_id from token: 1
[2025-08-21 13:49:22,255] [DEBUG] [app] - Authenticated user: id=1, email=user_866219@example.com
[2025-08-21 13:49:22,486] [INFO] [app] - Обновление блога пользователем 1
[2025-08-21 13:49:23,021] [DEBUG] [app] - Middleware token (preview): eyJhb...1r9j4
[2025-08-21 13:49:23,021] [DEBUG] [app] - Decoded user_id from token: 1
[2025-08-21 13:49:23,028] [INFO] [app] - Создана категория: Cat 8d96 (id=1)
[2025-08-21 13:49:23,029] [DEBUG] [app] - Middleware token (preview): eyJhb...1r9j4
[2025-08-21 13:49:23,030] [DEBUG] [app] - Decoded user_id from token: 1
[2025-08-21 13:49:23,041] [DEBUG] [app] - Authenticated user: id=1, email=user_976369@example.com
[2025-08-21 13:49:23,041] [INFO] [app] - Создание блога пользователем 1
[2025-08-21 13:49:23,246] [DEBUG] [app] - Middleware token (preview): eyJhb...1r9j4
[2025-08-21 13:49:23,246] [DEBUG] [app] - Decoded user_id from token: 1
[2025-08-21 13:49:23,248] [DEBUG] [app] - Authenticated user: id=1, email=user_976369@example.com
[2025-08-21 13:49:23,248] [INFO] [app] - Удаление блога пользователем 1
[2025-08-21 13:49:23,253] [DEBUG] [app] - Middleware token (preview): eyJhb...1r9j4
[2025-08-21 13:49:23,253] [DEBUG] [app] - Decoded user_id from token: 1
[2025-08-21 13:49:23,256] [INFO] [app] - Получено 0 блогов)
[2025-08-21 13:49:23,275] [DEBUG] [app] - No user_id in request.state
[2025-08-21 13:49:23,302] [INFO] [app] - Создана категория: test_category (id=1)
[2025-08-21 13:49:23,322] [INFO] [app] - Получено 1 категорий
[2025-08-21 13:50:27,451] [DEBUG] [app] - Middleware token (preview): eyJhb...q1SsM
[2025-08-21 13:50:27,452] [DEBUG] [app] - Decoded user_id from token: 1
[2025-08-21 13:50:27,461] [INFO] [app] - Создана категория: Update Category 3a7a85 (id=1)
[2025-08-21 13:50:27,463] [DEBUG] [app] - Middleware token (preview): eyJhb...q1SsM
[2025-08-21 13:50:27,464] [DEBUG] [app] - Decoded user_id from token: 1
[2025-08-21 13:50:27,475] [DEBUG] [app] - Authenticated user: id=1, email=user_723353@example.com
[2025-08-21 13:50:27,475] [INFO] [app] - Создание блога пользователем 1
[2025-08-21 13:50:27,950] [DEBUG] [app] - Middleware token (preview): eyJhb...q1SsM
[2025-08-21 13:50:27,950] [DEBUG] [app] - Decoded user_id from token: 1
[2025-08-21 13:50:27,957] [INFO] [app] - Получено 1 блогов)
[2025-08-21 13:50:27,979] [DEBUG] [app] - No user_id in request.state
[2025-08-21 13:50:28,508] [DEBUG] [app] - Middleware token (preview): eyJhb...OgIoA
[2025-08-21 13:50:28,508] [DEBUG] [app] - Decoded user_id from token: 1
[2025-08-21 13:50:28,514] [INFO] [app] - Создана категория: Cat 90ce (id=1)
[2025-08-21 13:50:28,516] [DEBUG] [app] - Middleware token (preview): eyJhb...OgIoA
[2025-08-21 13:50:28,517] [DEBUG] [app] - Decoded user_id from token: 1
[2025-08-21 13:50:28,526] [DEBUG] [app] - Authenticated user: id=1, email=user_614517@example.com
[2025-08-21 13:50:28,527] [INFO] [app] - Создание блога пользователем 1
[2025-08-21 13:50:28,720] [DEBUG] [app] - Middleware token (preview): eyJhb...OgIoA
[2025-08-21 13:50:28,720] [DEBUG] [app] - Decoded user_id from token: 1
[2025-08-21 13:50:28,731] [DEBUG] [app] - Authenticated user: id=1, email=user_614517@example.com
[2025-08-21 13:50:29,010] [INFO] [app] - Обновление блога пользователем 1
[2025-08-21 13:50:29,570] [DEBUG] [app] - Middleware token (preview): eyJhb...Z970E
[2025-08-21 13:50:29,570] [DEBUG] [app] - Decoded user_id from token: 1
[2025-08-21 13:50:29,578] [INFO] [app] - Создана категория: Cat 4f8b (id=1)
[2025-08-21 13:50:29,580] [DEBUG] [app] - Middleware token (preview): eyJhb...Z970E
[2025-08-21 13:50:29,580] [DEBUG] [app] - Decoded user_id from token: 1
[2025-08-21 13:50:29,590] [DEBUG] [app] - Authenticated user: id=1, email=user_980676@example.com
[2025-08-21 13:50:29,590] [INFO] [app] - Создание блога пользователем 1
[2025-08-21 13:50:29,819] [DEBUG] [app] - Middleware token (preview): eyJhb...Z970E
[2025-08-21 13:50:29,820] [DEBUG] [app] - Decoded user_id from token: 1
[2025-08-21 13:50:29,823] [DEBUG] [app] - Authenticated user: id=1, email=user_980676@example.com
[2025-08-21 13:50:29,823] [INFO] [app] - Удаление блога пользователем 1
[2025-08-21 13:50:29,828] [DEBUG] [app] - Middleware token (preview): eyJhb...Z970E
[2025-08-21 13:50:29,829] [DEBUG] [app] - Decoded user_id from token: 1
[2025-08-21 13:50:29,832] [INFO] [app] - Получено 0 блогов)
[2025-08-21 13:50:29,850] [DEBUG] [app] - No user_id in request.state
[2025-08-21 13:50:29,879] [INFO] [app] - Создана категория: test_category (id=1)
[2025-08-21 13:50:29,883] [INFO] [app] - Получено 1 категорий
[2025-08-21 14:04:14,646] [DEBUG] [app] - Middleware token (preview): eyJhb...0EkGQ
[2025-08-21 14:04:14,646] [DEBUG] [app] - Decoded user_id from token: 1
[2025-08-21 14:04:14,653] [INFO] [app] - Создана категория: Update Category 778209 (id=1)
[2025-08-21 14:04:14,655] [DEBUG] [app] - Middleware token (preview): eyJhb...0EkGQ
[2025-08-21 14:04:14,656] [DEBUG] [app] - Decoded user_id from token: 1
[2025-08-21 14:04:14,666] [DEBUG] [app] - Authenticated user: id=1, email=user_257238@example.com
[2025-08-21 14:04:14,666] [INFO] [app] - Создание блога пользователем 1
[2025-08-21 14:04:15,214] [DEBUG] [app] - Middleware token (preview): eyJhb...0EkGQ
[2025-08-21 14:04:15,215] [DEBUG] [app] - Decoded user_id from token: 1
[2025-08-21 14:04:15,221] [INFO] [app] - Получено 1 блогов)
[2025-08-21 14:04:15,241] [DEBUG] [app] - No user_id in request.state
[2025-08-21 14:04:15,754] [DEBUG] [app] - Middleware token (preview): eyJhb...kIe5A
[2025-08-21 14:04:15,755] [DEBUG] [app] - Decoded user_id from token: 1
[2025-08-21 14:04:15,760] [INFO] [app] - Создана категория: Cat ff45 (id=1)
[2025-08-21 14:04:15,762] [DEBUG] [app] - Middleware token (preview): eyJhb...kIe5A
[2025-08-21 14:04:15,762] [DEBUG] [app] - Decoded user_id from token: 1
[2025-08-21 14:04:15,771] [DEBUG] [app] - Authenticated user: id=1, email=user_577412@example.com
[2025-08-21 14:04:15,771] [INFO] [app] - Создание блога пользователем 1
[2025-08-21 14:04:15,948] [DEBUG] [app] - Middleware token (preview): eyJhb...kIe5A
[2025-08-21 14:04:15,948] [DEBUG] [app] - Decoded user_id from token: 1
[2025-08-21 14:04:15,962] [DEBUG] [app] - Authenticated user: id=1, email=user_577412@example.com
[2025-08-21 14:04:16,202] [INFO] [app] - Обновление блога пользователем 1
[2025-08-21 14:04:16,739] [DEBUG] [app] - Middleware token (preview): eyJhb...igQJo
[2025-08-21 14:04:16,739] [DEBUG] [app] - Decoded user_id from token: 1
[2025-08-21 14:04:16,746] [INFO] [app] - Создана категория: Cat 9654 (id=1)
[2025-08-21 14:04:16,748] [DEBUG] [app] - Middleware token (preview): eyJhb...igQJo
[2025-08-21 14:04:16,748] [DEBUG] [app] - Decoded user_id from token: 1
[2025-08-21 14:04:16,758] [DEBUG] [app] - Authenticated user: id=1, email=user_573148@example.com
[2025-08-21 14:04:16,758] [INFO] [app] - Создание блога пользователем 1
[2025-08-21 14:04:16,930] [DEBUG] [app] - Middleware token (preview): eyJhb...igQJo
[2025-08-21 14:04:16,931] [DEBUG] [app] - Decoded user_id from token: 1
[2025-08-21 14:04:16,933] [DEBUG] [app] - Authenticated user: id=1, email=user_573148@example.com
[2025-08-21 14:04:16,933] [INFO] [app] - Удаление блога пользователем 1
[2025-08-21 14:04:16,938] [DEBUG] [app] - Middleware token (preview): eyJhb...igQJo
[2025-08-21 14:04:16,939] [DEBUG] [app] - Decoded user_id from token: 1
[2025-08-21 14:04:16,942] [INFO] [app] - Получено 0 блогов)
[2025-08-21 14:04:16,960] [DEBUG] [app] - No user_id in request.state
[2025-08-21 14:04:16,983] [INFO] [app] - Создана категория: test_category (id=1)
[2025-08-21 14:04:16,986] [INFO] [app] - Получено 1 категорий
[2025-08-21 14:18:16,997] [DEBUG] [app] - Middleware token (preview): eyJhb...6kkqA
[2025-08-21 14:18:16,999] [DEBUG] [app] - Decoded user_id from token: 1
[2025-08-21 14:18:17,013] [INFO] [app] - Создана категория: Update Category d361dd (id=1)
[2025-08-21 14:18:17,016] [DEBUG] [app] - Middleware token (preview): eyJhb...6kkqA
[2025-08-21 14:18:17,017] [DEBUG] [app] - Decoded user_id from token: 1
[2025-08-21 14:18:17,034] [DEBUG] [app] - Authenticated user: id=1, email=user_345830@example.com
[2025-08-21 14:18:17,035] [INFO] [app] - Создание блога пользователем 1
[2025-08-21 14:18:17,593] [DEBUG] [app] - Middleware token (preview): eyJhb...6kkqA
[2025-08-21 14:18:17,593] [DEBUG] [app] - Decoded user_id from token: 1
[2025-08-21 14:18:17,600] [INFO] [app] - Получено 1 блогов)
[2025-08-21 14:18:17,625] [DEBUG] [app] - No user_id in request.state
[2025-08-21 14:18:18,143] [DEBUG] [app] - Middleware token (preview): eyJhb...pjSno
[2025-08-21 14:18:18,143] [DEBUG] [app] - Decoded user_id from token: 1
[2025-08-21 14:18:18,150] [INFO] [app] - Создана категория: Cat e10c (id=1)
[2025-08-21 14:18:18,151] [DEBUG] [app] - Middleware token (preview): eyJhb...pjSno
[2025-08-21 14:18:18,152] [DEBUG] [app] - Decoded user_id from token: 1
[2025-08-21 14:18:18,161] [DEBUG] [app] - Authenticated user: id=1, email=user_691270@example.com
[2025-08-21 14:18:18,162] [INFO] [app] - Создание блога пользователем 1
[2025-08-21 14:18:18,415] [DEBUG] [app] - Middleware token (preview): eyJhb...pjSno
[2025-08-21 14:18:18,415] [DEBUG] [app] - Decoded user_id from token: 1
[2025-08-21 14:18:18,425] [DEBUG] [app] - Authenticated user: id=1, email=user_691270@example.com
[2025-08-21 14:18:18,578] [INFO] [app] - Обновление блога пользователем 1
[2025-08-21 14:18:19,111] [DEBUG] [app] - Middleware token (preview): eyJhb...xibDg
[2025-08-21 14:18:19,111] [DEBUG] [app] - Decoded user_id from token: 1
[2025-08-21 14:18:19,117] [INFO] [app] - Создана категория: Cat fb20 (id=1)
[2025-08-21 14:18:19,119] [DEBUG] [app] - Middleware token (preview): eyJhb...xibDg
[2025-08-21 14:18:19,120] [DEBUG] [app] - Decoded user_id from token: 1
[2025-08-21 14:18:19,133] [DEBUG] [app] - Authenticated user: id=1, email=user_22068@example.com
[2025-08-21 14:18:19,133] [INFO] [app] - Создание блога пользователем 1
[2025-08-21 14:18:19,316] [DEBUG] [app] - Middleware token (preview): eyJhb...xibDg
[2025-08-21 14:18:19,316] [DEBUG] [app] - Decoded user_id from token: 1
[2025-08-21 14:18:19,318] [DEBUG] [app] - Authenticated user: id=1, email=user_22068@example.com
[2025-08-21 14:18:19,318] [INFO] [app] - Удаление блога пользователем 1
[2025-08-21 14:18:19,323] [DEBUG] [app] - Middleware token (preview): eyJhb...xibDg
[2025-08-21 14:18:19,323] [DEBUG] [app] - Decoded user_id from token: 1
[2025-08-21 14:18:19,327] [INFO] [app] - Получено 0 блогов)
[2025-08-21 14:18:19,347] [DEBUG] [app] - No user_id in request.state
[2025-08-21 14:18:19,368] [INFO] [app] - Создана категория: test_category (id=1)
[2025-08-21 14:18:19,372] [INFO] [app] - Получено 1 категорий
[2025-08-21 14:31:21,446] [DEBUG] [app] - Middleware token (preview): eyJhb...Vjiq8
[2025-08-21 14:31:21,446] [DEBUG] [app] - Decoded user_id from token: 1
[2025-08-21 14:31:21,453] [INFO] [app] - Создана категория: Update Category e2393c (id=1)
[2025-08-21 14:31:21,454] [DEBUG] [app] - Middleware token (preview): eyJhb...Vjiq8
[2025-08-21 14:31:21,455] [DEBUG] [app] - Decoded user_id from token: 1
[2025-08-21 14:31:21,464] [DEBUG] [app] - Authenticated user: id=1, email=user_775565@example.com
[2025-08-21 14:31:21,464] [INFO] [app] - Создание блога пользователем 1
[2025-08-21 14:31:22,540] [DEBUG] [app] - Middleware token (preview): eyJhb...Vjiq8
[2025-08-21 14:31:22,540] [DEBUG] [app] - Decoded user_id from token: 1
[2025-08-21 14:31:22,548] [INFO] [app] - Получено 1 блогов)
[2025-08-21 14:31:22,569] [DEBUG] [app] - No user_id in request.state
[2025-08-21 14:31:23,095] [DEBUG] [app] - Middleware token (preview): eyJhb...Og_z4
[2025-08-21 14:31:23,096] [DEBUG] [app] - Decoded user_id from token: 1
[2025-08-21 14:31:23,107] [INFO] [app] - Создана категория: Cat 324b (id=1)
[2025-08-21 14:31:23,109] [DEBUG] [app] - Middleware token (preview): eyJhb...Og_z4
[2025-08-21 14:31:23,110] [DEBUG] [app] - Decoded user_id from token: 1
[2025-08-21 14:31:23,126] [DEBUG] [app] - Authenticated user: id=1, email=user_933058@example.com
[2025-08-21 14:31:23,127] [INFO] [app] - Создание блога пользователем 1
[2025-08-21 14:31:23,328] [DEBUG] [app] - Middleware token (preview): eyJhb...Og_z4
[2025-08-21 14:31:23,328] [DEBUG] [app] - Decoded user_id from token: 1
[2025-08-21 14:31:23,341] [DEBUG] [app] - Authenticated user: id=1, email=user_933058@example.com
[2025-08-21 14:31:23,583] [INFO] [app] - Обновление блога пользователем 1
[2025-08-21 14:31:24,125] [DEBUG] [app] - Middleware token (preview): eyJhb...Uvv3M
[2025-08-21 14:31:24,126] [DEBUG] [app] - Decoded user_id from token: 1
[2025-08-21 14:31:24,131] [INFO] [app] - Создана категория: Cat 9181 (id=1)
[2025-08-21 14:31:24,133] [DEBUG] [app] - Middleware token (preview): eyJhb...Uvv3M
[2025-08-21 14:31:24,134] [DEBUG] [app] - Decoded user_id from token: 1
[2025-08-21 14:31:24,143] [DEBUG] [app] - Authenticated user: id=1, email=user_184575@example.com
[2025-08-21 14:31:24,143] [INFO] [app] - Создание блога пользователем 1
[2025-08-21 14:31:24,339] [DEBUG] [app] - Middleware token (preview): eyJhb...Uvv3M
[2025-08-21 14:31:24,339] [DEBUG] [app] - Decoded user_id from token: 1
[2025-08-21 14:31:24,341] [DEBUG] [app] - Authenticated user: id=1, email=user_184575@example.com
[2025-08-21 14:31:24,342] [INFO] [app] - Удаление блога пользователем 1
[2025-08-21 14:31:24,347] [DEBUG] [app] - Middleware token (preview): eyJhb...Uvv3M
[2025-08-21 14:31:24,347] [DEBUG] [app] - Decoded user_id from token: 1
[2025-08-21 14:31:24,351] [INFO] [app] - Получено 0 блогов)
[2025-08-21 14:31:24,375] [DEBUG] [app] - No user_id in request.state
[2025-08-21 14:31:24,407] [INFO] [app] - Создана категория: test_category (id=1)
[2025-08-21 14:31:24,410] [INFO] [app] - Получено 1 категорий
[2025-08-21 14:34:18,342] [DEBUG] [app] - Middleware token (preview): eyJhb...eLI0g
[2025-08-21 14:34:18,342] [DEBUG] [app] - Decoded user_id from token: 1
[2025-08-21 14:34:18,350] [INFO] [app] - Создана категория: Update Category fc67bb (id=1)
[2025-08-21 14:34:18,352] [DEBUG] [app] - Middleware token (preview): eyJhb...eLI0g
[2025-08-21 14:34:18,352] [DEBUG] [app] - Decoded user_id from token: 1
[2025-08-21 14:34:18,363] [DEBUG] [app] - Authenticated user: id=1, email=user_848048@example.com
[2025-08-21 14:34:18,363] [INFO] [app] - Создание блога пользователем 1
[2025-08-21 14:34:18,831] [DEBUG] [app] - Middleware token (preview): eyJhb...eLI0g
[2025-08-21 14:34:18,831] [DEBUG] [app] - Decoded user_id from token: 1
[2025-08-21 14:34:18,838] [INFO] [app] - Получено 1 блогов)
[2025-08-21 14:34:18,859] [DEBUG] [app] - No user_id in request.state
[2025-08-21 14:34:19,380] [DEBUG] [app] - Middleware token (preview): eyJhb...CWIcQ
[2025-08-21 14:34:19,380] [DEBUG] [app] - Decoded user_id from token: 1
[2025-08-21 14:34:19,386] [INFO] [app] - Создана категория: Cat c0b6 (id=1)
[2025-08-21 14:34:19,388] [DEBUG] [app] - Middleware token (preview): eyJhb...CWIcQ
[2025-08-21 14:34:19,388] [DEBUG] [app] - Decoded user_id from token: 1
[2025-08-21 14:34:19,397] [DEBUG] [app] - Authenticated user: id=1, email=user_584474@example.com
[2025-08-21 14:34:19,397] [INFO] [app] - Создание блога пользователем 1
[2025-08-21 14:34:19,586] [DEBUG] [app] - Middleware token (preview): eyJhb...CWIcQ
[2025-08-21 14:34:19,587] [DEBUG] [app] - Decoded user_id from token: 1
[2025-08-21 14:34:19,596] [DEBUG] [app] - Authenticated user: id=1, email=user_584474@example.com
[2025-08-21 14:34:19,844] [INFO] [app] - Обновление блога пользователем 1
[2025-08-21 14:34:20,452] [DEBUG] [app] - Middleware token (preview): eyJhb...ty0ac
[2025-08-21 14:34:20,452] [DEBUG] [app] - Decoded user_id from token: 1
[2025-08-21 14:34:20,458] [INFO] [app] - Создана категория: Cat eff1 (id=1)
[2025-08-21 14:34:20,460] [DEBUG] [app] - Middleware token (preview): eyJhb...ty0ac
[2025-08-21 14:34:20,461] [DEBUG] [app] - Decoded user_id from token: 1
[2025-08-21 14:34:20,470] [DEBUG] [app] - Authenticated user: id=1, email=user_619814@example.com
[2025-08-21 14:34:20,470] [INFO] [app] - Создание блога пользователем 1
[2025-08-21 14:34:20,641] [DEBUG] [app] - Middleware token (preview): eyJhb...ty0ac
[2025-08-21 14:34:20,642] [DEBUG] [app] - Decoded user_id from token: 1
[2025-08-21 14:34:20,643] [DEBUG] [app] - Authenticated user: id=1, email=user_619814@example.com
[2025-08-21 14:34:20,644] [INFO] [app] - Удаление блога пользователем 1
[2025-08-21 14:34:20,648] [DEBUG] [app] - Middleware token (preview): eyJhb...ty0ac
[2025-08-21 14:34:20,648] [DEBUG] [app] - Decoded user_id from token: 1
[2025-08-21 14:34:20,652] [INFO] [app] - Получено 0 блогов)
[2025-08-21 14:34:20,671] [DEBUG] [app] - No user_id in request.state
[2025-08-21 14:34:20,695] [INFO] [app] - Создана категория: test_category (id=1)
[2025-08-21 14:34:20,699] [INFO] [app] - Получено 1 категорий
[2025-08-21 14:36:23,805] [DEBUG] [app] - Middleware token (preview): eyJhb...7DeJw
[2025-08-21 14:36:23,806] [DEBUG] [app] - Decoded user_id from token: 1
[2025-08-21 14:36:23,814] [INFO] [app] - Создана категория: Update Category 5fc8e6 (id=1)
[2025-08-21 14:36:23,816] [DEBUG] [app] - Middleware token (preview): eyJhb...7DeJw
[2025-08-21 14:36:23,816] [DEBUG] [app] - Decoded user_id from token: 1
[2025-08-21 14:36:23,826] [DEBUG] [app] - Authenticated user: id=1, email=user_80340@example.com
[2025-08-21 14:36:23,827] [INFO] [app] - Создание блога пользователем 1
[2025-08-21 14:36:24,614] [DEBUG] [app] - Middleware token (preview): eyJhb...7DeJw
[2025-08-21 14:36:24,614] [DEBUG] [app] - Decoded user_id from token: 1
[2025-08-21 14:36:24,623] [INFO] [app] - Получено 1 блогов)
[2025-08-21 14:36:24,645] [DEBUG] [app] - No user_id in request.state
[2025-08-21 14:36:25,174] [DEBUG] [app] - Middleware token (preview): eyJhb...OwPcs
[2025-08-21 14:36:25,175] [DEBUG] [app] - Decoded user_id from token: 1
[2025-08-21 14:36:25,181] [INFO] [app] - Создана категория: Cat 88a6 (id=1)
[2025-08-21 14:36:25,183] [DEBUG] [app] - Middleware token (preview): eyJhb...OwPcs
[2025-08-21 14:36:25,183] [DEBUG] [app] - Decoded user_id from token: 1
[2025-08-21 14:36:25,195] [DEBUG] [app] - Authenticated user: id=1, email=user_471881@example.com
[2025-08-21 14:36:25,195] [INFO] [app] - Создание блога пользователем 1
[2025-08-21 14:36:25,374] [DEBUG] [app] - Middleware token (preview): eyJhb...OwPcs
[2025-08-21 14:36:25,375] [DEBUG] [app] - Decoded user_id from token: 1
[2025-08-21 14:36:25,386] [DEBUG] [app] - Authenticated user: id=1, email=user_471881@example.com
[2025-08-21 14:36:25,618] [INFO] [app] - Обновление блога пользователем 1
[2025-08-21 14:36:26,154] [DEBUG] [app] - Middleware token (preview): eyJhb...Keh8E
[2025-08-21 14:36:26,155] [DEBUG] [app] - Decoded user_id from token: 1
[2025-08-21 14:36:26,160] [INFO] [app] - Создана категория: Cat 4ca1 (id=1)
[2025-08-21 14:36:26,162] [DEBUG] [app] - Middleware token (preview): eyJhb...Keh8E
[2025-08-21 14:36:26,162] [DEBUG] [app] - Decoded user_id from token: 1
[2025-08-21 14:36:26,172] [DEBUG] [app] - Authenticated user: id=1, email=user_693300@example.com
[2025-08-21 14:36:26,172] [INFO] [app] - Создание блога пользователем 1
[2025-08-21 14:36:26,357] [DEBUG] [app] - Middleware token (preview): eyJhb...Keh8E
[2025-08-21 14:36:26,358] [DEBUG] [app] - Decoded user_id from token: 1
[2025-08-21 14:36:26,360] [DEBUG] [app] - Authenticated user: id=1, email=user_693300@example.com
[2025-08-21 14:36:26,360] [INFO] [app] - Удаление блога пользователем 1
[2025-08-21 14:36:26,365] [DEBUG] [app] - Middleware token (preview): eyJhb...Keh8E
[2025-08-21 14:36:26,365] [DEBUG] [app] - Decoded user_id from token: 1
[2025-08-21 14:36:26,369] [INFO] [app] - Получено 0 блогов)
[2025-08-21 14:36:26,388] [DEBUG] [app] - No user_id in request.state
[2025-08-21 14:36:26,411] [INFO] [app] - Создана категория: test_category (id=1)
[2025-08-21 14:36:26,415] [INFO] [app] - Получено 1 категорий
[2025-08-21 14:28:18,730] [ERROR] [app] - Глобальная ошибка на GET /blogs: [Errno 111] Connection refused
  + Exception Group Traceback (most recent call last):
  |   File "/usr/local/lib/python3.9/site-packages/starlette/_utils.py", line 77, in collapse_excgroups
  |     yield
  |   File "/usr/local/lib/python3.9/site-packages/starlette/middleware/base.py", line 187, in __call__
  |     recv_stream.close()
  |   File "/usr/local/lib/python3.9/site-packages/anyio/_backends/_asyncio.py", line 772, in __aexit__
  |     raise BaseExceptionGroup(
  | exceptiongroup.ExceptionGroup: unhandled errors in a TaskGroup (1 sub-exception)
  +-+---------------- 1 ----------------
    | Traceback (most recent call last):
    |   File "/usr/local/lib/python3.9/site-packages/starlette/middleware/errors.py", line 164, in __call__
    |     await self.app(scope, receive, _send)
    |   File "/usr/local/lib/python3.9/site-packages/starlette/middleware/base.py", line 187, in __call__
    |     recv_stream.close()
    |   File "/usr/local/lib/python3.9/contextlib.py", line 135, in __exit__
    |     self.gen.throw(type, value, traceback)
    |   File "/usr/local/lib/python3.9/site-packages/starlette/_utils.py", line 83, in collapse_excgroups
    |     raise exc
    |   File "/usr/local/lib/python3.9/site-packages/starlette/middleware/base.py", line 184, in __call__
    |     response = await self.dispatch_func(request, call_next)
    |   File "/app/middleware/auth.py", line 35, in dispatch
    |     response = await call_next(request)
    |   File "/usr/local/lib/python3.9/site-packages/starlette/middleware/base.py", line 159, in call_next
    |     raise app_exc
    |   File "/usr/local/lib/python3.9/site-packages/starlette/middleware/base.py", line 144, in coro
    |     await self.app(scope, receive_or_disconnect, send_no_error)
    |   File "/usr/local/lib/python3.9/site-packages/starlette/middleware/exceptions.py", line 63, in __call__
    |     await wrap_app_handling_exceptions(self.app, conn)(scope, receive, send)
    |   File "/usr/local/lib/python3.9/site-packages/starlette/_exception_handler.py", line 53, in wrapped_app
    |     raise exc
    |   File "/usr/local/lib/python3.9/site-packages/starlette/_exception_handler.py", line 42, in wrapped_app
    |     await app(scope, receive, sender)
    |   File "/usr/local/lib/python3.9/site-packages/starlette/routing.py", line 716, in __call__
    |     await self.middleware_stack(scope, receive, send)
    |   File "/usr/local/lib/python3.9/site-packages/starlette/routing.py", line 736, in app
    |     await route.handle(scope, receive, send)
    |   File "/usr/local/lib/python3.9/site-packages/starlette/routing.py", line 290, in handle
    |     await self.app(scope, receive, send)
    |   File "/usr/local/lib/python3.9/site-packages/starlette/routing.py", line 78, in app
    |     await wrap_app_handling_exceptions(app, request)(scope, receive, send)
    |   File "/usr/local/lib/python3.9/site-packages/starlette/_exception_handler.py", line 53, in wrapped_app
    |     raise exc
    |   File "/usr/local/lib/python3.9/site-packages/starlette/_exception_handler.py", line 42, in wrapped_app
    |     await app(scope, receive, sender)
    |   File "/usr/local/lib/python3.9/site-packages/starlette/routing.py", line 75, in app
    |     response = await f(request)
    |   File "/usr/local/lib/python3.9/site-packages/fastapi/routing.py", line 302, in app
    |     raw_response = await run_endpoint_function(
    |   File "/usr/local/lib/python3.9/site-packages/fastapi/routing.py", line 213, in run_endpoint_function
    |     return await dependant.call(**values)
    |   File "/app/routers/blog.py", line 59, in list_blogs
    |     return await get_blogs(
    |   File "/app/services/blog.py", line 107, in get_blogs
    |     result = await session.execute(stmt)
    |   File "/usr/local/lib/python3.9/site-packages/sqlalchemy/ext/asyncio/session.py", line 463, in execute
    |     result = await greenlet_spawn(
    |   File "/usr/local/lib/python3.9/site-packages/sqlalchemy/util/_concurrency_py3k.py", line 201, in greenlet_spawn
    |     result = context.throw(*sys.exc_info())
    |   File "/usr/local/lib/python3.9/site-packages/sqlalchemy/orm/session.py", line 2365, in execute
    |     return self._execute_internal(
    |   File "/usr/local/lib/python3.9/site-packages/sqlalchemy/orm/session.py", line 2241, in _execute_internal
    |     conn = self._connection_for_bind(bind)
    |   File "/usr/local/lib/python3.9/site-packages/sqlalchemy/orm/session.py", line 2110, in _connection_for_bind
    |     return trans._connection_for_bind(engine, execution_options)
    |   File "<string>", line 2, in _connection_for_bind
    |   File "/usr/local/lib/python3.9/site-packages/sqlalchemy/orm/state_changes.py", line 139, in _go
    |     ret_value = fn(self, *arg, **kw)
    |   File "/usr/local/lib/python3.9/site-packages/sqlalchemy/orm/session.py", line 1189, in _connection_for_bind
    |     conn = bind.connect()
    |   File "/usr/local/lib/python3.9/site-packages/sqlalchemy/engine/base.py", line 3273, in connect
    |     return self._connection_cls(self)
    |   File "/usr/local/lib/python3.9/site-packages/sqlalchemy/engine/base.py", line 145, in __init__
    |     self._dbapi_connection = engine.raw_connection()
    |   File "/usr/local/lib/python3.9/site-packages/sqlalchemy/engine/base.py", line 3297, in raw_connection
    |     return self.pool.connect()
    |   File "/usr/local/lib/python3.9/site-packages/sqlalchemy/pool/base.py", line 449, in connect
    |     return _ConnectionFairy._checkout(self)
    |   File "/usr/local/lib/python3.9/site-packages/sqlalchemy/pool/base.py", line 1264, in _checkout
    |     fairy = _ConnectionRecord.checkout(pool)
    |   File "/usr/local/lib/python3.9/site-packages/sqlalchemy/pool/base.py", line 713, in checkout
    |     rec = pool._do_get()
    |   File "/usr/local/lib/python3.9/site-packages/sqlalchemy/pool/impl.py", line 180, in _do_get
    |     self._dec_overflow()
    |   File "/usr/local/lib/python3.9/site-packages/sqlalchemy/util/langhelpers.py", line 224, in __exit__
    |     raise exc_value.with_traceback(exc_tb)
    |   File "/usr/local/lib/python3.9/site-packages/sqlalchemy/pool/impl.py", line 177, in _do_get
    |     return self._create_connection()
    |   File "/usr/local/lib/python3.9/site-packages/sqlalchemy/pool/base.py", line 390, in _create_connection
    |     return _ConnectionRecord(self)
    |   File "/usr/local/lib/python3.9/site-packages/sqlalchemy/pool/base.py", line 675, in __init__
    |     self.__connect()
    |   File "/usr/local/lib/python3.9/site-packages/sqlalchemy/pool/base.py", line 902, in __connect
    |     pool.logger.debug("Error on connect(): %s", e)
    |   File "/usr/local/lib/python3.9/site-packages/sqlalchemy/util/langhelpers.py", line 224, in __exit__
    |     raise exc_value.with_traceback(exc_tb)
    |   File "/usr/local/lib/python3.9/site-packages/sqlalchemy/pool/base.py", line 897, in __connect
    |     self.dbapi_connection = connection = pool._invoke_creator(self)
    |   File "/usr/local/lib/python3.9/site-packages/sqlalchemy/engine/create.py", line 646, in connect
    |     return dialect.connect(*cargs, **cparams)
    |   File "/usr/local/lib/python3.9/site-packages/sqlalchemy/engine/default.py", line 625, in connect
    |     return self.loaded_dbapi.connect(*cargs, **cparams)  # type: ignore[no-any-return]  # NOQA: E501
    |   File "/usr/local/lib/python3.9/site-packages/sqlalchemy/dialects/postgresql/asyncpg.py", line 961, in connect
    |     await_only(creator_fn(*arg, **kw)),
    |   File "/usr/local/lib/python3.9/site-packages/sqlalchemy/util/_concurrency_py3k.py", line 132, in await_only
    |     return current.parent.switch(awaitable)  # type: ignore[no-any-return,attr-defined] # noqa: E501
    |   File "/usr/local/lib/python3.9/site-packages/sqlalchemy/util/_concurrency_py3k.py", line 196, in greenlet_spawn
    |     value = await result
    |   File "/usr/local/lib/python3.9/site-packages/asyncpg/connection.py", line 2421, in connect
    |     return await connect_utils._connect(
    |   File "/usr/local/lib/python3.9/site-packages/asyncpg/connect_utils.py", line 1075, in _connect
    |     raise last_error or exceptions.TargetServerAttributeNotMatched(
    |   File "/usr/local/lib/python3.9/site-packages/asyncpg/connect_utils.py", line 1049, in _connect
    |     conn = await _connect_addr(
    |   File "/usr/local/lib/python3.9/site-packages/asyncpg/connect_utils.py", line 886, in _connect_addr
    |     return await __connect_addr(params, True, *args)
    |   File "/usr/local/lib/python3.9/site-packages/asyncpg/connect_utils.py", line 931, in __connect_addr
    |     tr, pr = await connector
    |   File "/usr/local/lib/python3.9/site-packages/asyncpg/connect_utils.py", line 802, in _create_ssl_connection
    |     tr, pr = await loop.create_connection(
    |   File "uvloop/loop.pyx", line 2043, in create_connection
    |   File "uvloop/loop.pyx", line 2020, in uvloop.loop.Loop.create_connection
    | ConnectionRefusedError: [Errno 111] Connection refused
    +------------------------------------

During handling of the above exception, another exception occurred:

Traceback (most recent call last):
  File "/usr/local/lib/python3.9/site-packages/starlette/middleware/errors.py", line 164, in __call__
    await self.app(scope, receive, _send)
  File "/usr/local/lib/python3.9/site-packages/starlette/middleware/base.py", line 187, in __call__
    recv_stream.close()
  File "/usr/local/lib/python3.9/contextlib.py", line 135, in __exit__
    self.gen.throw(type, value, traceback)
  File "/usr/local/lib/python3.9/site-packages/starlette/_utils.py", line 83, in collapse_excgroups
    raise exc
  File "/usr/local/lib/python3.9/site-packages/starlette/middleware/base.py", line 184, in __call__
    response = await self.dispatch_func(request, call_next)
  File "/app/middleware/auth.py", line 35, in dispatch
    response = await call_next(request)
  File "/usr/local/lib/python3.9/site-packages/starlette/middleware/base.py", line 159, in call_next
    raise app_exc
  File "/usr/local/lib/python3.9/site-packages/starlette/middleware/base.py", line 144, in coro
    await self.app(scope, receive_or_disconnect, send_no_error)
  File "/usr/local/lib/python3.9/site-packages/starlette/middleware/exceptions.py", line 63, in __call__
    await wrap_app_handling_exceptions(self.app, conn)(scope, receive, send)
  File "/usr/local/lib/python3.9/site-packages/starlette/_exception_handler.py", line 53, in wrapped_app
    raise exc
  File "/usr/local/lib/python3.9/site-packages/starlette/_exception_handler.py", line 42, in wrapped_app
    await app(scope, receive, sender)
  File "/usr/local/lib/python3.9/site-packages/starlette/routing.py", line 716, in __call__
    await self.middleware_stack(scope, receive, send)
  File "/usr/local/lib/python3.9/site-packages/starlette/routing.py", line 736, in app
    await route.handle(scope, receive, send)
  File "/usr/local/lib/python3.9/site-packages/starlette/routing.py", line 290, in handle
    await self.app(scope, receive, send)
  File "/usr/local/lib/python3.9/site-packages/starlette/routing.py", line 78, in app
    await wrap_app_handling_exceptions(app, request)(scope, receive, send)
  File "/usr/local/lib/python3.9/site-packages/starlette/_exception_handler.py", line 53, in wrapped_app
    raise exc
  File "/usr/local/lib/python3.9/site-packages/starlette/_exception_handler.py", line 42, in wrapped_app
    await app(scope, receive, sender)
  File "/usr/local/lib/python3.9/site-packages/starlette/routing.py", line 75, in app
    response = await f(request)
  File "/usr/local/lib/python3.9/site-packages/fastapi/routing.py", line 302, in app
    raw_response = await run_endpoint_function(
  File "/usr/local/lib/python3.9/site-packages/fastapi/routing.py", line 213, in run_endpoint_function
    return await dependant.call(**values)
  File "/app/routers/blog.py", line 59, in list_blogs
    return await get_blogs(
  File "/app/services/blog.py", line 107, in get_blogs
    result = await session.execute(stmt)
  File "/usr/local/lib/python3.9/site-packages/sqlalchemy/ext/asyncio/session.py", line 463, in execute
    result = await greenlet_spawn(
  File "/usr/local/lib/python3.9/site-packages/sqlalchemy/util/_concurrency_py3k.py", line 201, in greenlet_spawn
    result = context.throw(*sys.exc_info())
  File "/usr/local/lib/python3.9/site-packages/sqlalchemy/orm/session.py", line 2365, in execute
    return self._execute_internal(
  File "/usr/local/lib/python3.9/site-packages/sqlalchemy/orm/session.py", line 2241, in _execute_internal
    conn = self._connection_for_bind(bind)
  File "/usr/local/lib/python3.9/site-packages/sqlalchemy/orm/session.py", line 2110, in _connection_for_bind
    return trans._connection_for_bind(engine, execution_options)
  File "<string>", line 2, in _connection_for_bind
  File "/usr/local/lib/python3.9/site-packages/sqlalchemy/orm/state_changes.py", line 139, in _go
    ret_value = fn(self, *arg, **kw)
  File "/usr/local/lib/python3.9/site-packages/sqlalchemy/orm/session.py", line 1189, in _connection_for_bind
    conn = bind.connect()
  File "/usr/local/lib/python3.9/site-packages/sqlalchemy/engine/base.py", line 3273, in connect
    return self._connection_cls(self)
  File "/usr/local/lib/python3.9/site-packages/sqlalchemy/engine/base.py", line 145, in __init__
    self._dbapi_connection = engine.raw_connection()
  File "/usr/local/lib/python3.9/site-packages/sqlalchemy/engine/base.py", line 3297, in raw_connection
    return self.pool.connect()
  File "/usr/local/lib/python3.9/site-packages/sqlalchemy/pool/base.py", line 449, in connect
    return _ConnectionFairy._checkout(self)
  File "/usr/local/lib/python3.9/site-packages/sqlalchemy/pool/base.py", line 1264, in _checkout
    fairy = _ConnectionRecord.checkout(pool)
  File "/usr/local/lib/python3.9/site-packages/sqlalchemy/pool/base.py", line 713, in checkout
    rec = pool._do_get()
  File "/usr/local/lib/python3.9/site-packages/sqlalchemy/pool/impl.py", line 180, in _do_get
    self._dec_overflow()
  File "/usr/local/lib/python3.9/site-packages/sqlalchemy/util/langhelpers.py", line 224, in __exit__
    raise exc_value.with_traceback(exc_tb)
  File "/usr/local/lib/python3.9/site-packages/sqlalchemy/pool/impl.py", line 177, in _do_get
    return self._create_connection()
  File "/usr/local/lib/python3.9/site-packages/sqlalchemy/pool/base.py", line 390, in _create_connection
    return _ConnectionRecord(self)
  File "/usr/local/lib/python3.9/site-packages/sqlalchemy/pool/base.py", line 675, in __init__
    self.__connect()
  File "/usr/local/lib/python3.9/site-packages/sqlalchemy/pool/base.py", line 902, in __connect
    pool.logger.debug("Error on connect(): %s", e)
  File "/usr/local/lib/python3.9/site-packages/sqlalchemy/util/langhelpers.py", line 224, in __exit__
    raise exc_value.with_traceback(exc_tb)
  File "/usr/local/lib/python3.9/site-packages/sqlalchemy/pool/base.py", line 897, in __connect
    self.dbapi_connection = connection = pool._invoke_creator(self)
  File "/usr/local/lib/python3.9/site-packages/sqlalchemy/engine/create.py", line 646, in connect
    return dialect.connect(*cargs, **cparams)
  File "/usr/local/lib/python3.9/site-packages/sqlalchemy/engine/default.py", line 625, in connect
    return self.loaded_dbapi.connect(*cargs, **cparams)  # type: ignore[no-any-return]  # NOQA: E501
  File "/usr/local/lib/python3.9/site-packages/sqlalchemy/dialects/postgresql/asyncpg.py", line 961, in connect
    await_only(creator_fn(*arg, **kw)),
  File "/usr/local/lib/python3.9/site-packages/sqlalchemy/util/_concurrency_py3k.py", line 132, in await_only
    return current.parent.switch(awaitable)  # type: ignore[no-any-return,attr-defined] # noqa: E501
  File "/usr/local/lib/python3.9/site-packages/sqlalchemy/util/_concurrency_py3k.py", line 196, in greenlet_spawn
    value = await result
  File "/usr/local/lib/python3.9/site-packages/asyncpg/connection.py", line 2421, in connect
    return await connect_utils._connect(
  File "/usr/local/lib/python3.9/site-packages/asyncpg/connect_utils.py", line 1075, in _connect
    raise last_error or exceptions.TargetServerAttributeNotMatched(
  File "/usr/local/lib/python3.9/site-packages/asyncpg/connect_utils.py", line 1049, in _connect
    conn = await _connect_addr(
  File "/usr/local/lib/python3.9/site-packages/asyncpg/connect_utils.py", line 886, in _connect_addr
    return await __connect_addr(params, True, *args)
  File "/usr/local/lib/python3.9/site-packages/asyncpg/connect_utils.py", line 931, in __connect_addr
    tr, pr = await connector
  File "/usr/local/lib/python3.9/site-packages/asyncpg/connect_utils.py", line 802, in _create_ssl_connection
    tr, pr = await loop.create_connection(
  File "uvloop/loop.pyx", line 2043, in create_connection
  File "uvloop/loop.pyx", line 2020, in uvloop.loop.Loop.create_connection
ConnectionRefusedError: [Errno 111] Connection refused
[2025-08-21 15:36:35,479] [ERROR] [app] - Глобальная ошибка на GET /blogs: (sqlalchemy.dialects.postgresql.asyncpg.ProgrammingError) <class 'asyncpg.exceptions.UndefinedTableError'>: relation "blogs" does not exist
[SQL: SELECT blogs.id, blogs.title, blogs.text, blogs.image, blogs.slug, blogs.created_at, blogs.updated_at, blogs.is_deleted, blogs.author_id, blogs.category_id 
FROM blogs 
WHERE blogs.is_deleted = false 
 LIMIT $1::INTEGER OFFSET $2::INTEGER]
[parameters: (10, 0)]
(Background on this error at: https://sqlalche.me/e/20/f405)
Traceback (most recent call last):
  File "/usr/local/lib/python3.9/site-packages/sqlalchemy/dialects/postgresql/asyncpg.py", line 521, in _prepare_and_execute
    prepared_stmt, attributes = await adapt_connection._prepare(
  File "/usr/local/lib/python3.9/site-packages/sqlalchemy/dialects/postgresql/asyncpg.py", line 768, in _prepare
    prepared_stmt = await self._connection.prepare(
  File "/usr/local/lib/python3.9/site-packages/asyncpg/connection.py", line 635, in prepare
    return await self._prepare(
  File "/usr/local/lib/python3.9/site-packages/asyncpg/connection.py", line 653, in _prepare
    stmt = await self._get_statement(
  File "/usr/local/lib/python3.9/site-packages/asyncpg/connection.py", line 432, in _get_statement
    statement = await self._protocol.prepare(
  File "asyncpg/protocol/protocol.pyx", line 165, in prepare
asyncpg.exceptions.UndefinedTableError: relation "blogs" does not exist

The above exception was the direct cause of the following exception:

Traceback (most recent call last):
  File "/usr/local/lib/python3.9/site-packages/sqlalchemy/engine/base.py", line 1963, in _exec_single_context
    self.dialect.do_execute(
  File "/usr/local/lib/python3.9/site-packages/sqlalchemy/engine/default.py", line 943, in do_execute
    cursor.execute(statement, parameters)
  File "/usr/local/lib/python3.9/site-packages/sqlalchemy/dialects/postgresql/asyncpg.py", line 580, in execute
    self._adapt_connection.await_(
  File "/usr/local/lib/python3.9/site-packages/sqlalchemy/util/_concurrency_py3k.py", line 132, in await_only
    return current.parent.switch(awaitable)  # type: ignore[no-any-return,attr-defined] # noqa: E501
  File "/usr/local/lib/python3.9/site-packages/sqlalchemy/util/_concurrency_py3k.py", line 196, in greenlet_spawn
    value = await result
  File "/usr/local/lib/python3.9/site-packages/sqlalchemy/dialects/postgresql/asyncpg.py", line 558, in _prepare_and_execute
    self._handle_exception(error)
  File "/usr/local/lib/python3.9/site-packages/sqlalchemy/dialects/postgresql/asyncpg.py", line 508, in _handle_exception
    self._adapt_connection._handle_exception(error)
  File "/usr/local/lib/python3.9/site-packages/sqlalchemy/dialects/postgresql/asyncpg.py", line 792, in _handle_exception
    raise translated_error from error
sqlalchemy.dialects.postgresql.asyncpg.AsyncAdapt_asyncpg_dbapi.ProgrammingError: <class 'asyncpg.exceptions.UndefinedTableError'>: relation "blogs" does not exist

The above exception was the direct cause of the following exception:

Traceback (most recent call last):
  File "/usr/local/lib/python3.9/site-packages/starlette/middleware/errors.py", line 164, in __call__
    await self.app(scope, receive, _send)
  File "/usr/local/lib/python3.9/site-packages/starlette/middleware/base.py", line 187, in __call__
    recv_stream.close()
  File "/usr/local/lib/python3.9/contextlib.py", line 135, in __exit__
    self.gen.throw(type, value, traceback)
  File "/usr/local/lib/python3.9/site-packages/starlette/_utils.py", line 83, in collapse_excgroups
    raise exc
  File "/usr/local/lib/python3.9/site-packages/starlette/middleware/base.py", line 184, in __call__
    response = await self.dispatch_func(request, call_next)
  File "/app/middleware/auth.py", line 35, in dispatch
    response = await call_next(request)
  File "/usr/local/lib/python3.9/site-packages/starlette/middleware/base.py", line 159, in call_next
    raise app_exc
  File "/usr/local/lib/python3.9/site-packages/starlette/middleware/base.py", line 144, in coro
    await self.app(scope, receive_or_disconnect, send_no_error)
  File "/usr/local/lib/python3.9/site-packages/starlette/middleware/exceptions.py", line 63, in __call__
    await wrap_app_handling_exceptions(self.app, conn)(scope, receive, send)
  File "/usr/local/lib/python3.9/site-packages/starlette/_exception_handler.py", line 53, in wrapped_app
    raise exc
  File "/usr/local/lib/python3.9/site-packages/starlette/_exception_handler.py", line 42, in wrapped_app
    await app(scope, receive, sender)
  File "/usr/local/lib/python3.9/site-packages/starlette/routing.py", line 716, in __call__
    await self.middleware_stack(scope, receive, send)
  File "/usr/local/lib/python3.9/site-packages/starlette/routing.py", line 736, in app
    await route.handle(scope, receive, send)
  File "/usr/local/lib/python3.9/site-packages/starlette/routing.py", line 290, in handle
    await self.app(scope, receive, send)
  File "/usr/local/lib/python3.9/site-packages/starlette/routing.py", line 78, in app
    await wrap_app_handling_exceptions(app, request)(scope, receive, send)
  File "/usr/local/lib/python3.9/site-packages/starlette/_exception_handler.py", line 53, in wrapped_app
    raise exc
  File "/usr/local/lib/python3.9/site-packages/starlette/_exception_handler.py", line 42, in wrapped_app
    await app(scope, receive, sender)
  File "/usr/local/lib/python3.9/site-packages/starlette/routing.py", line 75, in app
    response = await f(request)
  File "/usr/local/lib/python3.9/site-packages/fastapi/routing.py", line 302, in app
    raw_response = await run_endpoint_function(
  File "/usr/local/lib/python3.9/site-packages/fastapi/routing.py", line 213, in run_endpoint_function
    return await dependant.call(**values)
  File "/app/routers/blog.py", line 59, in list_blogs
    return await get_blogs(
  File "/app/services/blog.py", line 107, in get_blogs
    result = await session.execute(stmt)
  File "/usr/local/lib/python3.9/site-packages/sqlalchemy/ext/asyncio/session.py", line 463, in execute
    result = await greenlet_spawn(
  File "/usr/local/lib/python3.9/site-packages/sqlalchemy/util/_concurrency_py3k.py", line 201, in greenlet_spawn
    result = context.throw(*sys.exc_info())
  File "/usr/local/lib/python3.9/site-packages/sqlalchemy/orm/session.py", line 2365, in execute
    return self._execute_internal(
  File "/usr/local/lib/python3.9/site-packages/sqlalchemy/orm/session.py", line 2251, in _execute_internal
    result: Result[Any] = compile_state_cls.orm_execute_statement(
  File "/usr/local/lib/python3.9/site-packages/sqlalchemy/orm/context.py", line 306, in orm_execute_statement
    result = conn.execute(
  File "/usr/local/lib/python3.9/site-packages/sqlalchemy/engine/base.py", line 1415, in execute
    return meth(
  File "/usr/local/lib/python3.9/site-packages/sqlalchemy/sql/elements.py", line 523, in _execute_on_connection
    return connection._execute_clauseelement(
  File "/usr/local/lib/python3.9/site-packages/sqlalchemy/engine/base.py", line 1637, in _execute_clauseelement
    ret = self._execute_context(
  File "/usr/local/lib/python3.9/site-packages/sqlalchemy/engine/base.py", line 1842, in _execute_context
    return self._exec_single_context(
  File "/usr/local/lib/python3.9/site-packages/sqlalchemy/engine/base.py", line 1982, in _exec_single_context
    self._handle_dbapi_exception(
  File "/usr/local/lib/python3.9/site-packages/sqlalchemy/engine/base.py", line 2351, in _handle_dbapi_exception
    raise sqlalchemy_exception.with_traceback(exc_info[2]) from e
  File "/usr/local/lib/python3.9/site-packages/sqlalchemy/engine/base.py", line 1963, in _exec_single_context
    self.dialect.do_execute(
  File "/usr/local/lib/python3.9/site-packages/sqlalchemy/engine/default.py", line 943, in do_execute
    cursor.execute(statement, parameters)
  File "/usr/local/lib/python3.9/site-packages/sqlalchemy/dialects/postgresql/asyncpg.py", line 580, in execute
    self._adapt_connection.await_(
  File "/usr/local/lib/python3.9/site-packages/sqlalchemy/util/_concurrency_py3k.py", line 132, in await_only
    return current.parent.switch(awaitable)  # type: ignore[no-any-return,attr-defined] # noqa: E501
  File "/usr/local/lib/python3.9/site-packages/sqlalchemy/util/_concurrency_py3k.py", line 196, in greenlet_spawn
    value = await result
  File "/usr/local/lib/python3.9/site-packages/sqlalchemy/dialects/postgresql/asyncpg.py", line 558, in _prepare_and_execute
    self._handle_exception(error)
  File "/usr/local/lib/python3.9/site-packages/sqlalchemy/dialects/postgresql/asyncpg.py", line 508, in _handle_exception
    self._adapt_connection._handle_exception(error)
  File "/usr/local/lib/python3.9/site-packages/sqlalchemy/dialects/postgresql/asyncpg.py", line 792, in _handle_exception
    raise translated_error from error
sqlalchemy.exc.ProgrammingError: (sqlalchemy.dialects.postgresql.asyncpg.ProgrammingError) <class 'asyncpg.exceptions.UndefinedTableError'>: relation "blogs" does not exist
[SQL: SELECT blogs.id, blogs.title, blogs.text, blogs.image, blogs.slug, blogs.created_at, blogs.updated_at, blogs.is_deleted, blogs.author_id, blogs.category_id 
FROM blogs 
WHERE blogs.is_deleted = false 
 LIMIT $1::INTEGER OFFSET $2::INTEGER]
[parameters: (10, 0)]
(Background on this error at: https://sqlalche.me/e/20/f405)
[2025-08-21 15:37:01,850] [ERROR] [app] - Глобальная ошибка на POST /auth/register: (sqlalchemy.dialects.postgresql.asyncpg.ProgrammingError) <class 'asyncpg.exceptions.UndefinedTableError'>: relation "users" does not exist
[SQL: SELECT users.id, users.email, users.name, users.phone, users.hashed_password, users.is_superuser 
FROM users 
WHERE users.email = $1::VARCHAR]
[parameters: ('user@example.com',)]
(Background on this error at: https://sqlalche.me/e/20/f405)
Traceback (most recent call last):
  File "/usr/local/lib/python3.9/site-packages/sqlalchemy/dialects/postgresql/asyncpg.py", line 521, in _prepare_and_execute
    prepared_stmt, attributes = await adapt_connection._prepare(
  File "/usr/local/lib/python3.9/site-packages/sqlalchemy/dialects/postgresql/asyncpg.py", line 768, in _prepare
    prepared_stmt = await self._connection.prepare(
  File "/usr/local/lib/python3.9/site-packages/asyncpg/connection.py", line 635, in prepare
    return await self._prepare(
  File "/usr/local/lib/python3.9/site-packages/asyncpg/connection.py", line 653, in _prepare
    stmt = await self._get_statement(
  File "/usr/local/lib/python3.9/site-packages/asyncpg/connection.py", line 432, in _get_statement
    statement = await self._protocol.prepare(
  File "asyncpg/protocol/protocol.pyx", line 165, in prepare
asyncpg.exceptions.UndefinedTableError: relation "users" does not exist

The above exception was the direct cause of the following exception:

Traceback (most recent call last):
  File "/usr/local/lib/python3.9/site-packages/sqlalchemy/engine/base.py", line 1963, in _exec_single_context
    self.dialect.do_execute(
  File "/usr/local/lib/python3.9/site-packages/sqlalchemy/engine/default.py", line 943, in do_execute
    cursor.execute(statement, parameters)
  File "/usr/local/lib/python3.9/site-packages/sqlalchemy/dialects/postgresql/asyncpg.py", line 580, in execute
    self._adapt_connection.await_(
  File "/usr/local/lib/python3.9/site-packages/sqlalchemy/util/_concurrency_py3k.py", line 132, in await_only
    return current.parent.switch(awaitable)  # type: ignore[no-any-return,attr-defined] # noqa: E501
  File "/usr/local/lib/python3.9/site-packages/sqlalchemy/util/_concurrency_py3k.py", line 196, in greenlet_spawn
    value = await result
  File "/usr/local/lib/python3.9/site-packages/sqlalchemy/dialects/postgresql/asyncpg.py", line 558, in _prepare_and_execute
    self._handle_exception(error)
  File "/usr/local/lib/python3.9/site-packages/sqlalchemy/dialects/postgresql/asyncpg.py", line 508, in _handle_exception
    self._adapt_connection._handle_exception(error)
  File "/usr/local/lib/python3.9/site-packages/sqlalchemy/dialects/postgresql/asyncpg.py", line 792, in _handle_exception
    raise translated_error from error
sqlalchemy.dialects.postgresql.asyncpg.AsyncAdapt_asyncpg_dbapi.ProgrammingError: <class 'asyncpg.exceptions.UndefinedTableError'>: relation "users" does not exist

The above exception was the direct cause of the following exception:

Traceback (most recent call last):
  File "/usr/local/lib/python3.9/site-packages/starlette/middleware/errors.py", line 164, in __call__
    await self.app(scope, receive, _send)
  File "/usr/local/lib/python3.9/site-packages/starlette/middleware/base.py", line 187, in __call__
    recv_stream.close()
  File "/usr/local/lib/python3.9/contextlib.py", line 135, in __exit__
    self.gen.throw(type, value, traceback)
  File "/usr/local/lib/python3.9/site-packages/starlette/_utils.py", line 83, in collapse_excgroups
    raise exc
  File "/usr/local/lib/python3.9/site-packages/starlette/middleware/base.py", line 184, in __call__
    response = await self.dispatch_func(request, call_next)
  File "/app/middleware/auth.py", line 35, in dispatch
    response = await call_next(request)
  File "/usr/local/lib/python3.9/site-packages/starlette/middleware/base.py", line 159, in call_next
    raise app_exc
  File "/usr/local/lib/python3.9/site-packages/starlette/middleware/base.py", line 144, in coro
    await self.app(scope, receive_or_disconnect, send_no_error)
  File "/usr/local/lib/python3.9/site-packages/starlette/middleware/exceptions.py", line 63, in __call__
    await wrap_app_handling_exceptions(self.app, conn)(scope, receive, send)
  File "/usr/local/lib/python3.9/site-packages/starlette/_exception_handler.py", line 53, in wrapped_app
    raise exc
  File "/usr/local/lib/python3.9/site-packages/starlette/_exception_handler.py", line 42, in wrapped_app
    await app(scope, receive, sender)
  File "/usr/local/lib/python3.9/site-packages/starlette/routing.py", line 716, in __call__
    await self.middleware_stack(scope, receive, send)
  File "/usr/local/lib/python3.9/site-packages/starlette/routing.py", line 736, in app
    await route.handle(scope, receive, send)
  File "/usr/local/lib/python3.9/site-packages/starlette/routing.py", line 290, in handle
    await self.app(scope, receive, send)
  File "/usr/local/lib/python3.9/site-packages/starlette/routing.py", line 78, in app
    await wrap_app_handling_exceptions(app, request)(scope, receive, send)
  File "/usr/local/lib/python3.9/site-packages/starlette/_exception_handler.py", line 53, in wrapped_app
    raise exc
  File "/usr/local/lib/python3.9/site-packages/starlette/_exception_handler.py", line 42, in wrapped_app
    await app(scope, receive, sender)
  File "/usr/local/lib/python3.9/site-packages/starlette/routing.py", line 75, in app
    response = await f(request)
  File "/usr/local/lib/python3.9/site-packages/fastapi/routing.py", line 302, in app
    raw_response = await run_endpoint_function(
  File "/usr/local/lib/python3.9/site-packages/fastapi/routing.py", line 213, in run_endpoint_function
    return await dependant.call(**values)
  File "/app/routers/auth.py", line 37, in register
    existing = await get_user_by_email(db, user_in.email)
  File "/app/services/user.py", line 18, in get_user_by_email
    result = await session.execute(stmt)
  File "/usr/local/lib/python3.9/site-packages/sqlalchemy/ext/asyncio/session.py", line 463, in execute
    result = await greenlet_spawn(
  File "/usr/local/lib/python3.9/site-packages/sqlalchemy/util/_concurrency_py3k.py", line 201, in greenlet_spawn
    result = context.throw(*sys.exc_info())
  File "/usr/local/lib/python3.9/site-packages/sqlalchemy/orm/session.py", line 2365, in execute
    return self._execute_internal(
  File "/usr/local/lib/python3.9/site-packages/sqlalchemy/orm/session.py", line 2251, in _execute_internal
    result: Result[Any] = compile_state_cls.orm_execute_statement(
  File "/usr/local/lib/python3.9/site-packages/sqlalchemy/orm/context.py", line 306, in orm_execute_statement
    result = conn.execute(
  File "/usr/local/lib/python3.9/site-packages/sqlalchemy/engine/base.py", line 1415, in execute
    return meth(
  File "/usr/local/lib/python3.9/site-packages/sqlalchemy/sql/elements.py", line 523, in _execute_on_connection
    return connection._execute_clauseelement(
  File "/usr/local/lib/python3.9/site-packages/sqlalchemy/engine/base.py", line 1637, in _execute_clauseelement
    ret = self._execute_context(
  File "/usr/local/lib/python3.9/site-packages/sqlalchemy/engine/base.py", line 1842, in _execute_context
    return self._exec_single_context(
  File "/usr/local/lib/python3.9/site-packages/sqlalchemy/engine/base.py", line 1982, in _exec_single_context
    self._handle_dbapi_exception(
  File "/usr/local/lib/python3.9/site-packages/sqlalchemy/engine/base.py", line 2351, in _handle_dbapi_exception
    raise sqlalchemy_exception.with_traceback(exc_info[2]) from e
  File "/usr/local/lib/python3.9/site-packages/sqlalchemy/engine/base.py", line 1963, in _exec_single_context
    self.dialect.do_execute(
  File "/usr/local/lib/python3.9/site-packages/sqlalchemy/engine/default.py", line 943, in do_execute
    cursor.execute(statement, parameters)
  File "/usr/local/lib/python3.9/site-packages/sqlalchemy/dialects/postgresql/asyncpg.py", line 580, in execute
    self._adapt_connection.await_(
  File "/usr/local/lib/python3.9/site-packages/sqlalchemy/util/_concurrency_py3k.py", line 132, in await_only
    return current.parent.switch(awaitable)  # type: ignore[no-any-return,attr-defined] # noqa: E501
  File "/usr/local/lib/python3.9/site-packages/sqlalchemy/util/_concurrency_py3k.py", line 196, in greenlet_spawn
    value = await result
  File "/usr/local/lib/python3.9/site-packages/sqlalchemy/dialects/postgresql/asyncpg.py", line 558, in _prepare_and_execute
    self._handle_exception(error)
  File "/usr/local/lib/python3.9/site-packages/sqlalchemy/dialects/postgresql/asyncpg.py", line 508, in _handle_exception
    self._adapt_connection._handle_exception(error)
  File "/usr/local/lib/python3.9/site-packages/sqlalchemy/dialects/postgresql/asyncpg.py", line 792, in _handle_exception
    raise translated_error from error
sqlalchemy.exc.ProgrammingError: (sqlalchemy.dialects.postgresql.asyncpg.ProgrammingError) <class 'asyncpg.exceptions.UndefinedTableError'>: relation "users" does not exist
[SQL: SELECT users.id, users.email, users.name, users.phone, users.hashed_password, users.is_superuser 
FROM users 
WHERE users.email = $1::VARCHAR]
[parameters: ('user@example.com',)]
(Background on this error at: https://sqlalche.me/e/20/f405)
[2025-08-21 15:37:04,345] [ERROR] [app] - Глобальная ошибка на POST /auth/register: (sqlalchemy.dialects.postgresql.asyncpg.ProgrammingError) <class 'asyncpg.exceptions.UndefinedTableError'>: relation "users" does not exist
[SQL: SELECT users.id, users.email, users.name, users.phone, users.hashed_password, users.is_superuser 
FROM users 
WHERE users.email = $1::VARCHAR]
[parameters: ('user@example.com',)]
(Background on this error at: https://sqlalche.me/e/20/f405)
Traceback (most recent call last):
  File "/usr/local/lib/python3.9/site-packages/sqlalchemy/dialects/postgresql/asyncpg.py", line 521, in _prepare_and_execute
    prepared_stmt, attributes = await adapt_connection._prepare(
  File "/usr/local/lib/python3.9/site-packages/sqlalchemy/dialects/postgresql/asyncpg.py", line 768, in _prepare
    prepared_stmt = await self._connection.prepare(
  File "/usr/local/lib/python3.9/site-packages/asyncpg/connection.py", line 635, in prepare
    return await self._prepare(
  File "/usr/local/lib/python3.9/site-packages/asyncpg/connection.py", line 653, in _prepare
    stmt = await self._get_statement(
  File "/usr/local/lib/python3.9/site-packages/asyncpg/connection.py", line 432, in _get_statement
    statement = await self._protocol.prepare(
  File "asyncpg/protocol/protocol.pyx", line 165, in prepare
asyncpg.exceptions.UndefinedTableError: relation "users" does not exist

The above exception was the direct cause of the following exception:

Traceback (most recent call last):
  File "/usr/local/lib/python3.9/site-packages/sqlalchemy/engine/base.py", line 1963, in _exec_single_context
    self.dialect.do_execute(
  File "/usr/local/lib/python3.9/site-packages/sqlalchemy/engine/default.py", line 943, in do_execute
    cursor.execute(statement, parameters)
  File "/usr/local/lib/python3.9/site-packages/sqlalchemy/dialects/postgresql/asyncpg.py", line 580, in execute
    self._adapt_connection.await_(
  File "/usr/local/lib/python3.9/site-packages/sqlalchemy/util/_concurrency_py3k.py", line 132, in await_only
    return current.parent.switch(awaitable)  # type: ignore[no-any-return,attr-defined] # noqa: E501
  File "/usr/local/lib/python3.9/site-packages/sqlalchemy/util/_concurrency_py3k.py", line 196, in greenlet_spawn
    value = await result
  File "/usr/local/lib/python3.9/site-packages/sqlalchemy/dialects/postgresql/asyncpg.py", line 558, in _prepare_and_execute
    self._handle_exception(error)
  File "/usr/local/lib/python3.9/site-packages/sqlalchemy/dialects/postgresql/asyncpg.py", line 508, in _handle_exception
    self._adapt_connection._handle_exception(error)
  File "/usr/local/lib/python3.9/site-packages/sqlalchemy/dialects/postgresql/asyncpg.py", line 792, in _handle_exception
    raise translated_error from error
sqlalchemy.dialects.postgresql.asyncpg.AsyncAdapt_asyncpg_dbapi.ProgrammingError: <class 'asyncpg.exceptions.UndefinedTableError'>: relation "users" does not exist

The above exception was the direct cause of the following exception:

Traceback (most recent call last):
  File "/usr/local/lib/python3.9/site-packages/starlette/middleware/errors.py", line 164, in __call__
    await self.app(scope, receive, _send)
  File "/usr/local/lib/python3.9/site-packages/starlette/middleware/base.py", line 187, in __call__
    recv_stream.close()
  File "/usr/local/lib/python3.9/contextlib.py", line 135, in __exit__
    self.gen.throw(type, value, traceback)
  File "/usr/local/lib/python3.9/site-packages/starlette/_utils.py", line 83, in collapse_excgroups
    raise exc
  File "/usr/local/lib/python3.9/site-packages/starlette/middleware/base.py", line 184, in __call__
    response = await self.dispatch_func(request, call_next)
  File "/app/middleware/auth.py", line 35, in dispatch
    response = await call_next(request)
  File "/usr/local/lib/python3.9/site-packages/starlette/middleware/base.py", line 159, in call_next
    raise app_exc
  File "/usr/local/lib/python3.9/site-packages/starlette/middleware/base.py", line 144, in coro
    await self.app(scope, receive_or_disconnect, send_no_error)
  File "/usr/local/lib/python3.9/site-packages/starlette/middleware/exceptions.py", line 63, in __call__
    await wrap_app_handling_exceptions(self.app, conn)(scope, receive, send)
  File "/usr/local/lib/python3.9/site-packages/starlette/_exception_handler.py", line 53, in wrapped_app
    raise exc
  File "/usr/local/lib/python3.9/site-packages/starlette/_exception_handler.py", line 42, in wrapped_app
    await app(scope, receive, sender)
  File "/usr/local/lib/python3.9/site-packages/starlette/routing.py", line 716, in __call__
    await self.middleware_stack(scope, receive, send)
  File "/usr/local/lib/python3.9/site-packages/starlette/routing.py", line 736, in app
    await route.handle(scope, receive, send)
  File "/usr/local/lib/python3.9/site-packages/starlette/routing.py", line 290, in handle
    await self.app(scope, receive, send)
  File "/usr/local/lib/python3.9/site-packages/starlette/routing.py", line 78, in app
    await wrap_app_handling_exceptions(app, request)(scope, receive, send)
  File "/usr/local/lib/python3.9/site-packages/starlette/_exception_handler.py", line 53, in wrapped_app
    raise exc
  File "/usr/local/lib/python3.9/site-packages/starlette/_exception_handler.py", line 42, in wrapped_app
    await app(scope, receive, sender)
  File "/usr/local/lib/python3.9/site-packages/starlette/routing.py", line 75, in app
    response = await f(request)
  File "/usr/local/lib/python3.9/site-packages/fastapi/routing.py", line 302, in app
    raw_response = await run_endpoint_function(
  File "/usr/local/lib/python3.9/site-packages/fastapi/routing.py", line 213, in run_endpoint_function
    return await dependant.call(**values)
  File "/app/routers/auth.py", line 37, in register
    existing = await get_user_by_email(db, user_in.email)
  File "/app/services/user.py", line 18, in get_user_by_email
    result = await session.execute(stmt)
  File "/usr/local/lib/python3.9/site-packages/sqlalchemy/ext/asyncio/session.py", line 463, in execute
    result = await greenlet_spawn(
  File "/usr/local/lib/python3.9/site-packages/sqlalchemy/util/_concurrency_py3k.py", line 201, in greenlet_spawn
    result = context.throw(*sys.exc_info())
  File "/usr/local/lib/python3.9/site-packages/sqlalchemy/orm/session.py", line 2365, in execute
    return self._execute_internal(
  File "/usr/local/lib/python3.9/site-packages/sqlalchemy/orm/session.py", line 2251, in _execute_internal
    result: Result[Any] = compile_state_cls.orm_execute_statement(
  File "/usr/local/lib/python3.9/site-packages/sqlalchemy/orm/context.py", line 306, in orm_execute_statement
    result = conn.execute(
  File "/usr/local/lib/python3.9/site-packages/sqlalchemy/engine/base.py", line 1415, in execute
    return meth(
  File "/usr/local/lib/python3.9/site-packages/sqlalchemy/sql/elements.py", line 523, in _execute_on_connection
    return connection._execute_clauseelement(
  File "/usr/local/lib/python3.9/site-packages/sqlalchemy/engine/base.py", line 1637, in _execute_clauseelement
    ret = self._execute_context(
  File "/usr/local/lib/python3.9/site-packages/sqlalchemy/engine/base.py", line 1842, in _execute_context
    return self._exec_single_context(
  File "/usr/local/lib/python3.9/site-packages/sqlalchemy/engine/base.py", line 1982, in _exec_single_context
    self._handle_dbapi_exception(
  File "/usr/local/lib/python3.9/site-packages/sqlalchemy/engine/base.py", line 2351, in _handle_dbapi_exception
    raise sqlalchemy_exception.with_traceback(exc_info[2]) from e
  File "/usr/local/lib/python3.9/site-packages/sqlalchemy/engine/base.py", line 1963, in _exec_single_context
    self.dialect.do_execute(
  File "/usr/local/lib/python3.9/site-packages/sqlalchemy/engine/default.py", line 943, in do_execute
    cursor.execute(statement, parameters)
  File "/usr/local/lib/python3.9/site-packages/sqlalchemy/dialects/postgresql/asyncpg.py", line 580, in execute
    self._adapt_connection.await_(
  File "/usr/local/lib/python3.9/site-packages/sqlalchemy/util/_concurrency_py3k.py", line 132, in await_only
    return current.parent.switch(awaitable)  # type: ignore[no-any-return,attr-defined] # noqa: E501
  File "/usr/local/lib/python3.9/site-packages/sqlalchemy/util/_concurrency_py3k.py", line 196, in greenlet_spawn
    value = await result
  File "/usr/local/lib/python3.9/site-packages/sqlalchemy/dialects/postgresql/asyncpg.py", line 558, in _prepare_and_execute
    self._handle_exception(error)
  File "/usr/local/lib/python3.9/site-packages/sqlalchemy/dialects/postgresql/asyncpg.py", line 508, in _handle_exception
    self._adapt_connection._handle_exception(error)
  File "/usr/local/lib/python3.9/site-packages/sqlalchemy/dialects/postgresql/asyncpg.py", line 792, in _handle_exception
    raise translated_error from error
sqlalchemy.exc.ProgrammingError: (sqlalchemy.dialects.postgresql.asyncpg.ProgrammingError) <class 'asyncpg.exceptions.UndefinedTableError'>: relation "users" does not exist
[SQL: SELECT users.id, users.email, users.name, users.phone, users.hashed_password, users.is_superuser 
FROM users 
WHERE users.email = $1::VARCHAR]
[parameters: ('user@example.com',)]
(Background on this error at: https://sqlalche.me/e/20/f405)
[2025-08-21 15:37:04,887] [ERROR] [app] - Глобальная ошибка на POST /auth/register: (sqlalchemy.dialects.postgresql.asyncpg.ProgrammingError) <class 'asyncpg.exceptions.UndefinedTableError'>: relation "users" does not exist
[SQL: SELECT users.id, users.email, users.name, users.phone, users.hashed_password, users.is_superuser 
FROM users 
WHERE users.email = $1::VARCHAR]
[parameters: ('user@example.com',)]
(Background on this error at: https://sqlalche.me/e/20/f405)
Traceback (most recent call last):
  File "/usr/local/lib/python3.9/site-packages/sqlalchemy/dialects/postgresql/asyncpg.py", line 521, in _prepare_and_execute
    prepared_stmt, attributes = await adapt_connection._prepare(
  File "/usr/local/lib/python3.9/site-packages/sqlalchemy/dialects/postgresql/asyncpg.py", line 768, in _prepare
    prepared_stmt = await self._connection.prepare(
  File "/usr/local/lib/python3.9/site-packages/asyncpg/connection.py", line 635, in prepare
    return await self._prepare(
  File "/usr/local/lib/python3.9/site-packages/asyncpg/connection.py", line 653, in _prepare
    stmt = await self._get_statement(
  File "/usr/local/lib/python3.9/site-packages/asyncpg/connection.py", line 432, in _get_statement
    statement = await self._protocol.prepare(
  File "asyncpg/protocol/protocol.pyx", line 165, in prepare
asyncpg.exceptions.UndefinedTableError: relation "users" does not exist

The above exception was the direct cause of the following exception:

Traceback (most recent call last):
  File "/usr/local/lib/python3.9/site-packages/sqlalchemy/engine/base.py", line 1963, in _exec_single_context
    self.dialect.do_execute(
  File "/usr/local/lib/python3.9/site-packages/sqlalchemy/engine/default.py", line 943, in do_execute
    cursor.execute(statement, parameters)
  File "/usr/local/lib/python3.9/site-packages/sqlalchemy/dialects/postgresql/asyncpg.py", line 580, in execute
    self._adapt_connection.await_(
  File "/usr/local/lib/python3.9/site-packages/sqlalchemy/util/_concurrency_py3k.py", line 132, in await_only
    return current.parent.switch(awaitable)  # type: ignore[no-any-return,attr-defined] # noqa: E501
  File "/usr/local/lib/python3.9/site-packages/sqlalchemy/util/_concurrency_py3k.py", line 196, in greenlet_spawn
    value = await result
  File "/usr/local/lib/python3.9/site-packages/sqlalchemy/dialects/postgresql/asyncpg.py", line 558, in _prepare_and_execute
    self._handle_exception(error)
  File "/usr/local/lib/python3.9/site-packages/sqlalchemy/dialects/postgresql/asyncpg.py", line 508, in _handle_exception
    self._adapt_connection._handle_exception(error)
  File "/usr/local/lib/python3.9/site-packages/sqlalchemy/dialects/postgresql/asyncpg.py", line 792, in _handle_exception
    raise translated_error from error
sqlalchemy.dialects.postgresql.asyncpg.AsyncAdapt_asyncpg_dbapi.ProgrammingError: <class 'asyncpg.exceptions.UndefinedTableError'>: relation "users" does not exist

The above exception was the direct cause of the following exception:

Traceback (most recent call last):
  File "/usr/local/lib/python3.9/site-packages/starlette/middleware/errors.py", line 164, in __call__
    await self.app(scope, receive, _send)
  File "/usr/local/lib/python3.9/site-packages/starlette/middleware/base.py", line 187, in __call__
    recv_stream.close()
  File "/usr/local/lib/python3.9/contextlib.py", line 135, in __exit__
    self.gen.throw(type, value, traceback)
  File "/usr/local/lib/python3.9/site-packages/starlette/_utils.py", line 83, in collapse_excgroups
    raise exc
  File "/usr/local/lib/python3.9/site-packages/starlette/middleware/base.py", line 184, in __call__
    response = await self.dispatch_func(request, call_next)
  File "/app/middleware/auth.py", line 35, in dispatch
    response = await call_next(request)
  File "/usr/local/lib/python3.9/site-packages/starlette/middleware/base.py", line 159, in call_next
    raise app_exc
  File "/usr/local/lib/python3.9/site-packages/starlette/middleware/base.py", line 144, in coro
    await self.app(scope, receive_or_disconnect, send_no_error)
  File "/usr/local/lib/python3.9/site-packages/starlette/middleware/exceptions.py", line 63, in __call__
    await wrap_app_handling_exceptions(self.app, conn)(scope, receive, send)
  File "/usr/local/lib/python3.9/site-packages/starlette/_exception_handler.py", line 53, in wrapped_app
    raise exc
  File "/usr/local/lib/python3.9/site-packages/starlette/_exception_handler.py", line 42, in wrapped_app
    await app(scope, receive, sender)
  File "/usr/local/lib/python3.9/site-packages/starlette/routing.py", line 716, in __call__
    await self.middleware_stack(scope, receive, send)
  File "/usr/local/lib/python3.9/site-packages/starlette/routing.py", line 736, in app
    await route.handle(scope, receive, send)
  File "/usr/local/lib/python3.9/site-packages/starlette/routing.py", line 290, in handle
    await self.app(scope, receive, send)
  File "/usr/local/lib/python3.9/site-packages/starlette/routing.py", line 78, in app
    await wrap_app_handling_exceptions(app, request)(scope, receive, send)
  File "/usr/local/lib/python3.9/site-packages/starlette/_exception_handler.py", line 53, in wrapped_app
    raise exc
  File "/usr/local/lib/python3.9/site-packages/starlette/_exception_handler.py", line 42, in wrapped_app
    await app(scope, receive, sender)
  File "/usr/local/lib/python3.9/site-packages/starlette/routing.py", line 75, in app
    response = await f(request)
  File "/usr/local/lib/python3.9/site-packages/fastapi/routing.py", line 302, in app
    raw_response = await run_endpoint_function(
  File "/usr/local/lib/python3.9/site-packages/fastapi/routing.py", line 213, in run_endpoint_function
    return await dependant.call(**values)
  File "/app/routers/auth.py", line 37, in register
    existing = await get_user_by_email(db, user_in.email)
  File "/app/services/user.py", line 18, in get_user_by_email
    result = await session.execute(stmt)
  File "/usr/local/lib/python3.9/site-packages/sqlalchemy/ext/asyncio/session.py", line 463, in execute
    result = await greenlet_spawn(
  File "/usr/local/lib/python3.9/site-packages/sqlalchemy/util/_concurrency_py3k.py", line 201, in greenlet_spawn
    result = context.throw(*sys.exc_info())
  File "/usr/local/lib/python3.9/site-packages/sqlalchemy/orm/session.py", line 2365, in execute
    return self._execute_internal(
  File "/usr/local/lib/python3.9/site-packages/sqlalchemy/orm/session.py", line 2251, in _execute_internal
    result: Result[Any] = compile_state_cls.orm_execute_statement(
  File "/usr/local/lib/python3.9/site-packages/sqlalchemy/orm/context.py", line 306, in orm_execute_statement
    result = conn.execute(
  File "/usr/local/lib/python3.9/site-packages/sqlalchemy/engine/base.py", line 1415, in execute
    return meth(
  File "/usr/local/lib/python3.9/site-packages/sqlalchemy/sql/elements.py", line 523, in _execute_on_connection
    return connection._execute_clauseelement(
  File "/usr/local/lib/python3.9/site-packages/sqlalchemy/engine/base.py", line 1637, in _execute_clauseelement
    ret = self._execute_context(
  File "/usr/local/lib/python3.9/site-packages/sqlalchemy/engine/base.py", line 1842, in _execute_context
    return self._exec_single_context(
  File "/usr/local/lib/python3.9/site-packages/sqlalchemy/engine/base.py", line 1982, in _exec_single_context
    self._handle_dbapi_exception(
  File "/usr/local/lib/python3.9/site-packages/sqlalchemy/engine/base.py", line 2351, in _handle_dbapi_exception
    raise sqlalchemy_exception.with_traceback(exc_info[2]) from e
  File "/usr/local/lib/python3.9/site-packages/sqlalchemy/engine/base.py", line 1963, in _exec_single_context
    self.dialect.do_execute(
  File "/usr/local/lib/python3.9/site-packages/sqlalchemy/engine/default.py", line 943, in do_execute
    cursor.execute(statement, parameters)
  File "/usr/local/lib/python3.9/site-packages/sqlalchemy/dialects/postgresql/asyncpg.py", line 580, in execute
    self._adapt_connection.await_(
  File "/usr/local/lib/python3.9/site-packages/sqlalchemy/util/_concurrency_py3k.py", line 132, in await_only
    return current.parent.switch(awaitable)  # type: ignore[no-any-return,attr-defined] # noqa: E501
  File "/usr/local/lib/python3.9/site-packages/sqlalchemy/util/_concurrency_py3k.py", line 196, in greenlet_spawn
    value = await result
  File "/usr/local/lib/python3.9/site-packages/sqlalchemy/dialects/postgresql/asyncpg.py", line 558, in _prepare_and_execute
    self._handle_exception(error)
  File "/usr/local/lib/python3.9/site-packages/sqlalchemy/dialects/postgresql/asyncpg.py", line 508, in _handle_exception
    self._adapt_connection._handle_exception(error)
  File "/usr/local/lib/python3.9/site-packages/sqlalchemy/dialects/postgresql/asyncpg.py", line 792, in _handle_exception
    raise translated_error from error
sqlalchemy.exc.ProgrammingError: (sqlalchemy.dialects.postgresql.asyncpg.ProgrammingError) <class 'asyncpg.exceptions.UndefinedTableError'>: relation "users" does not exist
[SQL: SELECT users.id, users.email, users.name, users.phone, users.hashed_password, users.is_superuser 
FROM users 
WHERE users.email = $1::VARCHAR]
[parameters: ('user@example.com',)]
(Background on this error at: https://sqlalche.me/e/20/f405)
[2025-08-21 15:37:05,274] [ERROR] [app] - Глобальная ошибка на POST /auth/register: (sqlalchemy.dialects.postgresql.asyncpg.ProgrammingError) <class 'asyncpg.exceptions.UndefinedTableError'>: relation "users" does not exist
[SQL: SELECT users.id, users.email, users.name, users.phone, users.hashed_password, users.is_superuser 
FROM users 
WHERE users.email = $1::VARCHAR]
[parameters: ('user@example.com',)]
(Background on this error at: https://sqlalche.me/e/20/f405)
Traceback (most recent call last):
  File "/usr/local/lib/python3.9/site-packages/sqlalchemy/dialects/postgresql/asyncpg.py", line 521, in _prepare_and_execute
    prepared_stmt, attributes = await adapt_connection._prepare(
  File "/usr/local/lib/python3.9/site-packages/sqlalchemy/dialects/postgresql/asyncpg.py", line 768, in _prepare
    prepared_stmt = await self._connection.prepare(
  File "/usr/local/lib/python3.9/site-packages/asyncpg/connection.py", line 635, in prepare
    return await self._prepare(
  File "/usr/local/lib/python3.9/site-packages/asyncpg/connection.py", line 653, in _prepare
    stmt = await self._get_statement(
  File "/usr/local/lib/python3.9/site-packages/asyncpg/connection.py", line 432, in _get_statement
    statement = await self._protocol.prepare(
  File "asyncpg/protocol/protocol.pyx", line 165, in prepare
asyncpg.exceptions.UndefinedTableError: relation "users" does not exist

The above exception was the direct cause of the following exception:

Traceback (most recent call last):
  File "/usr/local/lib/python3.9/site-packages/sqlalchemy/engine/base.py", line 1963, in _exec_single_context
    self.dialect.do_execute(
  File "/usr/local/lib/python3.9/site-packages/sqlalchemy/engine/default.py", line 943, in do_execute
    cursor.execute(statement, parameters)
  File "/usr/local/lib/python3.9/site-packages/sqlalchemy/dialects/postgresql/asyncpg.py", line 580, in execute
    self._adapt_connection.await_(
  File "/usr/local/lib/python3.9/site-packages/sqlalchemy/util/_concurrency_py3k.py", line 132, in await_only
    return current.parent.switch(awaitable)  # type: ignore[no-any-return,attr-defined] # noqa: E501
  File "/usr/local/lib/python3.9/site-packages/sqlalchemy/util/_concurrency_py3k.py", line 196, in greenlet_spawn
    value = await result
  File "/usr/local/lib/python3.9/site-packages/sqlalchemy/dialects/postgresql/asyncpg.py", line 558, in _prepare_and_execute
    self._handle_exception(error)
  File "/usr/local/lib/python3.9/site-packages/sqlalchemy/dialects/postgresql/asyncpg.py", line 508, in _handle_exception
    self._adapt_connection._handle_exception(error)
  File "/usr/local/lib/python3.9/site-packages/sqlalchemy/dialects/postgresql/asyncpg.py", line 792, in _handle_exception
    raise translated_error from error
sqlalchemy.dialects.postgresql.asyncpg.AsyncAdapt_asyncpg_dbapi.ProgrammingError: <class 'asyncpg.exceptions.UndefinedTableError'>: relation "users" does not exist

The above exception was the direct cause of the following exception:

Traceback (most recent call last):
  File "/usr/local/lib/python3.9/site-packages/starlette/middleware/errors.py", line 164, in __call__
    await self.app(scope, receive, _send)
  File "/usr/local/lib/python3.9/site-packages/starlette/middleware/base.py", line 187, in __call__
    recv_stream.close()
  File "/usr/local/lib/python3.9/contextlib.py", line 135, in __exit__
    self.gen.throw(type, value, traceback)
  File "/usr/local/lib/python3.9/site-packages/starlette/_utils.py", line 83, in collapse_excgroups
    raise exc
  File "/usr/local/lib/python3.9/site-packages/starlette/middleware/base.py", line 184, in __call__
    response = await self.dispatch_func(request, call_next)
  File "/app/middleware/auth.py", line 35, in dispatch
    response = await call_next(request)
  File "/usr/local/lib/python3.9/site-packages/starlette/middleware/base.py", line 159, in call_next
    raise app_exc
  File "/usr/local/lib/python3.9/site-packages/starlette/middleware/base.py", line 144, in coro
    await self.app(scope, receive_or_disconnect, send_no_error)
  File "/usr/local/lib/python3.9/site-packages/starlette/middleware/exceptions.py", line 63, in __call__
    await wrap_app_handling_exceptions(self.app, conn)(scope, receive, send)
  File "/usr/local/lib/python3.9/site-packages/starlette/_exception_handler.py", line 53, in wrapped_app
    raise exc
  File "/usr/local/lib/python3.9/site-packages/starlette/_exception_handler.py", line 42, in wrapped_app
    await app(scope, receive, sender)
  File "/usr/local/lib/python3.9/site-packages/starlette/routing.py", line 716, in __call__
    await self.middleware_stack(scope, receive, send)
  File "/usr/local/lib/python3.9/site-packages/starlette/routing.py", line 736, in app
    await route.handle(scope, receive, send)
  File "/usr/local/lib/python3.9/site-packages/starlette/routing.py", line 290, in handle
    await self.app(scope, receive, send)
  File "/usr/local/lib/python3.9/site-packages/starlette/routing.py", line 78, in app
    await wrap_app_handling_exceptions(app, request)(scope, receive, send)
  File "/usr/local/lib/python3.9/site-packages/starlette/_exception_handler.py", line 53, in wrapped_app
    raise exc
  File "/usr/local/lib/python3.9/site-packages/starlette/_exception_handler.py", line 42, in wrapped_app
    await app(scope, receive, sender)
  File "/usr/local/lib/python3.9/site-packages/starlette/routing.py", line 75, in app
    response = await f(request)
  File "/usr/local/lib/python3.9/site-packages/fastapi/routing.py", line 302, in app
    raw_response = await run_endpoint_function(
  File "/usr/local/lib/python3.9/site-packages/fastapi/routing.py", line 213, in run_endpoint_function
    return await dependant.call(**values)
  File "/app/routers/auth.py", line 37, in register
    existing = await get_user_by_email(db, user_in.email)
  File "/app/services/user.py", line 18, in get_user_by_email
    result = await session.execute(stmt)
  File "/usr/local/lib/python3.9/site-packages/sqlalchemy/ext/asyncio/session.py", line 463, in execute
    result = await greenlet_spawn(
  File "/usr/local/lib/python3.9/site-packages/sqlalchemy/util/_concurrency_py3k.py", line 201, in greenlet_spawn
    result = context.throw(*sys.exc_info())
  File "/usr/local/lib/python3.9/site-packages/sqlalchemy/orm/session.py", line 2365, in execute
    return self._execute_internal(
  File "/usr/local/lib/python3.9/site-packages/sqlalchemy/orm/session.py", line 2251, in _execute_internal
    result: Result[Any] = compile_state_cls.orm_execute_statement(
  File "/usr/local/lib/python3.9/site-packages/sqlalchemy/orm/context.py", line 306, in orm_execute_statement
    result = conn.execute(
  File "/usr/local/lib/python3.9/site-packages/sqlalchemy/engine/base.py", line 1415, in execute
    return meth(
  File "/usr/local/lib/python3.9/site-packages/sqlalchemy/sql/elements.py", line 523, in _execute_on_connection
    return connection._execute_clauseelement(
  File "/usr/local/lib/python3.9/site-packages/sqlalchemy/engine/base.py", line 1637, in _execute_clauseelement
    ret = self._execute_context(
  File "/usr/local/lib/python3.9/site-packages/sqlalchemy/engine/base.py", line 1842, in _execute_context
    return self._exec_single_context(
  File "/usr/local/lib/python3.9/site-packages/sqlalchemy/engine/base.py", line 1982, in _exec_single_context
    self._handle_dbapi_exception(
  File "/usr/local/lib/python3.9/site-packages/sqlalchemy/engine/base.py", line 2351, in _handle_dbapi_exception
    raise sqlalchemy_exception.with_traceback(exc_info[2]) from e
  File "/usr/local/lib/python3.9/site-packages/sqlalchemy/engine/base.py", line 1963, in _exec_single_context
    self.dialect.do_execute(
  File "/usr/local/lib/python3.9/site-packages/sqlalchemy/engine/default.py", line 943, in do_execute
    cursor.execute(statement, parameters)
  File "/usr/local/lib/python3.9/site-packages/sqlalchemy/dialects/postgresql/asyncpg.py", line 580, in execute
    self._adapt_connection.await_(
  File "/usr/local/lib/python3.9/site-packages/sqlalchemy/util/_concurrency_py3k.py", line 132, in await_only
    return current.parent.switch(awaitable)  # type: ignore[no-any-return,attr-defined] # noqa: E501
  File "/usr/local/lib/python3.9/site-packages/sqlalchemy/util/_concurrency_py3k.py", line 196, in greenlet_spawn
    value = await result
  File "/usr/local/lib/python3.9/site-packages/sqlalchemy/dialects/postgresql/asyncpg.py", line 558, in _prepare_and_execute
    self._handle_exception(error)
  File "/usr/local/lib/python3.9/site-packages/sqlalchemy/dialects/postgresql/asyncpg.py", line 508, in _handle_exception
    self._adapt_connection._handle_exception(error)
  File "/usr/local/lib/python3.9/site-packages/sqlalchemy/dialects/postgresql/asyncpg.py", line 792, in _handle_exception
    raise translated_error from error
sqlalchemy.exc.ProgrammingError: (sqlalchemy.dialects.postgresql.asyncpg.ProgrammingError) <class 'asyncpg.exceptions.UndefinedTableError'>: relation "users" does not exist
[SQL: SELECT users.id, users.email, users.name, users.phone, users.hashed_password, users.is_superuser 
FROM users 
WHERE users.email = $1::VARCHAR]
[parameters: ('user@example.com',)]
(Background on this error at: https://sqlalche.me/e/20/f405)
[2025-08-21 15:49:06,127] [ERROR] [app] - Глобальная ошибка на POST /auth/register: (sqlalchemy.dialects.postgresql.asyncpg.ProgrammingError) <class 'asyncpg.exceptions.UndefinedTableError'>: relation "users" does not exist
[SQL: SELECT users.id, users.email, users.name, users.phone, users.hashed_password, users.is_superuser 
FROM users 
WHERE users.email = $1::VARCHAR]
[parameters: ('user@example.com',)]
(Background on this error at: https://sqlalche.me/e/20/f405)
Traceback (most recent call last):
  File "/usr/local/lib/python3.9/site-packages/sqlalchemy/dialects/postgresql/asyncpg.py", line 521, in _prepare_and_execute
    prepared_stmt, attributes = await adapt_connection._prepare(
  File "/usr/local/lib/python3.9/site-packages/sqlalchemy/dialects/postgresql/asyncpg.py", line 768, in _prepare
    prepared_stmt = await self._connection.prepare(
  File "/usr/local/lib/python3.9/site-packages/asyncpg/connection.py", line 635, in prepare
    return await self._prepare(
  File "/usr/local/lib/python3.9/site-packages/asyncpg/connection.py", line 653, in _prepare
    stmt = await self._get_statement(
  File "/usr/local/lib/python3.9/site-packages/asyncpg/connection.py", line 432, in _get_statement
    statement = await self._protocol.prepare(
  File "asyncpg/protocol/protocol.pyx", line 165, in prepare
asyncpg.exceptions.UndefinedTableError: relation "users" does not exist

The above exception was the direct cause of the following exception:

Traceback (most recent call last):
  File "/usr/local/lib/python3.9/site-packages/sqlalchemy/engine/base.py", line 1963, in _exec_single_context
    self.dialect.do_execute(
  File "/usr/local/lib/python3.9/site-packages/sqlalchemy/engine/default.py", line 943, in do_execute
    cursor.execute(statement, parameters)
  File "/usr/local/lib/python3.9/site-packages/sqlalchemy/dialects/postgresql/asyncpg.py", line 580, in execute
    self._adapt_connection.await_(
  File "/usr/local/lib/python3.9/site-packages/sqlalchemy/util/_concurrency_py3k.py", line 132, in await_only
    return current.parent.switch(awaitable)  # type: ignore[no-any-return,attr-defined] # noqa: E501
  File "/usr/local/lib/python3.9/site-packages/sqlalchemy/util/_concurrency_py3k.py", line 196, in greenlet_spawn
    value = await result
  File "/usr/local/lib/python3.9/site-packages/sqlalchemy/dialects/postgresql/asyncpg.py", line 558, in _prepare_and_execute
    self._handle_exception(error)
  File "/usr/local/lib/python3.9/site-packages/sqlalchemy/dialects/postgresql/asyncpg.py", line 508, in _handle_exception
    self._adapt_connection._handle_exception(error)
  File "/usr/local/lib/python3.9/site-packages/sqlalchemy/dialects/postgresql/asyncpg.py", line 792, in _handle_exception
    raise translated_error from error
sqlalchemy.dialects.postgresql.asyncpg.AsyncAdapt_asyncpg_dbapi.ProgrammingError: <class 'asyncpg.exceptions.UndefinedTableError'>: relation "users" does not exist

The above exception was the direct cause of the following exception:

Traceback (most recent call last):
  File "/usr/local/lib/python3.9/site-packages/starlette/middleware/errors.py", line 164, in __call__
    await self.app(scope, receive, _send)
  File "/usr/local/lib/python3.9/site-packages/starlette/middleware/base.py", line 187, in __call__
    recv_stream.close()
  File "/usr/local/lib/python3.9/contextlib.py", line 135, in __exit__
    self.gen.throw(type, value, traceback)
  File "/usr/local/lib/python3.9/site-packages/starlette/_utils.py", line 83, in collapse_excgroups
    raise exc
  File "/usr/local/lib/python3.9/site-packages/starlette/middleware/base.py", line 184, in __call__
    response = await self.dispatch_func(request, call_next)
  File "/app/middleware/auth.py", line 35, in dispatch
    response = await call_next(request)
  File "/usr/local/lib/python3.9/site-packages/starlette/middleware/base.py", line 159, in call_next
    raise app_exc
  File "/usr/local/lib/python3.9/site-packages/starlette/middleware/base.py", line 144, in coro
    await self.app(scope, receive_or_disconnect, send_no_error)
  File "/usr/local/lib/python3.9/site-packages/starlette/middleware/exceptions.py", line 63, in __call__
    await wrap_app_handling_exceptions(self.app, conn)(scope, receive, send)
  File "/usr/local/lib/python3.9/site-packages/starlette/_exception_handler.py", line 53, in wrapped_app
    raise exc
  File "/usr/local/lib/python3.9/site-packages/starlette/_exception_handler.py", line 42, in wrapped_app
    await app(scope, receive, sender)
  File "/usr/local/lib/python3.9/site-packages/starlette/routing.py", line 716, in __call__
    await self.middleware_stack(scope, receive, send)
  File "/usr/local/lib/python3.9/site-packages/starlette/routing.py", line 736, in app
    await route.handle(scope, receive, send)
  File "/usr/local/lib/python3.9/site-packages/starlette/routing.py", line 290, in handle
    await self.app(scope, receive, send)
  File "/usr/local/lib/python3.9/site-packages/starlette/routing.py", line 78, in app
    await wrap_app_handling_exceptions(app, request)(scope, receive, send)
  File "/usr/local/lib/python3.9/site-packages/starlette/_exception_handler.py", line 53, in wrapped_app
    raise exc
  File "/usr/local/lib/python3.9/site-packages/starlette/_exception_handler.py", line 42, in wrapped_app
    await app(scope, receive, sender)
  File "/usr/local/lib/python3.9/site-packages/starlette/routing.py", line 75, in app
    response = await f(request)
  File "/usr/local/lib/python3.9/site-packages/fastapi/routing.py", line 302, in app
    raw_response = await run_endpoint_function(
  File "/usr/local/lib/python3.9/site-packages/fastapi/routing.py", line 213, in run_endpoint_function
    return await dependant.call(**values)
  File "/app/routers/auth.py", line 37, in register
    existing = await get_user_by_email(db, user_in.email)
  File "/app/services/user.py", line 18, in get_user_by_email
    result = await session.execute(stmt)
  File "/usr/local/lib/python3.9/site-packages/sqlalchemy/ext/asyncio/session.py", line 463, in execute
    result = await greenlet_spawn(
  File "/usr/local/lib/python3.9/site-packages/sqlalchemy/util/_concurrency_py3k.py", line 201, in greenlet_spawn
    result = context.throw(*sys.exc_info())
  File "/usr/local/lib/python3.9/site-packages/sqlalchemy/orm/session.py", line 2365, in execute
    return self._execute_internal(
  File "/usr/local/lib/python3.9/site-packages/sqlalchemy/orm/session.py", line 2251, in _execute_internal
    result: Result[Any] = compile_state_cls.orm_execute_statement(
  File "/usr/local/lib/python3.9/site-packages/sqlalchemy/orm/context.py", line 306, in orm_execute_statement
    result = conn.execute(
  File "/usr/local/lib/python3.9/site-packages/sqlalchemy/engine/base.py", line 1415, in execute
    return meth(
  File "/usr/local/lib/python3.9/site-packages/sqlalchemy/sql/elements.py", line 523, in _execute_on_connection
    return connection._execute_clauseelement(
  File "/usr/local/lib/python3.9/site-packages/sqlalchemy/engine/base.py", line 1637, in _execute_clauseelement
    ret = self._execute_context(
  File "/usr/local/lib/python3.9/site-packages/sqlalchemy/engine/base.py", line 1842, in _execute_context
    return self._exec_single_context(
  File "/usr/local/lib/python3.9/site-packages/sqlalchemy/engine/base.py", line 1982, in _exec_single_context
    self._handle_dbapi_exception(
  File "/usr/local/lib/python3.9/site-packages/sqlalchemy/engine/base.py", line 2351, in _handle_dbapi_exception
    raise sqlalchemy_exception.with_traceback(exc_info[2]) from e
  File "/usr/local/lib/python3.9/site-packages/sqlalchemy/engine/base.py", line 1963, in _exec_single_context
    self.dialect.do_execute(
  File "/usr/local/lib/python3.9/site-packages/sqlalchemy/engine/default.py", line 943, in do_execute
    cursor.execute(statement, parameters)
  File "/usr/local/lib/python3.9/site-packages/sqlalchemy/dialects/postgresql/asyncpg.py", line 580, in execute
    self._adapt_connection.await_(
  File "/usr/local/lib/python3.9/site-packages/sqlalchemy/util/_concurrency_py3k.py", line 132, in await_only
    return current.parent.switch(awaitable)  # type: ignore[no-any-return,attr-defined] # noqa: E501
  File "/usr/local/lib/python3.9/site-packages/sqlalchemy/util/_concurrency_py3k.py", line 196, in greenlet_spawn
    value = await result
  File "/usr/local/lib/python3.9/site-packages/sqlalchemy/dialects/postgresql/asyncpg.py", line 558, in _prepare_and_execute
    self._handle_exception(error)
  File "/usr/local/lib/python3.9/site-packages/sqlalchemy/dialects/postgresql/asyncpg.py", line 508, in _handle_exception
    self._adapt_connection._handle_exception(error)
  File "/usr/local/lib/python3.9/site-packages/sqlalchemy/dialects/postgresql/asyncpg.py", line 792, in _handle_exception
    raise translated_error from error
sqlalchemy.exc.ProgrammingError: (sqlalchemy.dialects.postgresql.asyncpg.ProgrammingError) <class 'asyncpg.exceptions.UndefinedTableError'>: relation "users" does not exist
[SQL: SELECT users.id, users.email, users.name, users.phone, users.hashed_password, users.is_superuser 
FROM users 
WHERE users.email = $1::VARCHAR]
[parameters: ('user@example.com',)]
(Background on this error at: https://sqlalche.me/e/20/f405)
[2025-08-21 16:36:52,507] [INFO] [app] - Пользователь уже существует: user@example.com
[2025-08-21 16:36:54,980] [INFO] [app] - Пользователь уже существует: user@example.com
[2025-08-21 16:36:55,899] [INFO] [app] - Пользователь уже существует: user@example.com
[2025-08-21 16:42:05,987] [INFO] [app] - Пользователь уже существует: use2r@example.com
[2025-08-21 17:19:55,331] [ERROR] [app] - Глобальная ошибка на POST /auth/register: (sqlalchemy.dialects.postgresql.asyncpg.ProgrammingError) <class 'asyncpg.exceptions.UndefinedTableError'>: relation "users" does not exist
[SQL: SELECT users.id, users.email, users.name, users.phone, users.hashed_password, users.is_superuser 
FROM users 
WHERE users.email = $1::VARCHAR]
[parameters: ('use1343243r@example.com',)]
(Background on this error at: https://sqlalche.me/e/20/f405)
Traceback (most recent call last):
  File "/usr/local/lib/python3.9/site-packages/sqlalchemy/dialects/postgresql/asyncpg.py", line 521, in _prepare_and_execute
    prepared_stmt, attributes = await adapt_connection._prepare(
  File "/usr/local/lib/python3.9/site-packages/sqlalchemy/dialects/postgresql/asyncpg.py", line 768, in _prepare
    prepared_stmt = await self._connection.prepare(
  File "/usr/local/lib/python3.9/site-packages/asyncpg/connection.py", line 635, in prepare
    return await self._prepare(
  File "/usr/local/lib/python3.9/site-packages/asyncpg/connection.py", line 653, in _prepare
    stmt = await self._get_statement(
  File "/usr/local/lib/python3.9/site-packages/asyncpg/connection.py", line 432, in _get_statement
    statement = await self._protocol.prepare(
  File "asyncpg/protocol/protocol.pyx", line 165, in prepare
asyncpg.exceptions.UndefinedTableError: relation "users" does not exist

The above exception was the direct cause of the following exception:

Traceback (most recent call last):
  File "/usr/local/lib/python3.9/site-packages/sqlalchemy/engine/base.py", line 1963, in _exec_single_context
    self.dialect.do_execute(
  File "/usr/local/lib/python3.9/site-packages/sqlalchemy/engine/default.py", line 943, in do_execute
    cursor.execute(statement, parameters)
  File "/usr/local/lib/python3.9/site-packages/sqlalchemy/dialects/postgresql/asyncpg.py", line 580, in execute
    self._adapt_connection.await_(
  File "/usr/local/lib/python3.9/site-packages/sqlalchemy/util/_concurrency_py3k.py", line 132, in await_only
    return current.parent.switch(awaitable)  # type: ignore[no-any-return,attr-defined] # noqa: E501
  File "/usr/local/lib/python3.9/site-packages/sqlalchemy/util/_concurrency_py3k.py", line 196, in greenlet_spawn
    value = await result
  File "/usr/local/lib/python3.9/site-packages/sqlalchemy/dialects/postgresql/asyncpg.py", line 558, in _prepare_and_execute
    self._handle_exception(error)
  File "/usr/local/lib/python3.9/site-packages/sqlalchemy/dialects/postgresql/asyncpg.py", line 508, in _handle_exception
    self._adapt_connection._handle_exception(error)
  File "/usr/local/lib/python3.9/site-packages/sqlalchemy/dialects/postgresql/asyncpg.py", line 792, in _handle_exception
    raise translated_error from error
sqlalchemy.dialects.postgresql.asyncpg.AsyncAdapt_asyncpg_dbapi.ProgrammingError: <class 'asyncpg.exceptions.UndefinedTableError'>: relation "users" does not exist

The above exception was the direct cause of the following exception:

Traceback (most recent call last):
  File "/usr/local/lib/python3.9/site-packages/starlette/middleware/errors.py", line 164, in __call__
    await self.app(scope, receive, _send)
  File "/usr/local/lib/python3.9/site-packages/starlette/middleware/base.py", line 187, in __call__
    recv_stream.close()
  File "/usr/local/lib/python3.9/contextlib.py", line 135, in __exit__
    self.gen.throw(type, value, traceback)
  File "/usr/local/lib/python3.9/site-packages/starlette/_utils.py", line 83, in collapse_excgroups
    raise exc
  File "/usr/local/lib/python3.9/site-packages/starlette/middleware/base.py", line 184, in __call__
    response = await self.dispatch_func(request, call_next)
  File "/app/middleware/auth.py", line 35, in dispatch
    response = await call_next(request)
  File "/usr/local/lib/python3.9/site-packages/starlette/middleware/base.py", line 159, in call_next
    raise app_exc
  File "/usr/local/lib/python3.9/site-packages/starlette/middleware/base.py", line 144, in coro
    await self.app(scope, receive_or_disconnect, send_no_error)
  File "/usr/local/lib/python3.9/site-packages/starlette/middleware/exceptions.py", line 63, in __call__
    await wrap_app_handling_exceptions(self.app, conn)(scope, receive, send)
  File "/usr/local/lib/python3.9/site-packages/starlette/_exception_handler.py", line 53, in wrapped_app
    raise exc
  File "/usr/local/lib/python3.9/site-packages/starlette/_exception_handler.py", line 42, in wrapped_app
    await app(scope, receive, sender)
  File "/usr/local/lib/python3.9/site-packages/starlette/routing.py", line 716, in __call__
    await self.middleware_stack(scope, receive, send)
  File "/usr/local/lib/python3.9/site-packages/starlette/routing.py", line 736, in app
    await route.handle(scope, receive, send)
  File "/usr/local/lib/python3.9/site-packages/starlette/routing.py", line 290, in handle
    await self.app(scope, receive, send)
  File "/usr/local/lib/python3.9/site-packages/starlette/routing.py", line 78, in app
    await wrap_app_handling_exceptions(app, request)(scope, receive, send)
  File "/usr/local/lib/python3.9/site-packages/starlette/_exception_handler.py", line 53, in wrapped_app
    raise exc
  File "/usr/local/lib/python3.9/site-packages/starlette/_exception_handler.py", line 42, in wrapped_app
    await app(scope, receive, sender)
  File "/usr/local/lib/python3.9/site-packages/starlette/routing.py", line 75, in app
    response = await f(request)
  File "/usr/local/lib/python3.9/site-packages/fastapi/routing.py", line 302, in app
    raw_response = await run_endpoint_function(
  File "/usr/local/lib/python3.9/site-packages/fastapi/routing.py", line 213, in run_endpoint_function
    return await dependant.call(**values)
  File "/app/routers/auth.py", line 37, in register
    existing = await get_user_by_email(db, user_in.email)
  File "/app/services/user.py", line 18, in get_user_by_email
    result = await session.execute(stmt)
  File "/usr/local/lib/python3.9/site-packages/sqlalchemy/ext/asyncio/session.py", line 463, in execute
    result = await greenlet_spawn(
  File "/usr/local/lib/python3.9/site-packages/sqlalchemy/util/_concurrency_py3k.py", line 201, in greenlet_spawn
    result = context.throw(*sys.exc_info())
  File "/usr/local/lib/python3.9/site-packages/sqlalchemy/orm/session.py", line 2365, in execute
    return self._execute_internal(
  File "/usr/local/lib/python3.9/site-packages/sqlalchemy/orm/session.py", line 2251, in _execute_internal
    result: Result[Any] = compile_state_cls.orm_execute_statement(
  File "/usr/local/lib/python3.9/site-packages/sqlalchemy/orm/context.py", line 306, in orm_execute_statement
    result = conn.execute(
  File "/usr/local/lib/python3.9/site-packages/sqlalchemy/engine/base.py", line 1415, in execute
    return meth(
  File "/usr/local/lib/python3.9/site-packages/sqlalchemy/sql/elements.py", line 523, in _execute_on_connection
    return connection._execute_clauseelement(
  File "/usr/local/lib/python3.9/site-packages/sqlalchemy/engine/base.py", line 1637, in _execute_clauseelement
    ret = self._execute_context(
  File "/usr/local/lib/python3.9/site-packages/sqlalchemy/engine/base.py", line 1842, in _execute_context
    return self._exec_single_context(
  File "/usr/local/lib/python3.9/site-packages/sqlalchemy/engine/base.py", line 1982, in _exec_single_context
    self._handle_dbapi_exception(
  File "/usr/local/lib/python3.9/site-packages/sqlalchemy/engine/base.py", line 2351, in _handle_dbapi_exception
    raise sqlalchemy_exception.with_traceback(exc_info[2]) from e
  File "/usr/local/lib/python3.9/site-packages/sqlalchemy/engine/base.py", line 1963, in _exec_single_context
    self.dialect.do_execute(
  File "/usr/local/lib/python3.9/site-packages/sqlalchemy/engine/default.py", line 943, in do_execute
    cursor.execute(statement, parameters)
  File "/usr/local/lib/python3.9/site-packages/sqlalchemy/dialects/postgresql/asyncpg.py", line 580, in execute
    self._adapt_connection.await_(
  File "/usr/local/lib/python3.9/site-packages/sqlalchemy/util/_concurrency_py3k.py", line 132, in await_only
    return current.parent.switch(awaitable)  # type: ignore[no-any-return,attr-defined] # noqa: E501
  File "/usr/local/lib/python3.9/site-packages/sqlalchemy/util/_concurrency_py3k.py", line 196, in greenlet_spawn
    value = await result
  File "/usr/local/lib/python3.9/site-packages/sqlalchemy/dialects/postgresql/asyncpg.py", line 558, in _prepare_and_execute
    self._handle_exception(error)
  File "/usr/local/lib/python3.9/site-packages/sqlalchemy/dialects/postgresql/asyncpg.py", line 508, in _handle_exception
    self._adapt_connection._handle_exception(error)
  File "/usr/local/lib/python3.9/site-packages/sqlalchemy/dialects/postgresql/asyncpg.py", line 792, in _handle_exception
    raise translated_error from error
sqlalchemy.exc.ProgrammingError: (sqlalchemy.dialects.postgresql.asyncpg.ProgrammingError) <class 'asyncpg.exceptions.UndefinedTableError'>: relation "users" does not exist
[SQL: SELECT users.id, users.email, users.name, users.phone, users.hashed_password, users.is_superuser 
FROM users 
WHERE users.email = $1::VARCHAR]
[parameters: ('use1343243r@example.com',)]
(Background on this error at: https://sqlalche.me/e/20/f405)
[2025-08-21 17:19:58,393] [ERROR] [app] - Глобальная ошибка на POST /auth/register: (sqlalchemy.dialects.postgresql.asyncpg.ProgrammingError) <class 'asyncpg.exceptions.UndefinedTableError'>: relation "users" does not exist
[SQL: SELECT users.id, users.email, users.name, users.phone, users.hashed_password, users.is_superuser 
FROM users 
WHERE users.email = $1::VARCHAR]
[parameters: ('use1343243r@example.com',)]
(Background on this error at: https://sqlalche.me/e/20/f405)
Traceback (most recent call last):
  File "/usr/local/lib/python3.9/site-packages/sqlalchemy/dialects/postgresql/asyncpg.py", line 521, in _prepare_and_execute
    prepared_stmt, attributes = await adapt_connection._prepare(
  File "/usr/local/lib/python3.9/site-packages/sqlalchemy/dialects/postgresql/asyncpg.py", line 768, in _prepare
    prepared_stmt = await self._connection.prepare(
  File "/usr/local/lib/python3.9/site-packages/asyncpg/connection.py", line 635, in prepare
    return await self._prepare(
  File "/usr/local/lib/python3.9/site-packages/asyncpg/connection.py", line 653, in _prepare
    stmt = await self._get_statement(
  File "/usr/local/lib/python3.9/site-packages/asyncpg/connection.py", line 432, in _get_statement
    statement = await self._protocol.prepare(
  File "asyncpg/protocol/protocol.pyx", line 165, in prepare
asyncpg.exceptions.UndefinedTableError: relation "users" does not exist

The above exception was the direct cause of the following exception:

Traceback (most recent call last):
  File "/usr/local/lib/python3.9/site-packages/sqlalchemy/engine/base.py", line 1963, in _exec_single_context
    self.dialect.do_execute(
  File "/usr/local/lib/python3.9/site-packages/sqlalchemy/engine/default.py", line 943, in do_execute
    cursor.execute(statement, parameters)
  File "/usr/local/lib/python3.9/site-packages/sqlalchemy/dialects/postgresql/asyncpg.py", line 580, in execute
    self._adapt_connection.await_(
  File "/usr/local/lib/python3.9/site-packages/sqlalchemy/util/_concurrency_py3k.py", line 132, in await_only
    return current.parent.switch(awaitable)  # type: ignore[no-any-return,attr-defined] # noqa: E501
  File "/usr/local/lib/python3.9/site-packages/sqlalchemy/util/_concurrency_py3k.py", line 196, in greenlet_spawn
    value = await result
  File "/usr/local/lib/python3.9/site-packages/sqlalchemy/dialects/postgresql/asyncpg.py", line 558, in _prepare_and_execute
    self._handle_exception(error)
  File "/usr/local/lib/python3.9/site-packages/sqlalchemy/dialects/postgresql/asyncpg.py", line 508, in _handle_exception
    self._adapt_connection._handle_exception(error)
  File "/usr/local/lib/python3.9/site-packages/sqlalchemy/dialects/postgresql/asyncpg.py", line 792, in _handle_exception
    raise translated_error from error
sqlalchemy.dialects.postgresql.asyncpg.AsyncAdapt_asyncpg_dbapi.ProgrammingError: <class 'asyncpg.exceptions.UndefinedTableError'>: relation "users" does not exist

The above exception was the direct cause of the following exception:

Traceback (most recent call last):
  File "/usr/local/lib/python3.9/site-packages/starlette/middleware/errors.py", line 164, in __call__
    await self.app(scope, receive, _send)
  File "/usr/local/lib/python3.9/site-packages/starlette/middleware/base.py", line 187, in __call__
    recv_stream.close()
  File "/usr/local/lib/python3.9/contextlib.py", line 135, in __exit__
    self.gen.throw(type, value, traceback)
  File "/usr/local/lib/python3.9/site-packages/starlette/_utils.py", line 83, in collapse_excgroups
    raise exc
  File "/usr/local/lib/python3.9/site-packages/starlette/middleware/base.py", line 184, in __call__
    response = await self.dispatch_func(request, call_next)
  File "/app/middleware/auth.py", line 35, in dispatch
    response = await call_next(request)
  File "/usr/local/lib/python3.9/site-packages/starlette/middleware/base.py", line 159, in call_next
    raise app_exc
  File "/usr/local/lib/python3.9/site-packages/starlette/middleware/base.py", line 144, in coro
    await self.app(scope, receive_or_disconnect, send_no_error)
  File "/usr/local/lib/python3.9/site-packages/starlette/middleware/exceptions.py", line 63, in __call__
    await wrap_app_handling_exceptions(self.app, conn)(scope, receive, send)
  File "/usr/local/lib/python3.9/site-packages/starlette/_exception_handler.py", line 53, in wrapped_app
    raise exc
  File "/usr/local/lib/python3.9/site-packages/starlette/_exception_handler.py", line 42, in wrapped_app
    await app(scope, receive, sender)
  File "/usr/local/lib/python3.9/site-packages/starlette/routing.py", line 716, in __call__
    await self.middleware_stack(scope, receive, send)
  File "/usr/local/lib/python3.9/site-packages/starlette/routing.py", line 736, in app
    await route.handle(scope, receive, send)
  File "/usr/local/lib/python3.9/site-packages/starlette/routing.py", line 290, in handle
    await self.app(scope, receive, send)
  File "/usr/local/lib/python3.9/site-packages/starlette/routing.py", line 78, in app
    await wrap_app_handling_exceptions(app, request)(scope, receive, send)
  File "/usr/local/lib/python3.9/site-packages/starlette/_exception_handler.py", line 53, in wrapped_app
    raise exc
  File "/usr/local/lib/python3.9/site-packages/starlette/_exception_handler.py", line 42, in wrapped_app
    await app(scope, receive, sender)
  File "/usr/local/lib/python3.9/site-packages/starlette/routing.py", line 75, in app
    response = await f(request)
  File "/usr/local/lib/python3.9/site-packages/fastapi/routing.py", line 302, in app
    raw_response = await run_endpoint_function(
  File "/usr/local/lib/python3.9/site-packages/fastapi/routing.py", line 213, in run_endpoint_function
    return await dependant.call(**values)
  File "/app/routers/auth.py", line 37, in register
    existing = await get_user_by_email(db, user_in.email)
  File "/app/services/user.py", line 18, in get_user_by_email
    result = await session.execute(stmt)
  File "/usr/local/lib/python3.9/site-packages/sqlalchemy/ext/asyncio/session.py", line 463, in execute
    result = await greenlet_spawn(
  File "/usr/local/lib/python3.9/site-packages/sqlalchemy/util/_concurrency_py3k.py", line 201, in greenlet_spawn
    result = context.throw(*sys.exc_info())
  File "/usr/local/lib/python3.9/site-packages/sqlalchemy/orm/session.py", line 2365, in execute
    return self._execute_internal(
  File "/usr/local/lib/python3.9/site-packages/sqlalchemy/orm/session.py", line 2251, in _execute_internal
    result: Result[Any] = compile_state_cls.orm_execute_statement(
  File "/usr/local/lib/python3.9/site-packages/sqlalchemy/orm/context.py", line 306, in orm_execute_statement
    result = conn.execute(
  File "/usr/local/lib/python3.9/site-packages/sqlalchemy/engine/base.py", line 1415, in execute
    return meth(
  File "/usr/local/lib/python3.9/site-packages/sqlalchemy/sql/elements.py", line 523, in _execute_on_connection
    return connection._execute_clauseelement(
  File "/usr/local/lib/python3.9/site-packages/sqlalchemy/engine/base.py", line 1637, in _execute_clauseelement
    ret = self._execute_context(
  File "/usr/local/lib/python3.9/site-packages/sqlalchemy/engine/base.py", line 1842, in _execute_context
    return self._exec_single_context(
  File "/usr/local/lib/python3.9/site-packages/sqlalchemy/engine/base.py", line 1982, in _exec_single_context
    self._handle_dbapi_exception(
  File "/usr/local/lib/python3.9/site-packages/sqlalchemy/engine/base.py", line 2351, in _handle_dbapi_exception
    raise sqlalchemy_exception.with_traceback(exc_info[2]) from e
  File "/usr/local/lib/python3.9/site-packages/sqlalchemy/engine/base.py", line 1963, in _exec_single_context
    self.dialect.do_execute(
  File "/usr/local/lib/python3.9/site-packages/sqlalchemy/engine/default.py", line 943, in do_execute
    cursor.execute(statement, parameters)
  File "/usr/local/lib/python3.9/site-packages/sqlalchemy/dialects/postgresql/asyncpg.py", line 580, in execute
    self._adapt_connection.await_(
  File "/usr/local/lib/python3.9/site-packages/sqlalchemy/util/_concurrency_py3k.py", line 132, in await_only
    return current.parent.switch(awaitable)  # type: ignore[no-any-return,attr-defined] # noqa: E501
  File "/usr/local/lib/python3.9/site-packages/sqlalchemy/util/_concurrency_py3k.py", line 196, in greenlet_spawn
    value = await result
  File "/usr/local/lib/python3.9/site-packages/sqlalchemy/dialects/postgresql/asyncpg.py", line 558, in _prepare_and_execute
    self._handle_exception(error)
  File "/usr/local/lib/python3.9/site-packages/sqlalchemy/dialects/postgresql/asyncpg.py", line 508, in _handle_exception
    self._adapt_connection._handle_exception(error)
  File "/usr/local/lib/python3.9/site-packages/sqlalchemy/dialects/postgresql/asyncpg.py", line 792, in _handle_exception
    raise translated_error from error
sqlalchemy.exc.ProgrammingError: (sqlalchemy.dialects.postgresql.asyncpg.ProgrammingError) <class 'asyncpg.exceptions.UndefinedTableError'>: relation "users" does not exist
[SQL: SELECT users.id, users.email, users.name, users.phone, users.hashed_password, users.is_superuser 
FROM users 
WHERE users.email = $1::VARCHAR]
[parameters: ('use1343243r@example.com',)]
(Background on this error at: https://sqlalche.me/e/20/f405)
[2025-08-22 09:18:57,127] [INFO] [app] - Пользователь уже существует: use13432433r@example.com
[2025-08-22 11:22:23,147] [INFO] [app] - Пользователь уже существует: user@example.com
[2025-08-22 11:41:34,845] [DEBUG] [app] - Middleware token (preview): eyJhb...aqAKU
[2025-08-22 11:41:34,846] [DEBUG] [app] - Decoded user_id from token: 1
[2025-08-22 11:41:34,857] [INFO] [app] - Создана категория: Update Category b2b94e (id=1)
[2025-08-22 11:41:34,859] [DEBUG] [app] - Middleware token (preview): eyJhb...aqAKU
[2025-08-22 11:41:34,860] [DEBUG] [app] - Decoded user_id from token: 1
[2025-08-22 11:41:34,869] [DEBUG] [app] - Authenticated user: id=1, email=user_731009@example.com
[2025-08-22 11:41:34,870] [INFO] [app] - Создание блога пользователем 1
[2025-08-22 11:41:36,695] [DEBUG] [app] - Middleware token (preview): eyJhb...aqAKU
[2025-08-22 11:41:36,696] [DEBUG] [app] - Decoded user_id from token: 1
[2025-08-22 11:41:36,710] [INFO] [app] - Получено 1 блогов)
[2025-08-22 11:41:36,747] [DEBUG] [app] - No user_id in request.state
[2025-08-22 11:41:37,327] [DEBUG] [app] - Middleware token (preview): eyJhb...2n0M4
[2025-08-22 11:41:37,328] [DEBUG] [app] - Decoded user_id from token: 1
[2025-08-22 11:41:37,338] [INFO] [app] - Создана категория: Cat 85b1 (id=1)
[2025-08-22 11:41:37,341] [DEBUG] [app] - Middleware token (preview): eyJhb...2n0M4
[2025-08-22 11:41:37,342] [DEBUG] [app] - Decoded user_id from token: 1
[2025-08-22 11:41:37,351] [DEBUG] [app] - Authenticated user: id=1, email=user_157761@example.com
[2025-08-22 11:41:37,352] [INFO] [app] - Создание блога пользователем 1
[2025-08-22 11:41:37,629] [DEBUG] [app] - Middleware token (preview): eyJhb...2n0M4
[2025-08-22 11:41:37,629] [DEBUG] [app] - Decoded user_id from token: 1
[2025-08-22 11:41:37,638] [DEBUG] [app] - Authenticated user: id=1, email=user_157761@example.com
[2025-08-22 11:41:38,033] [INFO] [app] - Обновление блога пользователем 1
[2025-08-22 11:41:38,641] [DEBUG] [app] - Middleware token (preview): eyJhb...8EuNs
[2025-08-22 11:41:38,641] [DEBUG] [app] - Decoded user_id from token: 1
[2025-08-22 11:41:38,650] [INFO] [app] - Создана категория: Cat 349b (id=1)
[2025-08-22 11:41:38,653] [DEBUG] [app] - Middleware token (preview): eyJhb...8EuNs
[2025-08-22 11:41:38,653] [DEBUG] [app] - Decoded user_id from token: 1
[2025-08-22 11:41:38,663] [DEBUG] [app] - Authenticated user: id=1, email=user_850279@example.com
[2025-08-22 11:41:38,663] [INFO] [app] - Создание блога пользователем 1
[2025-08-22 11:41:38,854] [DEBUG] [app] - Middleware token (preview): eyJhb...8EuNs
[2025-08-22 11:41:38,855] [DEBUG] [app] - Decoded user_id from token: 1
[2025-08-22 11:41:38,858] [DEBUG] [app] - Authenticated user: id=1, email=user_850279@example.com
[2025-08-22 11:41:38,858] [INFO] [app] - Удаление блога пользователем 1
[2025-08-22 11:41:38,864] [DEBUG] [app] - Middleware token (preview): eyJhb...8EuNs
[2025-08-22 11:41:38,864] [DEBUG] [app] - Decoded user_id from token: 1
[2025-08-22 11:41:38,868] [INFO] [app] - Получено 0 блогов)
[2025-08-22 11:41:38,901] [DEBUG] [app] - No user_id in request.state
[2025-08-22 11:41:38,937] [INFO] [app] - Создана категория: test_category (id=1)
[2025-08-22 11:41:38,941] [INFO] [app] - Получено 1 категорий
